timestamp,value,classification,date,datetime_utc,year,month,month_name,quarter,sentiment,rolling_7d,rolling_30d,momentum,sentiment_change,streak,next_sentiment
1517463000,30,Fear,2018-02-01,2018-02-01 05:30:00+00:00,2018,2,Feb,2018Q1,Fear,,,,1,1,Fear
1517549400,15,Extreme Fear,2018-02-02,2018-02-02 05:30:00+00:00,2018,2,Feb,2018Q1,Fear,,,,1,2,Fear
1517635800,40,Fear,2018-02-03,2018-02-03 05:30:00+00:00,2018,2,Feb,2018Q1,Fear,28.333333333333332,,11.666666666666668,1,3,Fear
1517722200,24,Extreme Fear,2018-02-04,2018-02-04 05:30:00+00:00,2018,2,Feb,2018Q1,Fear,27.25,,-3.25,1,4,Fear
1517808600,11,Extreme Fear,2018-02-05,2018-02-05 05:30:00+00:00,2018,2,Feb,2018Q1,Fear,24.0,,-13.0,1,5,Fear
1517895000,8,Extreme Fear,2018-02-06,2018-02-06 05:30:00+00:00,2018,2,Feb,2018Q1,Fear,21.333333333333332,,-13.333333333333332,1,6,Fear
1517981400,36,Fear,2018-02-07,2018-02-07 05:30:00+00:00,2018,2,Feb,2018Q1,Fear,23.428571428571427,23.428571428571427,12.571428571428573,1,7,Fear
1518067800,30,Fear,2018-02-08,2018-02-08 05:30:00+00:00,2018,2,Feb,2018Q1,Fear,23.428571428571427,24.25,6.571428571428573,1,8,Fear
1518154200,44,Fear,2018-02-09,2018-02-09 05:30:00+00:00,2018,2,Feb,2018Q1,Fear,27.571428571428573,26.444444444444443,16.428571428571427,1,9,Neutral
1518240600,54,Neutral,2018-02-10,2018-02-10 05:30:00+00:00,2018,2,Feb,2018Q1,Neutral,29.571428571428573,29.2,24.428571428571427,2,1,Fear
1518327000,31,Fear,2018-02-11,2018-02-11 05:30:00+00:00,2018,2,Feb,2018Q1,Fear,30.571428571428573,29.363636363636363,0.42857142857142705,3,1,Fear
1518413400,42,Fear,2018-02-12,2018-02-12 05:30:00+00:00,2018,2,Feb,2018Q1,Fear,35.0,30.416666666666668,7.0,3,2,Fear
1518499800,35,Fear,2018-02-13,2018-02-13 05:30:00+00:00,2018,2,Feb,2018Q1,Fear,38.857142857142854,30.76923076923077,-3.857142857142854,3,3,Greed
1518586200,55,Greed,2018-02-14,2018-02-14 05:30:00+00:00,2018,2,Feb,2018Q1,Greed,41.57142857142857,32.5,13.42857142857143,4,1,Greed
1518672600,71,Greed,2018-02-15,2018-02-15 05:30:00+00:00,2018,2,Feb,2018Q1,Greed,47.42857142857143,35.06666666666667,23.57142857142857,4,2,Greed
1518759000,67,Greed,2018-02-16,2018-02-16 05:30:00+00:00,2018,2,Feb,2018Q1,Greed,50.714285714285715,37.0625,16.285714285714285,4,3,Greed
1518845400,74,Greed,2018-02-17,2018-02-17 05:30:00+00:00,2018,2,Feb,2018Q1,Greed,53.57142857142857,39.23529411764706,20.42857142857143,4,4,Greed
1518931800,63,Greed,2018-02-18,2018-02-18 05:30:00+00:00,2018,2,Feb,2018Q1,Greed,58.142857142857146,40.55555555555556,4.857142857142854,4,5,Greed
1519018200,67,Greed,2018-02-19,2018-02-19 05:30:00+00:00,2018,2,Feb,2018Q1,Greed,61.714285714285715,41.94736842105263,5.285714285714285,4,6,Greed
1519104600,74,Greed,2018-02-20,2018-02-20 05:30:00+00:00,2018,2,Feb,2018Q1,Greed,67.28571428571429,43.55,6.714285714285708,4,7,Neutral
1519191000,54,Neutral,2018-02-21,2018-02-21 05:30:00+00:00,2018,2,Feb,2018Q1,Neutral,67.14285714285714,44.04761904761905,-13.142857142857139,5,1,Fear
1519277400,44,Fear,2018-02-22,2018-02-22 05:30:00+00:00,2018,2,Feb,2018Q1,Fear,63.285714285714285,44.04545454545455,-19.285714285714285,6,1,Fear
1519363800,39,Fear,2018-02-23,2018-02-23 05:30:00+00:00,2018,2,Feb,2018Q1,Fear,59.285714285714285,43.82608695652174,-20.285714285714285,6,2,Fear
1519450200,31,Fear,2018-02-24,2018-02-24 05:30:00+00:00,2018,2,Feb,2018Q1,Fear,53.142857142857146,43.291666666666664,-22.142857142857146,6,3,Fear
1519536600,33,Fear,2018-02-25,2018-02-25 05:30:00+00:00,2018,2,Feb,2018Q1,Fear,48.857142857142854,42.88,-15.857142857142854,6,4,Fear
1519623000,37,Fear,2018-02-26,2018-02-26 05:30:00+00:00,2018,2,Feb,2018Q1,Fear,44.57142857142857,42.65384615384615,-7.571428571428569,6,5,Fear
1519709400,44,Fear,2018-02-27,2018-02-27 05:30:00+00:00,2018,2,Feb,2018Q1,Fear,40.285714285714285,42.7037037037037,3.7142857142857153,6,6,Fear
1519795800,41,Fear,2018-02-28,2018-02-28 05:30:00+00:00,2018,2,Feb,2018Q1,Fear,38.42857142857143,42.642857142857146,2.5714285714285694,6,7,Fear
1519882200,38,Fear,2018-03-01,2018-03-01 05:30:00+00:00,2018,3,Mar,2018Q1,Fear,37.57142857142857,42.48275862068966,0.4285714285714306,6,8,Neutral
1519968600,47,Neutral,2018-03-02,2018-03-02 05:30:00+00:00,2018,3,Mar,2018Q1,Neutral,38.714285714285715,42.63333333333333,8.285714285714285,7,1,Greed
1520055000,56,Greed,2018-03-03,2018-03-03 05:30:00+00:00,2018,3,Mar,2018Q1,Greed,42.285714285714285,43.5,13.714285714285715,8,1,Fear
1520141400,44,Fear,2018-03-04,2018-03-04 05:30:00+00:00,2018,3,Mar,2018Q1,Fear,43.857142857142854,44.46666666666667,0.1428571428571459,9,1,Greed
1520227800,55,Greed,2018-03-05,2018-03-05 05:30:00+00:00,2018,3,Mar,2018Q1,Greed,46.42857142857143,44.96666666666667,8.57142857142857,10,1,Greed
1520314200,59,Greed,2018-03-06,2018-03-06 05:30:00+00:00,2018,3,Mar,2018Q1,Greed,48.57142857142857,46.13333333333333,10.42857142857143,10,2,Fear
1520400600,37,Fear,2018-03-07,2018-03-07 05:30:00+00:00,2018,3,Mar,2018Q1,Fear,48.0,47.0,-11.0,11,1,Fear
1520487000,39,Fear,2018-03-08,2018-03-08 05:30:00+00:00,2018,3,Mar,2018Q1,Fear,48.142857142857146,48.03333333333333,-9.142857142857146,11,2,Fear
1520573400,37,Fear,2018-03-09,2018-03-09 05:30:00+00:00,2018,3,Mar,2018Q1,Fear,46.714285714285715,48.06666666666667,-9.714285714285715,11,3,Fear
1520659800,39,Fear,2018-03-10,2018-03-10 05:30:00+00:00,2018,3,Mar,2018Q1,Fear,44.285714285714285,48.36666666666667,-5.285714285714285,11,4,Fear
1520746200,40,Fear,2018-03-11,2018-03-11 05:30:00+00:00,2018,3,Mar,2018Q1,Fear,43.714285714285715,48.233333333333334,-3.7142857142857153,11,5,Fear
1520832600,41,Fear,2018-03-12,2018-03-12 05:30:00+00:00,2018,3,Mar,2018Q1,Fear,41.714285714285715,47.8,-0.7142857142857153,11,6,Fear
1520919000,41,Fear,2018-03-13,2018-03-13 05:30:00+00:00,2018,3,Mar,2018Q1,Fear,39.142857142857146,48.13333333333333,1.857142857142854,11,7,Fear
1521005400,40,Fear,2018-03-14,2018-03-14 05:30:00+00:00,2018,3,Mar,2018Q1,Fear,39.57142857142857,48.06666666666667,0.4285714285714306,11,8,Fear
1521091800,32,Fear,2018-03-15,2018-03-15 05:30:00+00:00,2018,3,Mar,2018Q1,Fear,38.57142857142857,47.96666666666667,-6.571428571428569,11,9,Fear
1521178200,33,Fear,2018-03-16,2018-03-16 05:30:00+00:00,2018,3,Mar,2018Q1,Fear,38.0,47.233333333333334,-5.0,11,10,Fear
1521264600,31,Fear,2018-03-17,2018-03-17 05:30:00+00:00,2018,3,Mar,2018Q1,Fear,36.857142857142854,45.9,-5.857142857142854,11,11,Fear
1521351000,29,Fear,2018-03-18,2018-03-18 05:30:00+00:00,2018,3,Mar,2018Q1,Fear,35.285714285714285,44.63333333333333,-6.285714285714285,11,12,Fear
1521437400,29,Fear,2018-03-19,2018-03-19 05:30:00+00:00,2018,3,Mar,2018Q1,Fear,33.57142857142857,43.13333333333333,-4.571428571428569,11,13,Fear
1521523800,37,Fear,2018-03-20,2018-03-20 05:30:00+00:00,2018,3,Mar,2018Q1,Fear,33.0,42.266666666666666,4.0,11,14,Fear
1521610200,36,Fear,2018-03-21,2018-03-21 05:30:00+00:00,2018,3,Mar,2018Q1,Fear,32.42857142857143,41.233333333333334,3.5714285714285694,11,15,Fear
1521696600,36,Fear,2018-03-22,2018-03-22 05:30:00+00:00,2018,3,Mar,2018Q1,Fear,33.0,39.96666666666667,3.0,11,16,Fear
1521783000,28,Fear,2018-03-23,2018-03-23 05:30:00+00:00,2018,3,Mar,2018Q1,Fear,32.285714285714285,39.1,-4.285714285714285,11,17,Fear
1521869400,32,Fear,2018-03-24,2018-03-24 05:30:00+00:00,2018,3,Mar,2018Q1,Fear,32.42857142857143,38.7,-0.4285714285714306,11,18,Fear
1521955800,30,Fear,2018-03-25,2018-03-25 05:30:00+00:00,2018,3,Mar,2018Q1,Fear,32.57142857142857,38.4,-2.5714285714285694,11,19,Fear
1522042200,31,Fear,2018-03-26,2018-03-26 05:30:00+00:00,2018,3,Mar,2018Q1,Fear,32.857142857142854,38.4,-1.857142857142854,11,20,Fear
1522128600,24,Extreme Fear,2018-03-27,2018-03-27 05:30:00+00:00,2018,3,Mar,2018Q1,Fear,31.0,38.1,-7.0,11,21,Fear
1522215000,24,Extreme Fear,2018-03-28,2018-03-28 05:30:00+00:00,2018,3,Mar,2018Q1,Fear,29.285714285714285,37.666666666666664,-5.285714285714285,11,22,Fear
1522301400,18,Extreme Fear,2018-03-29,2018-03-29 05:30:00+00:00,2018,3,Mar,2018Q1,Fear,26.714285714285715,36.8,-8.714285714285715,11,23,Fear
1522387800,12,Extreme Fear,2018-03-30,2018-03-30 05:30:00+00:00,2018,3,Mar,2018Q1,Fear,24.428571428571427,35.833333333333336,-12.428571428571427,11,24,Fear
1522474200,16,Extreme Fear,2018-03-31,2018-03-31 05:30:00+00:00,2018,3,Mar,2018Q1,Fear,22.142857142857142,35.1,-6.142857142857142,11,25,Fear
1522560600,16,Extreme Fear,2018-04-01,2018-04-01 05:30:00+00:00,2018,4,Apr,2018Q2,Fear,20.142857142857142,34.06666666666667,-4.142857142857142,11,26,Fear
1522647000,11,Extreme Fear,2018-04-02,2018-04-02 05:30:00+00:00,2018,4,Apr,2018Q2,Fear,17.285714285714285,32.56666666666667,-6.285714285714285,11,27,Fear
1522733400,22,Extreme Fear,2018-04-03,2018-04-03 05:30:00+00:00,2018,4,Apr,2018Q2,Fear,17.0,31.833333333333332,5.0,11,28,Fear
1522819800,22,Extreme Fear,2018-04-04,2018-04-04 05:30:00+00:00,2018,4,Apr,2018Q2,Fear,16.714285714285715,30.733333333333334,5.285714285714285,11,29,Fear
1522906200,17,Extreme Fear,2018-04-05,2018-04-05 05:30:00+00:00,2018,4,Apr,2018Q2,Fear,16.571428571428573,29.333333333333332,0.42857142857142705,11,30,Fear
1522992600,19,Extreme Fear,2018-04-06,2018-04-06 05:30:00+00:00,2018,4,Apr,2018Q2,Fear,17.571428571428573,28.733333333333334,1.428571428571427,11,31,Fear
1523079000,20,Extreme Fear,2018-04-07,2018-04-07 05:30:00+00:00,2018,4,Apr,2018Q2,Fear,18.142857142857142,28.1,1.8571428571428577,11,32,Fear
1523165400,17,Extreme Fear,2018-04-08,2018-04-08 05:30:00+00:00,2018,4,Apr,2018Q2,Fear,18.285714285714285,27.433333333333334,-1.2857142857142847,11,33,Fear
1523251800,21,Extreme Fear,2018-04-09,2018-04-09 05:30:00+00:00,2018,4,Apr,2018Q2,Fear,19.714285714285715,26.833333333333332,1.2857142857142847,11,34,Fear
1523338200,18,Extreme Fear,2018-04-10,2018-04-10 05:30:00+00:00,2018,4,Apr,2018Q2,Fear,19.142857142857142,26.1,-1.1428571428571423,11,35,Fear
1523424600,20,Extreme Fear,2018-04-11,2018-04-11 05:30:00+00:00,2018,4,Apr,2018Q2,Fear,18.857142857142858,25.4,1.1428571428571423,11,36,Fear
1523511000,18,Extreme Fear,2018-04-12,2018-04-12 05:30:00+00:00,2018,4,Apr,2018Q2,Fear,19.0,24.633333333333333,-1.0,11,37,Fear
1523597400,23,Extreme Fear,2018-04-13,2018-04-13 05:30:00+00:00,2018,4,Apr,2018Q2,Fear,19.571428571428573,24.066666666666666,3.428571428571427,11,38,Fear
1523943000,26,Fear,2018-04-17,2018-04-17 05:30:00+00:00,2018,4,Apr,2018Q2,Fear,20.428571428571427,23.866666666666667,5.571428571428573,11,39,Fear
1524029400,24,Extreme Fear,2018-04-18,2018-04-18 05:30:00+00:00,2018,4,Apr,2018Q2,Fear,21.428571428571427,23.566666666666666,2.571428571428573,11,40,Fear
1524115800,25,Fear,2018-04-19,2018-04-19 05:30:00+00:00,2018,4,Apr,2018Q2,Fear,22.0,23.366666666666667,3.0,11,41,Fear
1524202200,26,Fear,2018-04-20,2018-04-20 05:30:00+00:00,2018,4,Apr,2018Q2,Fear,23.142857142857142,23.266666666666666,2.8571428571428577,11,42,Fear
1524288600,32,Fear,2018-04-21,2018-04-21 05:30:00+00:00,2018,4,Apr,2018Q2,Fear,24.857142857142858,23.366666666666667,7.142857142857142,11,43,Fear
1524375000,31,Fear,2018-04-22,2018-04-22 05:30:00+00:00,2018,4,Apr,2018Q2,Fear,26.714285714285715,23.166666666666668,4.285714285714285,11,44,Fear
1524461400,28,Fear,2018-04-23,2018-04-23 05:30:00+00:00,2018,4,Apr,2018Q2,Fear,27.428571428571427,22.9,0.571428571428573,11,45,Fear
1524547800,29,Fear,2018-04-24,2018-04-24 05:30:00+00:00,2018,4,Apr,2018Q2,Fear,27.857142857142858,22.666666666666668,1.1428571428571423,11,46,Greed
1524634200,64,Greed,2018-04-25,2018-04-25 05:30:00+00:00,2018,4,Apr,2018Q2,Greed,33.57142857142857,23.866666666666667,30.42857142857143,12,1,Neutral
1524720600,47,Neutral,2018-04-26,2018-04-26 05:30:00+00:00,2018,4,Apr,2018Q2,Neutral,36.714285714285715,24.366666666666667,10.285714285714285,13,1,Greed
1524807000,55,Greed,2018-04-27,2018-04-27 05:30:00+00:00,2018,4,Apr,2018Q2,Greed,40.857142857142854,25.2,14.142857142857146,14,1,Neutral
1524893400,54,Neutral,2018-04-28,2018-04-28 05:30:00+00:00,2018,4,Apr,2018Q2,Neutral,44.0,25.966666666666665,10.0,15,1,Greed
1524979800,61,Greed,2018-04-29,2018-04-29 05:30:00+00:00,2018,4,Apr,2018Q2,Greed,48.285714285714285,27.2,12.714285714285715,16,1,Greed
1525066200,59,Greed,2018-04-30,2018-04-30 05:30:00+00:00,2018,4,Apr,2018Q2,Greed,52.714285714285715,28.366666666666667,6.285714285714285,16,2,Greed
1525152600,56,Greed,2018-05-01,2018-05-01 05:30:00+00:00,2018,5,May,2018Q2,Greed,56.57142857142857,29.633333333333333,-0.5714285714285694,16,3,Neutral
1525239000,52,Neutral,2018-05-02,2018-05-02 05:30:00+00:00,2018,5,May,2018Q2,Neutral,54.857142857142854,30.966666666666665,-2.857142857142854,17,1,Greed
1525325400,55,Greed,2018-05-03,2018-05-03 05:30:00+00:00,2018,5,May,2018Q2,Greed,56.0,32.266666666666666,-1.0,18,1,Greed
1525411800,56,Greed,2018-05-04,2018-05-04 05:30:00+00:00,2018,5,May,2018Q2,Greed,56.142857142857146,33.6,-0.1428571428571459,18,2,Greed
1525498200,63,Greed,2018-05-05,2018-05-05 05:30:00+00:00,2018,5,May,2018Q2,Greed,57.42857142857143,35.333333333333336,5.571428571428569,18,3,Greed
1525584600,67,Greed,2018-05-06,2018-05-06 05:30:00+00:00,2018,5,May,2018Q2,Greed,58.285714285714285,36.833333333333336,8.714285714285715,18,4,Greed
1525671000,56,Greed,2018-05-07,2018-05-07 05:30:00+00:00,2018,5,May,2018Q2,Greed,57.857142857142854,37.96666666666667,-1.857142857142854,18,5,Greed
1525757400,62,Greed,2018-05-08,2018-05-08 05:30:00+00:00,2018,5,May,2018Q2,Greed,58.714285714285715,39.46666666666667,3.2857142857142847,18,6,Neutral
1525843800,53,Neutral,2018-05-09,2018-05-09 05:30:00+00:00,2018,5,May,2018Q2,Neutral,58.857142857142854,40.6,-5.857142857142854,19,1,Greed
1525930200,63,Greed,2018-05-10,2018-05-10 05:30:00+00:00,2018,5,May,2018Q2,Greed,60.0,42.03333333333333,3.0,20,1,Fear
1526016600,41,Fear,2018-05-11,2018-05-11 05:30:00+00:00,2018,5,May,2018Q2,Fear,57.857142857142854,42.833333333333336,-16.857142857142854,21,1,Fear
1526103000,44,Fear,2018-05-12,2018-05-12 05:30:00+00:00,2018,5,May,2018Q2,Fear,55.142857142857146,43.6,-11.142857142857146,21,2,Fear
1526189400,40,Fear,2018-05-13,2018-05-13 05:30:00+00:00,2018,5,May,2018Q2,Fear,51.285714285714285,44.333333333333336,-11.285714285714285,21,3,Fear
1526275800,40,Fear,2018-05-14,2018-05-14 05:30:00+00:00,2018,5,May,2018Q2,Fear,49.0,45.0,-9.0,21,4,Fear
1526362200,40,Fear,2018-05-15,2018-05-15 05:30:00+00:00,2018,5,May,2018Q2,Fear,45.857142857142854,45.733333333333334,-5.857142857142854,21,5,Fear
1526448600,32,Fear,2018-05-16,2018-05-16 05:30:00+00:00,2018,5,May,2018Q2,Fear,42.857142857142854,46.03333333333333,-10.857142857142854,21,6,Fear
1526535000,31,Fear,2018-05-17,2018-05-17 05:30:00+00:00,2018,5,May,2018Q2,Fear,38.285714285714285,46.2,-7.285714285714285,21,7,Fear
1526621400,37,Fear,2018-05-18,2018-05-18 05:30:00+00:00,2018,5,May,2018Q2,Fear,37.714285714285715,46.63333333333333,-0.7142857142857153,21,8,Fear
1526707800,31,Fear,2018-05-19,2018-05-19 05:30:00+00:00,2018,5,May,2018Q2,Fear,35.857142857142854,46.833333333333336,-4.857142857142854,21,9,Fear
1526794200,32,Fear,2018-05-20,2018-05-20 05:30:00+00:00,2018,5,May,2018Q2,Fear,34.714285714285715,47.03333333333333,-2.7142857142857153,21,10,Fear
1526880600,41,Fear,2018-05-21,2018-05-21 05:30:00+00:00,2018,5,May,2018Q2,Fear,34.857142857142854,47.333333333333336,6.142857142857146,21,11,Fear
1526967000,30,Fear,2018-05-22,2018-05-22 05:30:00+00:00,2018,5,May,2018Q2,Fear,33.42857142857143,47.3,-3.4285714285714306,21,12,Fear
1527053400,26,Fear,2018-05-23,2018-05-23 05:30:00+00:00,2018,5,May,2018Q2,Fear,32.57142857142857,47.233333333333334,-6.571428571428569,21,13,Fear
1527139800,27,Fear,2018-05-24,2018-05-24 05:30:00+00:00,2018,5,May,2018Q2,Fear,32.0,47.166666666666664,-5.0,21,14,Fear
1527226200,25,Fear,2018-05-25,2018-05-25 05:30:00+00:00,2018,5,May,2018Q2,Fear,30.285714285714285,45.86666666666667,-5.285714285714285,21,15,Fear
1527312600,23,Extreme Fear,2018-05-26,2018-05-26 05:30:00+00:00,2018,5,May,2018Q2,Fear,29.142857142857142,45.06666666666667,-6.142857142857142,21,16,Fear
1527399000,19,Extreme Fear,2018-05-27,2018-05-27 05:30:00+00:00,2018,5,May,2018Q2,Fear,27.285714285714285,43.86666666666667,-8.285714285714285,21,17,Fear
1527485400,22,Extreme Fear,2018-05-28,2018-05-28 05:30:00+00:00,2018,5,May,2018Q2,Fear,24.571428571428573,42.8,-2.571428571428573,21,18,Fear
1527571800,16,Extreme Fear,2018-05-29,2018-05-29 05:30:00+00:00,2018,5,May,2018Q2,Fear,22.571428571428573,41.3,-6.571428571428573,21,19,Fear
1527658200,38,Fear,2018-05-30,2018-05-30 05:30:00+00:00,2018,5,May,2018Q2,Fear,24.285714285714285,40.6,13.714285714285715,21,20,Fear
1527744600,25,Fear,2018-05-31,2018-05-31 05:30:00+00:00,2018,5,May,2018Q2,Fear,24.0,39.56666666666667,1.0,21,21,Fear
1527831000,24,Extreme Fear,2018-06-01,2018-06-01 05:30:00+00:00,2018,6,Jun,2018Q2,Fear,23.857142857142858,38.63333333333333,0.14285714285714235,21,22,Fear
1527917400,27,Fear,2018-06-02,2018-06-02 05:30:00+00:00,2018,6,Jun,2018Q2,Fear,24.428571428571427,37.7,2.571428571428573,21,23,Fear
1528003800,40,Fear,2018-06-03,2018-06-03 05:30:00+00:00,2018,6,Jun,2018Q2,Fear,27.428571428571427,37.166666666666664,12.571428571428573,21,24,Fear
1528090200,41,Fear,2018-06-04,2018-06-04 05:30:00+00:00,2018,6,Jun,2018Q2,Fear,30.142857142857142,36.43333333333333,10.857142857142858,21,25,Fear
1528176600,26,Fear,2018-06-05,2018-06-05 05:30:00+00:00,2018,6,Jun,2018Q2,Fear,31.571428571428573,35.06666666666667,-5.571428571428573,21,26,Fear
1528263000,42,Fear,2018-06-06,2018-06-06 05:30:00+00:00,2018,6,Jun,2018Q2,Fear,32.142857142857146,34.6,9.857142857142854,21,27,Fear
1528349400,38,Fear,2018-06-07,2018-06-07 05:30:00+00:00,2018,6,Jun,2018Q2,Fear,34.0,33.8,4.0,21,28,Fear
1528435800,40,Fear,2018-06-08,2018-06-08 05:30:00+00:00,2018,6,Jun,2018Q2,Fear,36.285714285714285,33.36666666666667,3.7142857142857153,21,29,Fear
1528522200,39,Fear,2018-06-09,2018-06-09 05:30:00+00:00,2018,6,Jun,2018Q2,Fear,38.0,32.56666666666667,1.0,21,30,Fear
1528608600,24,Extreme Fear,2018-06-10,2018-06-10 05:30:00+00:00,2018,6,Jun,2018Q2,Fear,35.714285714285715,32.0,-11.714285714285715,21,31,Fear
1528695000,15,Extreme Fear,2018-06-11,2018-06-11 05:30:00+00:00,2018,6,Jun,2018Q2,Fear,32.0,31.033333333333335,-17.0,21,32,Fear
1528781400,19,Extreme Fear,2018-06-12,2018-06-12 05:30:00+00:00,2018,6,Jun,2018Q2,Fear,31.0,30.333333333333332,-12.0,21,33,Fear
1528867800,19,Extreme Fear,2018-06-13,2018-06-13 05:30:00+00:00,2018,6,Jun,2018Q2,Fear,27.714285714285715,29.633333333333333,-8.714285714285715,21,34,Fear
1528954200,17,Extreme Fear,2018-06-14,2018-06-14 05:30:00+00:00,2018,6,Jun,2018Q2,Fear,24.714285714285715,28.866666666666667,-7.714285714285715,21,35,Fear
1529040600,26,Fear,2018-06-15,2018-06-15 05:30:00+00:00,2018,6,Jun,2018Q2,Fear,22.714285714285715,28.666666666666668,3.2857142857142847,21,36,Fear
1529127000,22,Extreme Fear,2018-06-16,2018-06-16 05:30:00+00:00,2018,6,Jun,2018Q2,Fear,20.285714285714285,28.366666666666667,1.7142857142857153,21,37,Fear
1529213400,23,Extreme Fear,2018-06-17,2018-06-17 05:30:00+00:00,2018,6,Jun,2018Q2,Fear,20.142857142857142,27.9,2.8571428571428577,21,38,Fear
1529299800,27,Fear,2018-06-18,2018-06-18 05:30:00+00:00,2018,6,Jun,2018Q2,Fear,21.857142857142858,27.766666666666666,5.142857142857142,21,39,Fear
1529386200,32,Fear,2018-06-19,2018-06-19 05:30:00+00:00,2018,6,Jun,2018Q2,Fear,23.714285714285715,27.766666666666666,8.285714285714285,21,40,Fear
1529472600,34,Fear,2018-06-20,2018-06-20 05:30:00+00:00,2018,6,Jun,2018Q2,Fear,25.857142857142858,27.533333333333335,8.142857142857142,21,41,Fear
1529559000,37,Fear,2018-06-21,2018-06-21 05:30:00+00:00,2018,6,Jun,2018Q2,Fear,28.714285714285715,27.766666666666666,8.285714285714285,21,42,Fear
1529645400,28,Fear,2018-06-22,2018-06-22 05:30:00+00:00,2018,6,Jun,2018Q2,Fear,29.0,27.833333333333332,-1.0,21,43,Fear
1529731800,17,Extreme Fear,2018-06-23,2018-06-23 05:30:00+00:00,2018,6,Jun,2018Q2,Fear,28.285714285714285,27.5,-11.285714285714285,21,44,Fear
1529818200,15,Extreme Fear,2018-06-24,2018-06-24 05:30:00+00:00,2018,6,Jun,2018Q2,Fear,27.142857142857142,27.166666666666668,-12.142857142857142,21,45,Fear
1529904600,16,Extreme Fear,2018-06-25,2018-06-25 05:30:00+00:00,2018,6,Jun,2018Q2,Fear,25.571428571428573,26.933333333333334,-9.571428571428573,21,46,Fear
1529991000,21,Extreme Fear,2018-06-26,2018-06-26 05:30:00+00:00,2018,6,Jun,2018Q2,Fear,24.0,27.0,-3.0,21,47,Fear
1530077400,18,Extreme Fear,2018-06-27,2018-06-27 05:30:00+00:00,2018,6,Jun,2018Q2,Fear,21.714285714285715,26.866666666666667,-3.7142857142857153,21,48,Fear
1530163800,20,Extreme Fear,2018-06-28,2018-06-28 05:30:00+00:00,2018,6,Jun,2018Q2,Fear,19.285714285714285,27.0,0.7142857142857153,21,49,Fear
1530250200,16,Extreme Fear,2018-06-29,2018-06-29 05:30:00+00:00,2018,6,Jun,2018Q2,Fear,17.571428571428573,26.266666666666666,-1.571428571428573,21,50,Fear
1530336600,22,Extreme Fear,2018-06-30,2018-06-30 05:30:00+00:00,2018,6,Jun,2018Q2,Fear,18.285714285714285,26.166666666666668,3.7142857142857153,21,51,Fear
1530423000,27,Fear,2018-07-01,2018-07-01 05:30:00+00:00,2018,7,Jul,2018Q3,Fear,20.0,26.266666666666666,7.0,21,52,Fear
1530509400,27,Fear,2018-07-02,2018-07-02 05:30:00+00:00,2018,7,Jul,2018Q3,Fear,21.571428571428573,26.266666666666666,5.428571428571427,21,53,Fear
1530595800,31,Fear,2018-07-03,2018-07-03 05:30:00+00:00,2018,7,Jul,2018Q3,Fear,23.0,25.966666666666665,8.0,21,54,Fear
1530682200,33,Fear,2018-07-04,2018-07-04 05:30:00+00:00,2018,7,Jul,2018Q3,Fear,25.142857142857142,25.7,7.857142857142858,21,55,Fear
1530768600,37,Fear,2018-07-05,2018-07-05 05:30:00+00:00,2018,7,Jul,2018Q3,Fear,27.571428571428573,26.066666666666666,9.428571428571427,21,56,Fear
1530855000,34,Fear,2018-07-06,2018-07-06 05:30:00+00:00,2018,7,Jul,2018Q3,Fear,30.142857142857142,25.8,3.8571428571428577,21,57,Fear
1530941400,34,Fear,2018-07-07,2018-07-07 05:30:00+00:00,2018,7,Jul,2018Q3,Fear,31.857142857142858,25.666666666666668,2.1428571428571423,21,58,Fear
1531027800,38,Fear,2018-07-08,2018-07-08 05:30:00+00:00,2018,7,Jul,2018Q3,Fear,33.42857142857143,25.6,4.571428571428569,21,59,Fear
1531114200,39,Fear,2018-07-09,2018-07-09 05:30:00+00:00,2018,7,Jul,2018Q3,Fear,35.142857142857146,25.6,3.857142857142854,21,60,Fear
1531200600,37,Fear,2018-07-10,2018-07-10 05:30:00+00:00,2018,7,Jul,2018Q3,Fear,36.0,26.033333333333335,1.0,21,61,Fear
1531287000,29,Fear,2018-07-11,2018-07-11 05:30:00+00:00,2018,7,Jul,2018Q3,Fear,35.42857142857143,26.5,-6.428571428571431,21,62,Fear
1531373400,33,Fear,2018-07-12,2018-07-12 05:30:00+00:00,2018,7,Jul,2018Q3,Fear,34.857142857142854,26.966666666666665,-1.857142857142854,21,63,Fear
1531459800,29,Fear,2018-07-13,2018-07-13 05:30:00+00:00,2018,7,Jul,2018Q3,Fear,34.142857142857146,27.3,-5.142857142857146,21,64,Fear
1531546200,29,Fear,2018-07-14,2018-07-14 05:30:00+00:00,2018,7,Jul,2018Q3,Fear,33.42857142857143,27.7,-4.428571428571431,21,65,Fear
1531632600,32,Fear,2018-07-15,2018-07-15 05:30:00+00:00,2018,7,Jul,2018Q3,Fear,32.57142857142857,27.9,-0.5714285714285694,21,66,Fear
1531719000,36,Fear,2018-07-16,2018-07-16 05:30:00+00:00,2018,7,Jul,2018Q3,Fear,32.142857142857146,28.366666666666667,3.857142857142854,21,67,Fear
1531805400,39,Fear,2018-07-17,2018-07-17 05:30:00+00:00,2018,7,Jul,2018Q3,Fear,32.42857142857143,28.9,6.571428571428569,21,68,Fear
1531891800,42,Fear,2018-07-18,2018-07-18 05:30:00+00:00,2018,7,Jul,2018Q3,Fear,34.285714285714285,29.4,7.714285714285715,21,69,Fear
1531978200,44,Fear,2018-07-19,2018-07-19 05:30:00+00:00,2018,7,Jul,2018Q3,Fear,35.857142857142854,29.8,8.142857142857146,21,70,Neutral
1532064600,47,Neutral,2018-07-20,2018-07-20 05:30:00+00:00,2018,7,Jul,2018Q3,Neutral,38.42857142857143,30.233333333333334,8.57142857142857,22,1,Fear
1532151000,43,Fear,2018-07-21,2018-07-21 05:30:00+00:00,2018,7,Jul,2018Q3,Fear,40.42857142857143,30.433333333333334,2.5714285714285694,23,1,Neutral
1532237400,46,Neutral,2018-07-22,2018-07-22 05:30:00+00:00,2018,7,Jul,2018Q3,Neutral,42.42857142857143,31.033333333333335,3.5714285714285694,24,1,Fear
1532323800,44,Fear,2018-07-23,2018-07-23 05:30:00+00:00,2018,7,Jul,2018Q3,Fear,43.57142857142857,31.933333333333334,0.4285714285714306,25,1,Neutral
1532410200,49,Neutral,2018-07-24,2018-07-24 05:30:00+00:00,2018,7,Jul,2018Q3,Neutral,45.0,33.06666666666667,4.0,26,1,Neutral
1532496600,54,Neutral,2018-07-25,2018-07-25 05:30:00+00:00,2018,7,Jul,2018Q3,Neutral,46.714285714285715,34.333333333333336,7.285714285714285,26,2,Neutral
1532583000,53,Neutral,2018-07-26,2018-07-26 05:30:00+00:00,2018,7,Jul,2018Q3,Neutral,48.0,35.4,5.0,26,3,Neutral
1532669400,47,Neutral,2018-07-27,2018-07-27 05:30:00+00:00,2018,7,Jul,2018Q3,Neutral,48.0,36.36666666666667,-1.0,26,4,Neutral
1532755800,54,Neutral,2018-07-28,2018-07-28 05:30:00+00:00,2018,7,Jul,2018Q3,Neutral,49.57142857142857,37.5,4.428571428571431,26,5,Neutral
1532842200,54,Neutral,2018-07-29,2018-07-29 05:30:00+00:00,2018,7,Jul,2018Q3,Neutral,50.714285714285715,38.766666666666666,3.2857142857142847,26,6,Neutral
1532928600,53,Neutral,2018-07-30,2018-07-30 05:30:00+00:00,2018,7,Jul,2018Q3,Neutral,52.0,39.8,1.0,26,7,Neutral
1533015000,48,Neutral,2018-07-31,2018-07-31 05:30:00+00:00,2018,7,Jul,2018Q3,Neutral,51.857142857142854,40.5,-3.857142857142854,26,8,Fear
1533101400,39,Fear,2018-08-01,2018-08-01 05:30:00+00:00,2018,8,Aug,2018Q3,Fear,49.714285714285715,40.9,-10.714285714285715,27,1,Fear
1533187800,39,Fear,2018-08-02,2018-08-02 05:30:00+00:00,2018,8,Aug,2018Q3,Fear,47.714285714285715,41.166666666666664,-8.714285714285715,27,2,Fear
1533274200,36,Fear,2018-08-03,2018-08-03 05:30:00+00:00,2018,8,Aug,2018Q3,Fear,46.142857142857146,41.266666666666666,-10.142857142857146,27,3,Fear
1533360600,31,Fear,2018-08-04,2018-08-04 05:30:00+00:00,2018,8,Aug,2018Q3,Fear,42.857142857142854,41.06666666666667,-11.857142857142854,27,4,Fear
1533447000,23,Extreme Fear,2018-08-05,2018-08-05 05:30:00+00:00,2018,8,Aug,2018Q3,Fear,38.42857142857143,40.7,-15.42857142857143,27,5,Fear
1533533400,25,Fear,2018-08-06,2018-08-06 05:30:00+00:00,2018,8,Aug,2018Q3,Fear,34.42857142857143,40.4,-9.42857142857143,27,6,Fear
1533619800,25,Fear,2018-08-07,2018-08-07 05:30:00+00:00,2018,8,Aug,2018Q3,Fear,31.142857142857142,39.96666666666667,-6.142857142857142,27,7,Fear
1533706200,23,Extreme Fear,2018-08-08,2018-08-08 05:30:00+00:00,2018,8,Aug,2018Q3,Fear,28.857142857142858,39.43333333333333,-5.857142857142858,27,8,Fear
1533792600,19,Extreme Fear,2018-08-09,2018-08-09 05:30:00+00:00,2018,8,Aug,2018Q3,Fear,26.0,38.833333333333336,-7.0,27,9,Fear
1533879000,21,Extreme Fear,2018-08-10,2018-08-10 05:30:00+00:00,2018,8,Aug,2018Q3,Fear,23.857142857142858,38.56666666666667,-2.8571428571428577,27,10,Fear
1533965400,18,Extreme Fear,2018-08-11,2018-08-11 05:30:00+00:00,2018,8,Aug,2018Q3,Fear,22.0,38.06666666666667,-4.0,27,11,Fear
1534051800,18,Extreme Fear,2018-08-12,2018-08-12 05:30:00+00:00,2018,8,Aug,2018Q3,Fear,21.285714285714285,37.7,-3.2857142857142847,27,12,Fear
1534138200,21,Extreme Fear,2018-08-13,2018-08-13 05:30:00+00:00,2018,8,Aug,2018Q3,Fear,20.714285714285715,37.43333333333333,0.2857142857142847,27,13,Fear
1534224600,16,Extreme Fear,2018-08-14,2018-08-14 05:30:00+00:00,2018,8,Aug,2018Q3,Fear,19.428571428571427,36.9,-3.428571428571427,27,14,Fear
1534311000,18,Extreme Fear,2018-08-15,2018-08-15 05:30:00+00:00,2018,8,Aug,2018Q3,Fear,18.714285714285715,36.3,-0.7142857142857153,27,15,Fear
1534397400,21,Extreme Fear,2018-08-16,2018-08-16 05:30:00+00:00,2018,8,Aug,2018Q3,Fear,19.0,35.7,2.0,27,16,Fear
1534483800,19,Extreme Fear,2018-08-17,2018-08-17 05:30:00+00:00,2018,8,Aug,2018Q3,Fear,18.714285714285715,34.93333333333333,0.2857142857142847,27,17,Fear
1534570200,24,Extreme Fear,2018-08-18,2018-08-18 05:30:00+00:00,2018,8,Aug,2018Q3,Fear,19.571428571428573,34.266666666666666,4.428571428571427,27,18,Fear
1534656600,27,Fear,2018-08-19,2018-08-19 05:30:00+00:00,2018,8,Aug,2018Q3,Fear,20.857142857142858,33.6,6.142857142857142,27,19,Fear
1534743000,26,Fear,2018-08-20,2018-08-20 05:30:00+00:00,2018,8,Aug,2018Q3,Fear,21.571428571428573,33.03333333333333,4.428571428571427,27,20,Fear
1534829400,19,Extreme Fear,2018-08-21,2018-08-21 05:30:00+00:00,2018,8,Aug,2018Q3,Fear,22.0,32.13333333333333,-3.0,27,21,Fear
1534915800,21,Extreme Fear,2018-08-22,2018-08-22 05:30:00+00:00,2018,8,Aug,2018Q3,Fear,22.428571428571427,31.366666666666667,-1.428571428571427,27,22,Fear
1535002200,18,Extreme Fear,2018-08-23,2018-08-23 05:30:00+00:00,2018,8,Aug,2018Q3,Fear,22.0,30.333333333333332,-4.0,27,23,Fear
1535088600,19,Extreme Fear,2018-08-24,2018-08-24 05:30:00+00:00,2018,8,Aug,2018Q3,Fear,22.0,29.166666666666668,-3.0,27,24,Fear
1535175000,22,Extreme Fear,2018-08-25,2018-08-25 05:30:00+00:00,2018,8,Aug,2018Q3,Fear,21.714285714285715,28.133333333333333,0.2857142857142847,27,25,Fear
1535261400,19,Extreme Fear,2018-08-26,2018-08-26 05:30:00+00:00,2018,8,Aug,2018Q3,Fear,20.571428571428573,27.2,-1.571428571428573,27,26,Fear
1535347800,18,Extreme Fear,2018-08-27,2018-08-27 05:30:00+00:00,2018,8,Aug,2018Q3,Fear,19.428571428571427,26.0,-1.428571428571427,27,27,Fear
1535434200,19,Extreme Fear,2018-08-28,2018-08-28 05:30:00+00:00,2018,8,Aug,2018Q3,Fear,19.428571428571427,24.833333333333332,-0.42857142857142705,27,28,Fear
1535520600,19,Extreme Fear,2018-08-29,2018-08-29 05:30:00+00:00,2018,8,Aug,2018Q3,Fear,19.142857142857142,23.7,-0.14285714285714235,27,29,Fear
1535607000,22,Extreme Fear,2018-08-30,2018-08-30 05:30:00+00:00,2018,8,Aug,2018Q3,Fear,19.714285714285715,22.833333333333332,2.2857142857142847,27,30,Fear
1535693400,17,Extreme Fear,2018-08-31,2018-08-31 05:30:00+00:00,2018,8,Aug,2018Q3,Fear,19.428571428571427,22.1,-2.428571428571427,27,31,Fear
1535779800,21,Extreme Fear,2018-09-01,2018-09-01 05:30:00+00:00,2018,9,Sep,2018Q3,Fear,19.285714285714285,21.5,1.7142857142857153,27,32,Fear
1535866200,18,Extreme Fear,2018-09-02,2018-09-02 05:30:00+00:00,2018,9,Sep,2018Q3,Fear,19.142857142857142,20.9,-1.1428571428571423,27,33,Fear
1535952600,19,Extreme Fear,2018-09-03,2018-09-03 05:30:00+00:00,2018,9,Sep,2018Q3,Fear,19.285714285714285,20.5,-0.2857142857142847,27,34,Fear
1536039000,26,Fear,2018-09-04,2018-09-04 05:30:00+00:00,2018,9,Sep,2018Q3,Fear,20.285714285714285,20.6,5.714285714285715,27,35,Fear
1536125400,17,Extreme Fear,2018-09-05,2018-09-05 05:30:00+00:00,2018,9,Sep,2018Q3,Fear,20.0,20.333333333333332,-3.0,27,36,Fear
1536211800,14,Extreme Fear,2018-09-06,2018-09-06 05:30:00+00:00,2018,9,Sep,2018Q3,Fear,18.857142857142858,19.966666666666665,-4.857142857142858,27,37,Fear
1536298200,17,Extreme Fear,2018-09-07,2018-09-07 05:30:00+00:00,2018,9,Sep,2018Q3,Fear,18.857142857142858,19.766666666666666,-1.8571428571428577,27,38,Fear
1536384600,18,Extreme Fear,2018-09-08,2018-09-08 05:30:00+00:00,2018,9,Sep,2018Q3,Fear,18.428571428571427,19.733333333333334,-0.42857142857142705,27,39,Fear
1536471000,13,Extreme Fear,2018-09-09,2018-09-09 05:30:00+00:00,2018,9,Sep,2018Q3,Fear,17.714285714285715,19.466666666666665,-4.714285714285715,27,40,Fear
1536557400,15,Extreme Fear,2018-09-10,2018-09-10 05:30:00+00:00,2018,9,Sep,2018Q3,Fear,17.142857142857142,19.366666666666667,-2.1428571428571423,27,41,Fear
1536643800,18,Extreme Fear,2018-09-11,2018-09-11 05:30:00+00:00,2018,9,Sep,2018Q3,Fear,16.0,19.366666666666667,2.0,27,42,Fear
1536730200,14,Extreme Fear,2018-09-12,2018-09-12 05:30:00+00:00,2018,9,Sep,2018Q3,Fear,15.571428571428571,19.133333333333333,-1.5714285714285712,27,43,Fear
1536816600,20,Extreme Fear,2018-09-13,2018-09-13 05:30:00+00:00,2018,9,Sep,2018Q3,Fear,16.428571428571427,19.266666666666666,3.571428571428573,27,44,Fear
1536903000,23,Extreme Fear,2018-09-14,2018-09-14 05:30:00+00:00,2018,9,Sep,2018Q3,Fear,17.285714285714285,19.433333333333334,5.714285714285715,27,45,Fear
1536989400,24,Extreme Fear,2018-09-15,2018-09-15 05:30:00+00:00,2018,9,Sep,2018Q3,Fear,18.142857142857142,19.533333333333335,5.857142857142858,27,46,Fear
1537075800,28,Fear,2018-09-16,2018-09-16 05:30:00+00:00,2018,9,Sep,2018Q3,Fear,20.285714285714285,19.833333333333332,7.714285714285715,27,47,Fear
1537162200,25,Fear,2018-09-17,2018-09-17 05:30:00+00:00,2018,9,Sep,2018Q3,Fear,21.714285714285715,19.866666666666667,3.2857142857142847,27,48,Fear
1537248600,21,Extreme Fear,2018-09-18,2018-09-18 05:30:00+00:00,2018,9,Sep,2018Q3,Fear,22.142857142857142,19.666666666666668,-1.1428571428571423,27,49,Fear
1537335000,24,Extreme Fear,2018-09-19,2018-09-19 05:30:00+00:00,2018,9,Sep,2018Q3,Fear,23.571428571428573,19.6,0.42857142857142705,27,50,Fear
1537421400,24,Extreme Fear,2018-09-20,2018-09-20 05:30:00+00:00,2018,9,Sep,2018Q3,Fear,24.142857142857142,19.766666666666666,-0.14285714285714235,27,51,Fear
1537507800,31,Fear,2018-09-21,2018-09-21 05:30:00+00:00,2018,9,Sep,2018Q3,Fear,25.285714285714285,20.1,5.714285714285715,27,52,Fear
1537594200,35,Fear,2018-09-22,2018-09-22 05:30:00+00:00,2018,9,Sep,2018Q3,Fear,26.857142857142858,20.666666666666668,8.142857142857142,27,53,Fear
1537680600,38,Fear,2018-09-23,2018-09-23 05:30:00+00:00,2018,9,Sep,2018Q3,Fear,28.285714285714285,21.3,9.714285714285715,27,54,Fear
1537767000,43,Fear,2018-09-24,2018-09-24 05:30:00+00:00,2018,9,Sep,2018Q3,Fear,30.857142857142858,22.0,12.142857142857142,27,55,Fear
1537853400,37,Fear,2018-09-25,2018-09-25 05:30:00+00:00,2018,9,Sep,2018Q3,Fear,33.142857142857146,22.6,3.857142857142854,27,56,Fear
1537939800,37,Fear,2018-09-26,2018-09-26 05:30:00+00:00,2018,9,Sep,2018Q3,Fear,35.0,23.233333333333334,2.0,27,57,Fear
1538026200,42,Fear,2018-09-27,2018-09-27 05:30:00+00:00,2018,9,Sep,2018Q3,Fear,37.57142857142857,24.0,4.428571428571431,27,58,Fear
1538112600,42,Fear,2018-09-28,2018-09-28 05:30:00+00:00,2018,9,Sep,2018Q3,Fear,39.142857142857146,24.766666666666666,2.857142857142854,27,59,Fear
1538199000,37,Fear,2018-09-29,2018-09-29 05:30:00+00:00,2018,9,Sep,2018Q3,Fear,39.42857142857143,25.266666666666666,-2.4285714285714306,27,60,Fear
1538285400,34,Fear,2018-09-30,2018-09-30 05:30:00+00:00,2018,9,Sep,2018Q3,Fear,38.857142857142854,25.833333333333332,-4.857142857142854,27,61,Fear
1538371800,35,Fear,2018-10-01,2018-10-01 05:30:00+00:00,2018,10,Oct,2018Q4,Fear,37.714285714285715,26.3,-2.7142857142857153,27,62,Fear
1538458200,33,Fear,2018-10-02,2018-10-02 05:30:00+00:00,2018,10,Oct,2018Q4,Fear,37.142857142857146,26.8,-4.142857142857146,27,63,Fear
1538544600,36,Fear,2018-10-03,2018-10-03 05:30:00+00:00,2018,10,Oct,2018Q4,Fear,37.0,27.366666666666667,-1.0,27,64,Fear
1538631000,29,Fear,2018-10-04,2018-10-04 05:30:00+00:00,2018,10,Oct,2018Q4,Fear,35.142857142857146,27.466666666666665,-6.142857142857146,27,65,Fear
1538717400,37,Fear,2018-10-05,2018-10-05 05:30:00+00:00,2018,10,Oct,2018Q4,Fear,34.42857142857143,28.133333333333333,2.5714285714285694,27,66,Fear
1538803800,34,Fear,2018-10-06,2018-10-06 05:30:00+00:00,2018,10,Oct,2018Q4,Fear,34.0,28.8,0.0,27,67,Fear
1538890200,29,Fear,2018-10-07,2018-10-07 05:30:00+00:00,2018,10,Oct,2018Q4,Fear,33.285714285714285,29.2,-4.285714285714285,27,68,Fear
1538976600,26,Fear,2018-10-08,2018-10-08 05:30:00+00:00,2018,10,Oct,2018Q4,Fear,32.0,29.466666666666665,-6.0,27,69,Fear
1539063000,31,Fear,2018-10-09,2018-10-09 05:30:00+00:00,2018,10,Oct,2018Q4,Fear,31.714285714285715,30.066666666666666,-0.7142857142857153,27,70,Fear
1539149400,28,Fear,2018-10-10,2018-10-10 05:30:00+00:00,2018,10,Oct,2018Q4,Fear,30.571428571428573,30.5,-2.571428571428573,27,71,Fear
1539235800,19,Extreme Fear,2018-10-11,2018-10-11 05:30:00+00:00,2018,10,Oct,2018Q4,Fear,29.142857142857142,30.533333333333335,-10.142857142857142,27,72,Fear
1539322200,13,Extreme Fear,2018-10-12,2018-10-12 05:30:00+00:00,2018,10,Oct,2018Q4,Fear,25.714285714285715,30.5,-12.714285714285715,27,73,Fear
1539408600,15,Extreme Fear,2018-10-13,2018-10-13 05:30:00+00:00,2018,10,Oct,2018Q4,Fear,23.0,30.333333333333332,-8.0,27,74,Fear
1539495000,18,Extreme Fear,2018-10-14,2018-10-14 05:30:00+00:00,2018,10,Oct,2018Q4,Fear,21.428571428571427,30.166666666666668,-3.428571428571427,27,75,Fear
1539581400,20,Extreme Fear,2018-10-15,2018-10-15 05:30:00+00:00,2018,10,Oct,2018Q4,Fear,20.571428571428573,30.033333333333335,-0.571428571428573,27,76,Fear
1539667800,24,Extreme Fear,2018-10-16,2018-10-16 05:30:00+00:00,2018,10,Oct,2018Q4,Fear,19.571428571428573,29.9,4.428571428571427,27,77,Fear
1539754200,23,Extreme Fear,2018-10-17,2018-10-17 05:30:00+00:00,2018,10,Oct,2018Q4,Fear,18.857142857142858,29.833333333333332,4.142857142857142,27,78,Fear
1539840600,26,Fear,2018-10-18,2018-10-18 05:30:00+00:00,2018,10,Oct,2018Q4,Fear,19.857142857142858,30.0,6.142857142857142,27,79,Fear
1539927000,24,Extreme Fear,2018-10-19,2018-10-19 05:30:00+00:00,2018,10,Oct,2018Q4,Fear,21.428571428571427,30.0,2.571428571428573,27,80,Fear
1540013400,21,Extreme Fear,2018-10-20,2018-10-20 05:30:00+00:00,2018,10,Oct,2018Q4,Fear,22.285714285714285,29.9,-1.2857142857142847,27,81,Fear
1540099800,21,Extreme Fear,2018-10-21,2018-10-21 05:30:00+00:00,2018,10,Oct,2018Q4,Fear,22.714285714285715,29.566666666666666,-1.7142857142857153,27,82,Fear
1540186200,27,Fear,2018-10-22,2018-10-22 05:30:00+00:00,2018,10,Oct,2018Q4,Fear,23.714285714285715,29.3,3.2857142857142847,27,83,Fear
1540272600,24,Extreme Fear,2018-10-23,2018-10-23 05:30:00+00:00,2018,10,Oct,2018Q4,Fear,23.714285714285715,28.833333333333332,0.2857142857142847,27,84,Fear
1540359000,23,Extreme Fear,2018-10-24,2018-10-24 05:30:00+00:00,2018,10,Oct,2018Q4,Fear,23.714285714285715,28.166666666666668,-0.7142857142857153,27,85,Fear
1540445400,25,Fear,2018-10-25,2018-10-25 05:30:00+00:00,2018,10,Oct,2018Q4,Fear,23.571428571428573,27.766666666666666,1.428571428571427,27,86,Fear
1540531800,29,Fear,2018-10-26,2018-10-26 05:30:00+00:00,2018,10,Oct,2018Q4,Fear,24.285714285714285,27.5,4.714285714285715,27,87,Fear
1540618200,33,Fear,2018-10-27,2018-10-27 05:30:00+00:00,2018,10,Oct,2018Q4,Fear,26.0,27.2,7.0,27,88,Fear
1540704600,35,Fear,2018-10-28,2018-10-28 05:30:00+00:00,2018,10,Oct,2018Q4,Fear,28.0,26.966666666666665,7.0,27,89,Fear
1540791000,34,Fear,2018-10-29,2018-10-29 05:30:00+00:00,2018,10,Oct,2018Q4,Fear,29.0,26.866666666666667,5.0,27,90,Fear
1540877400,31,Fear,2018-10-30,2018-10-30 05:30:00+00:00,2018,10,Oct,2018Q4,Fear,30.0,26.766666666666666,1.0,27,91,Fear
1540963800,32,Fear,2018-10-31,2018-10-31 05:30:00+00:00,2018,10,Oct,2018Q4,Fear,31.285714285714285,26.666666666666668,0.7142857142857153,27,92,Fear
1541050200,29,Fear,2018-11-01,2018-11-01 05:30:00+00:00,2018,11,Nov,2018Q4,Fear,31.857142857142858,26.533333333333335,-2.8571428571428577,27,93,Fear
1541136600,36,Fear,2018-11-02,2018-11-02 05:30:00+00:00,2018,11,Nov,2018Q4,Fear,32.857142857142854,26.533333333333335,3.142857142857146,27,94,Fear
1541223000,36,Fear,2018-11-03,2018-11-03 05:30:00+00:00,2018,11,Nov,2018Q4,Fear,33.285714285714285,26.766666666666666,2.7142857142857153,27,95,Fear
1541309400,41,Fear,2018-11-04,2018-11-04 05:30:00+00:00,2018,11,Nov,2018Q4,Fear,34.142857142857146,26.9,6.857142857142854,27,96,Fear
1541395800,42,Fear,2018-11-05,2018-11-05 05:30:00+00:00,2018,11,Nov,2018Q4,Fear,35.285714285714285,27.166666666666668,6.714285714285715,27,97,Fear
1541482200,42,Fear,2018-11-06,2018-11-06 05:30:00+00:00,2018,11,Nov,2018Q4,Fear,36.857142857142854,27.6,5.142857142857146,27,98,Neutral
1541568600,48,Neutral,2018-11-07,2018-11-07 05:30:00+00:00,2018,11,Nov,2018Q4,Neutral,39.142857142857146,28.333333333333332,8.857142857142854,28,1,Neutral
1541655000,51,Neutral,2018-11-08,2018-11-08 05:30:00+00:00,2018,11,Nov,2018Q4,Neutral,42.285714285714285,29.0,8.714285714285715,28,2,Neutral
1541741400,47,Neutral,2018-11-09,2018-11-09 05:30:00+00:00,2018,11,Nov,2018Q4,Neutral,43.857142857142854,29.633333333333333,3.142857142857146,28,3,Neutral
1541827800,52,Neutral,2018-11-10,2018-11-10 05:30:00+00:00,2018,11,Nov,2018Q4,Neutral,46.142857142857146,30.733333333333334,5.857142857142854,28,4,Neutral
1541914200,54,Neutral,2018-11-11,2018-11-11 05:30:00+00:00,2018,11,Nov,2018Q4,Neutral,48.0,32.1,6.0,28,5,Neutral
1542000600,52,Neutral,2018-11-12,2018-11-12 05:30:00+00:00,2018,11,Nov,2018Q4,Neutral,49.42857142857143,33.333333333333336,2.5714285714285694,28,6,Greed
1542087000,56,Greed,2018-11-13,2018-11-13 05:30:00+00:00,2018,11,Nov,2018Q4,Greed,51.42857142857143,34.6,4.571428571428569,29,1,Neutral
1542173400,49,Neutral,2018-11-14,2018-11-14 05:30:00+00:00,2018,11,Nov,2018Q4,Neutral,51.57142857142857,35.56666666666667,-2.5714285714285694,30,1,Fear
1542259800,28,Fear,2018-11-15,2018-11-15 05:30:00+00:00,2018,11,Nov,2018Q4,Fear,48.285714285714285,35.7,-20.285714285714285,31,1,Fear
1542346200,23,Extreme Fear,2018-11-16,2018-11-16 05:30:00+00:00,2018,11,Nov,2018Q4,Fear,44.857142857142854,35.7,-21.857142857142854,31,2,Fear
1542432600,24,Extreme Fear,2018-11-17,2018-11-17 05:30:00+00:00,2018,11,Nov,2018Q4,Fear,40.857142857142854,35.63333333333333,-16.857142857142854,31,3,Fear
1542519000,26,Fear,2018-11-18,2018-11-18 05:30:00+00:00,2018,11,Nov,2018Q4,Fear,36.857142857142854,35.7,-10.857142857142854,31,4,Fear
1542605400,28,Fear,2018-11-19,2018-11-19 05:30:00+00:00,2018,11,Nov,2018Q4,Fear,33.42857142857143,35.93333333333333,-5.428571428571431,31,5,Fear
1542691800,21,Extreme Fear,2018-11-20,2018-11-20 05:30:00+00:00,2018,11,Nov,2018Q4,Fear,28.428571428571427,35.93333333333333,-7.428571428571427,31,6,Fear
1542778200,15,Extreme Fear,2018-11-21,2018-11-21 05:30:00+00:00,2018,11,Nov,2018Q4,Fear,23.571428571428573,35.53333333333333,-8.571428571428573,31,7,Fear
1542864600,14,Extreme Fear,2018-11-22,2018-11-22 05:30:00+00:00,2018,11,Nov,2018Q4,Fear,21.571428571428573,35.2,-7.571428571428573,31,8,Fear
1542951000,12,Extreme Fear,2018-11-23,2018-11-23 05:30:00+00:00,2018,11,Nov,2018Q4,Fear,20.0,34.833333333333336,-8.0,31,9,Fear
1543037400,15,Extreme Fear,2018-11-24,2018-11-24 05:30:00+00:00,2018,11,Nov,2018Q4,Fear,18.714285714285715,34.5,-3.7142857142857153,31,10,Fear
1543123800,9,Extreme Fear,2018-11-25,2018-11-25 05:30:00+00:00,2018,11,Nov,2018Q4,Fear,16.285714285714285,33.833333333333336,-7.285714285714285,31,11,Fear
1543210200,17,Extreme Fear,2018-11-26,2018-11-26 05:30:00+00:00,2018,11,Nov,2018Q4,Fear,14.714285714285714,33.3,2.2857142857142865,31,12,Fear
1543296600,11,Extreme Fear,2018-11-27,2018-11-27 05:30:00+00:00,2018,11,Nov,2018Q4,Fear,13.285714285714286,32.5,-2.2857142857142865,31,13,Fear
1543383000,14,Extreme Fear,2018-11-28,2018-11-28 05:30:00+00:00,2018,11,Nov,2018Q4,Fear,13.142857142857142,31.833333333333332,0.8571428571428577,31,14,Fear
1543469400,18,Extreme Fear,2018-11-29,2018-11-29 05:30:00+00:00,2018,11,Nov,2018Q4,Fear,13.714285714285714,31.4,4.2857142857142865,31,15,Fear
1543555800,19,Extreme Fear,2018-11-30,2018-11-30 05:30:00+00:00,2018,11,Nov,2018Q4,Fear,14.714285714285714,30.966666666666665,4.2857142857142865,31,16,Fear
1543642200,13,Extreme Fear,2018-12-01,2018-12-01 05:30:00+00:00,2018,12,Dec,2018Q4,Fear,14.428571428571429,30.433333333333334,-1.4285714285714288,31,17,Fear
1543728600,15,Extreme Fear,2018-12-02,2018-12-02 05:30:00+00:00,2018,12,Dec,2018Q4,Fear,15.285714285714286,29.733333333333334,-0.2857142857142865,31,18,Fear
1543815000,17,Extreme Fear,2018-12-03,2018-12-03 05:30:00+00:00,2018,12,Dec,2018Q4,Fear,15.285714285714286,29.1,1.7142857142857135,31,19,Fear
1543901400,12,Extreme Fear,2018-12-04,2018-12-04 05:30:00+00:00,2018,12,Dec,2018Q4,Fear,15.428571428571429,28.133333333333333,-3.428571428571429,31,20,Fear
1543987800,19,Extreme Fear,2018-12-05,2018-12-05 05:30:00+00:00,2018,12,Dec,2018Q4,Fear,16.142857142857142,27.366666666666667,2.8571428571428577,31,21,Fear
1544074200,13,Extreme Fear,2018-12-06,2018-12-06 05:30:00+00:00,2018,12,Dec,2018Q4,Fear,15.428571428571429,26.4,-2.428571428571429,31,22,Fear
1544160600,11,Extreme Fear,2018-12-07,2018-12-07 05:30:00+00:00,2018,12,Dec,2018Q4,Fear,14.285714285714286,25.166666666666668,-3.2857142857142865,31,23,Fear
1544247000,11,Extreme Fear,2018-12-08,2018-12-08 05:30:00+00:00,2018,12,Dec,2018Q4,Fear,14.0,23.833333333333332,-3.0,31,24,Fear
1544333400,14,Extreme Fear,2018-12-09,2018-12-09 05:30:00+00:00,2018,12,Dec,2018Q4,Fear,13.857142857142858,22.733333333333334,0.14285714285714235,31,25,Fear
1544419800,19,Extreme Fear,2018-12-10,2018-12-10 05:30:00+00:00,2018,12,Dec,2018Q4,Fear,14.142857142857142,21.633333333333333,4.857142857142858,31,26,Fear
1544506200,15,Extreme Fear,2018-12-11,2018-12-11 05:30:00+00:00,2018,12,Dec,2018Q4,Fear,14.571428571428571,20.333333333333332,0.4285714285714288,31,27,Fear
1544592600,14,Extreme Fear,2018-12-12,2018-12-12 05:30:00+00:00,2018,12,Dec,2018Q4,Fear,13.857142857142858,19.066666666666666,0.14285714285714235,31,28,Fear
1544679000,14,Extreme Fear,2018-12-13,2018-12-13 05:30:00+00:00,2018,12,Dec,2018Q4,Fear,14.0,17.666666666666668,0.0,31,29,Fear
1544765400,10,Extreme Fear,2018-12-14,2018-12-14 05:30:00+00:00,2018,12,Dec,2018Q4,Fear,13.857142857142858,16.366666666666667,-3.8571428571428577,31,30,Fear
1544851800,11,Extreme Fear,2018-12-15,2018-12-15 05:30:00+00:00,2018,12,Dec,2018Q4,Fear,13.857142857142858,15.8,-2.8571428571428577,31,31,Fear
1544938200,13,Extreme Fear,2018-12-16,2018-12-16 05:30:00+00:00,2018,12,Dec,2018Q4,Fear,13.714285714285714,15.466666666666667,-0.7142857142857135,31,32,Fear
1545024600,17,Extreme Fear,2018-12-17,2018-12-17 05:30:00+00:00,2018,12,Dec,2018Q4,Fear,13.428571428571429,15.233333333333333,3.571428571428571,31,33,Fear
1545111000,23,Extreme Fear,2018-12-18,2018-12-18 05:30:00+00:00,2018,12,Dec,2018Q4,Fear,14.571428571428571,15.133333333333333,8.428571428571429,31,34,Fear
1545197400,21,Extreme Fear,2018-12-19,2018-12-19 05:30:00+00:00,2018,12,Dec,2018Q4,Fear,15.571428571428571,14.9,5.428571428571429,31,35,Fear
1545283800,27,Fear,2018-12-20,2018-12-20 05:30:00+00:00,2018,12,Dec,2018Q4,Fear,17.428571428571427,15.1,9.571428571428573,31,36,Fear
1545370200,35,Fear,2018-12-21,2018-12-21 05:30:00+00:00,2018,12,Dec,2018Q4,Fear,21.0,15.766666666666667,14.0,31,37,Fear
1545456600,28,Fear,2018-12-22,2018-12-22 05:30:00+00:00,2018,12,Dec,2018Q4,Fear,23.428571428571427,16.233333333333334,4.571428571428573,31,38,Fear
1545543000,31,Fear,2018-12-23,2018-12-23 05:30:00+00:00,2018,12,Dec,2018Q4,Fear,26.0,16.866666666666667,5.0,31,39,Fear
1545629400,25,Fear,2018-12-24,2018-12-24 05:30:00+00:00,2018,12,Dec,2018Q4,Fear,27.142857142857142,17.2,-2.1428571428571423,31,40,Fear
1545715800,33,Fear,2018-12-25,2018-12-25 05:30:00+00:00,2018,12,Dec,2018Q4,Fear,28.571428571428573,18.0,4.428571428571427,31,41,Fear
1545802200,26,Fear,2018-12-26,2018-12-26 05:30:00+00:00,2018,12,Dec,2018Q4,Fear,29.285714285714285,18.3,-3.2857142857142847,31,42,Fear
1545888600,29,Fear,2018-12-27,2018-12-27 05:30:00+00:00,2018,12,Dec,2018Q4,Fear,29.571428571428573,18.9,-0.571428571428573,31,43,Fear
1545975000,21,Extreme Fear,2018-12-28,2018-12-28 05:30:00+00:00,2018,12,Dec,2018Q4,Fear,27.571428571428573,19.133333333333333,-6.571428571428573,31,44,Fear
1546061400,24,Extreme Fear,2018-12-29,2018-12-29 05:30:00+00:00,2018,12,Dec,2018Q4,Fear,27.0,19.333333333333332,-3.0,31,45,Fear
1546147800,23,Extreme Fear,2018-12-30,2018-12-30 05:30:00+00:00,2018,12,Dec,2018Q4,Fear,25.857142857142858,19.466666666666665,-2.8571428571428577,31,46,Fear
1546234200,26,Fear,2018-12-31,2018-12-31 05:30:00+00:00,2018,12,Dec,2018Q4,Fear,26.0,19.9,0.0,31,47,Fear
1546320600,24,Extreme Fear,2019-01-01,2019-01-01 05:30:00+00:00,2019,1,Jan,2019Q1,Fear,24.714285714285715,20.2,-0.7142857142857153,31,48,Fear
1546407000,30,Fear,2019-01-02,2019-01-02 05:30:00+00:00,2019,1,Jan,2019Q1,Fear,25.285714285714285,20.633333333333333,4.714285714285715,31,49,Fear
1546493400,33,Fear,2019-01-03,2019-01-03 05:30:00+00:00,2019,1,Jan,2019Q1,Fear,25.857142857142858,21.333333333333332,7.142857142857142,31,50,Neutral
1546579800,48,Neutral,2019-01-04,2019-01-04 05:30:00+00:00,2019,1,Jan,2019Q1,Neutral,29.714285714285715,22.3,18.285714285714285,32,1,Fear
1546666200,36,Fear,2019-01-05,2019-01-05 05:30:00+00:00,2019,1,Jan,2019Q1,Fear,31.428571428571427,23.066666666666666,4.571428571428573,33,1,Fear
1546752600,31,Fear,2019-01-06,2019-01-06 05:30:00+00:00,2019,1,Jan,2019Q1,Fear,32.57142857142857,23.733333333333334,-1.5714285714285694,33,2,Fear
1546839000,39,Fear,2019-01-07,2019-01-07 05:30:00+00:00,2019,1,Jan,2019Q1,Fear,34.42857142857143,24.666666666666668,4.571428571428569,33,3,Fear
1546925400,39,Fear,2019-01-08,2019-01-08 05:30:00+00:00,2019,1,Jan,2019Q1,Fear,36.57142857142857,25.5,2.4285714285714306,33,4,Fear
1547011800,42,Fear,2019-01-09,2019-01-09 05:30:00+00:00,2019,1,Jan,2019Q1,Fear,38.285714285714285,26.266666666666666,3.7142857142857153,33,5,Fear
1547098200,37,Fear,2019-01-10,2019-01-10 05:30:00+00:00,2019,1,Jan,2019Q1,Fear,38.857142857142854,27.0,-1.857142857142854,33,6,Fear
1547184600,19,Extreme Fear,2019-01-11,2019-01-11 05:30:00+00:00,2019,1,Jan,2019Q1,Fear,34.714285714285715,27.166666666666668,-15.714285714285715,33,7,Fear
1547271000,22,Extreme Fear,2019-01-12,2019-01-12 05:30:00+00:00,2019,1,Jan,2019Q1,Fear,32.714285714285715,27.433333333333334,-10.714285714285715,33,8,Fear
1547357400,21,Extreme Fear,2019-01-13,2019-01-13 05:30:00+00:00,2019,1,Jan,2019Q1,Fear,31.285714285714285,27.8,-10.285714285714285,33,9,Fear
1547443800,16,Extreme Fear,2019-01-14,2019-01-14 05:30:00+00:00,2019,1,Jan,2019Q1,Fear,28.0,27.966666666666665,-12.0,33,10,Fear
1547530200,27,Fear,2019-01-15,2019-01-15 05:30:00+00:00,2019,1,Jan,2019Q1,Fear,26.285714285714285,28.433333333333334,0.7142857142857153,33,11,Fear
1547616600,24,Extreme Fear,2019-01-16,2019-01-16 05:30:00+00:00,2019,1,Jan,2019Q1,Fear,23.714285714285715,28.666666666666668,0.2857142857142847,33,12,Fear
1547703000,28,Fear,2019-01-17,2019-01-17 05:30:00+00:00,2019,1,Jan,2019Q1,Fear,22.428571428571427,28.833333333333332,5.571428571428573,33,13,Fear
1547789400,29,Fear,2019-01-18,2019-01-18 05:30:00+00:00,2019,1,Jan,2019Q1,Fear,23.857142857142858,29.1,5.142857142857142,33,14,Fear
1547875800,31,Fear,2019-01-19,2019-01-19 05:30:00+00:00,2019,1,Jan,2019Q1,Fear,25.142857142857142,29.233333333333334,5.857142857142858,33,15,Fear
1547962200,35,Fear,2019-01-20,2019-01-20 05:30:00+00:00,2019,1,Jan,2019Q1,Fear,27.142857142857142,29.233333333333334,7.857142857142858,33,16,Fear
1548048600,30,Fear,2019-01-21,2019-01-21 05:30:00+00:00,2019,1,Jan,2019Q1,Fear,29.142857142857142,29.3,0.8571428571428577,33,17,Fear
1548135000,27,Fear,2019-01-22,2019-01-22 05:30:00+00:00,2019,1,Jan,2019Q1,Fear,29.142857142857142,29.166666666666668,-2.1428571428571423,33,18,Fear
1548221400,33,Fear,2019-01-23,2019-01-23 05:30:00+00:00,2019,1,Jan,2019Q1,Fear,30.428571428571427,29.433333333333334,2.571428571428573,33,19,Fear
1548307800,37,Fear,2019-01-24,2019-01-24 05:30:00+00:00,2019,1,Jan,2019Q1,Fear,31.714285714285715,29.566666666666666,5.285714285714285,33,20,Fear
1548394200,35,Fear,2019-01-25,2019-01-25 05:30:00+00:00,2019,1,Jan,2019Q1,Fear,32.57142857142857,29.866666666666667,2.4285714285714306,33,21,Fear
1548480600,41,Fear,2019-01-26,2019-01-26 05:30:00+00:00,2019,1,Jan,2019Q1,Fear,34.0,30.266666666666666,7.0,33,22,Fear
1548567000,39,Fear,2019-01-27,2019-01-27 05:30:00+00:00,2019,1,Jan,2019Q1,Fear,34.57142857142857,30.866666666666667,4.428571428571431,33,23,Fear
1548653400,35,Fear,2019-01-28,2019-01-28 05:30:00+00:00,2019,1,Jan,2019Q1,Fear,35.285714285714285,31.233333333333334,-0.2857142857142847,33,24,Fear
1548739800,21,Extreme Fear,2019-01-29,2019-01-29 05:30:00+00:00,2019,1,Jan,2019Q1,Fear,34.42857142857143,31.166666666666668,-13.42857142857143,33,25,Fear
1548826200,22,Extreme Fear,2019-01-30,2019-01-30 05:30:00+00:00,2019,1,Jan,2019Q1,Fear,32.857142857142854,31.033333333333335,-10.857142857142854,33,26,Fear
1548912600,17,Extreme Fear,2019-01-31,2019-01-31 05:30:00+00:00,2019,1,Jan,2019Q1,Fear,30.0,30.8,-13.0,33,27,Fear
1548999000,23,Extreme Fear,2019-02-01,2019-02-01 05:30:00+00:00,2019,2,Feb,2019Q1,Fear,28.285714285714285,30.566666666666666,-5.285714285714285,33,28,Fear
1549085400,22,Extreme Fear,2019-02-02,2019-02-02 05:30:00+00:00,2019,2,Feb,2019Q1,Fear,25.571428571428573,30.2,-3.571428571428573,33,29,Fear
1549171800,19,Extreme Fear,2019-02-03,2019-02-03 05:30:00+00:00,2019,2,Feb,2019Q1,Fear,22.714285714285715,29.233333333333334,-3.7142857142857153,33,30,Fear
1549258200,27,Fear,2019-02-04,2019-02-04 05:30:00+00:00,2019,2,Feb,2019Q1,Fear,21.571428571428573,28.933333333333334,5.428571428571427,33,31,Fear
1549344600,21,Extreme Fear,2019-02-05,2019-02-05 05:30:00+00:00,2019,2,Feb,2019Q1,Fear,21.571428571428573,28.6,-0.571428571428573,33,32,Fear
1549431000,14,Extreme Fear,2019-02-06,2019-02-06 05:30:00+00:00,2019,2,Feb,2019Q1,Fear,20.428571428571427,27.766666666666666,-6.428571428571427,33,33,Fear
1549517400,18,Extreme Fear,2019-02-07,2019-02-07 05:30:00+00:00,2019,2,Feb,2019Q1,Fear,20.571428571428573,27.066666666666666,-2.571428571428573,33,34,Fear
1549603800,37,Fear,2019-02-08,2019-02-08 05:30:00+00:00,2019,2,Feb,2019Q1,Fear,22.571428571428573,26.9,14.428571428571427,33,35,Fear
1549690200,42,Fear,2019-02-09,2019-02-09 05:30:00+00:00,2019,2,Feb,2019Q1,Fear,25.428571428571427,27.066666666666666,16.571428571428573,33,36,Fear
1549776600,40,Fear,2019-02-10,2019-02-10 05:30:00+00:00,2019,2,Feb,2019Q1,Fear,28.428571428571427,27.766666666666666,11.571428571428573,33,37,Neutral
1549863000,46,Neutral,2019-02-11,2019-02-11 05:30:00+00:00,2019,2,Feb,2019Q1,Neutral,31.142857142857142,28.566666666666666,14.857142857142858,34,1,Fear
1549949400,38,Fear,2019-02-12,2019-02-12 05:30:00+00:00,2019,2,Feb,2019Q1,Fear,33.57142857142857,29.133333333333333,4.428571428571431,35,1,Neutral
1550035800,48,Neutral,2019-02-13,2019-02-13 05:30:00+00:00,2019,2,Feb,2019Q1,Neutral,38.42857142857143,30.2,9.57142857142857,36,1,Neutral
1550122200,48,Neutral,2019-02-14,2019-02-14 05:30:00+00:00,2019,2,Feb,2019Q1,Neutral,42.714285714285715,30.9,5.285714285714285,36,2,Fear
1550208600,43,Fear,2019-02-15,2019-02-15 05:30:00+00:00,2019,2,Feb,2019Q1,Fear,43.57142857142857,31.533333333333335,-0.5714285714285694,37,1,Fear
1550295000,43,Fear,2019-02-16,2019-02-16 05:30:00+00:00,2019,2,Feb,2019Q1,Fear,43.714285714285715,32.03333333333333,-0.7142857142857153,37,2,Fear
1550381400,38,Fear,2019-02-17,2019-02-17 05:30:00+00:00,2019,2,Feb,2019Q1,Fear,43.42857142857143,32.333333333333336,-5.428571428571431,37,3,Greed
1550467800,63,Greed,2019-02-18,2019-02-18 05:30:00+00:00,2019,2,Feb,2019Q1,Greed,45.857142857142854,33.4,17.142857142857146,38,1,Greed
1550554200,65,Greed,2019-02-19,2019-02-19 05:30:00+00:00,2019,2,Feb,2019Q1,Greed,49.714285714285715,34.4,15.285714285714285,38,2,Greed
1550640600,59,Greed,2019-02-20,2019-02-20 05:30:00+00:00,2019,2,Feb,2019Q1,Greed,51.285714285714285,35.36666666666667,7.714285714285715,38,3,Greed
1550727000,59,Greed,2019-02-21,2019-02-21 05:30:00+00:00,2019,2,Feb,2019Q1,Greed,52.857142857142854,36.43333333333333,6.142857142857146,38,4,Greed
1550813400,61,Greed,2019-02-22,2019-02-22 05:30:00+00:00,2019,2,Feb,2019Q1,Greed,55.42857142857143,37.36666666666667,5.571428571428569,38,5,Greed
1550899800,63,Greed,2019-02-23,2019-02-23 05:30:00+00:00,2019,2,Feb,2019Q1,Greed,58.285714285714285,38.233333333333334,4.714285714285715,38,6,Greed
1550986200,69,Greed,2019-02-24,2019-02-24 05:30:00+00:00,2019,2,Feb,2019Q1,Greed,62.714285714285715,39.36666666666667,6.285714285714285,38,7,Neutral
1551072600,47,Neutral,2019-02-25,2019-02-25 05:30:00+00:00,2019,2,Feb,2019Q1,Neutral,60.42857142857143,39.56666666666667,-13.42857142857143,39,1,Fear
1551159000,40,Fear,2019-02-26,2019-02-26 05:30:00+00:00,2019,2,Feb,2019Q1,Fear,56.857142857142854,39.6,-16.857142857142854,40,1,Fear
1551245400,39,Fear,2019-02-27,2019-02-27 05:30:00+00:00,2019,2,Feb,2019Q1,Fear,54.0,39.733333333333334,-15.0,40,2,Fear
1551331800,39,Fear,2019-02-28,2019-02-28 05:30:00+00:00,2019,2,Feb,2019Q1,Fear,51.142857142857146,40.333333333333336,-12.142857142857146,40,3,Fear
1551418200,42,Fear,2019-03-01,2019-03-01 05:30:00+00:00,2019,3,Mar,2019Q1,Fear,48.42857142857143,41.0,-6.428571428571431,40,4,Fear
1551504600,41,Fear,2019-03-02,2019-03-02 05:30:00+00:00,2019,3,Mar,2019Q1,Fear,45.285714285714285,41.8,-4.285714285714285,40,5,Fear
1551591000,44,Fear,2019-03-03,2019-03-03 05:30:00+00:00,2019,3,Mar,2019Q1,Fear,41.714285714285715,42.5,2.2857142857142847,40,6,Fear
1551677400,36,Fear,2019-03-04,2019-03-04 05:30:00+00:00,2019,3,Mar,2019Q1,Fear,40.142857142857146,42.96666666666667,-4.142857142857146,40,7,Fear
1551763800,35,Fear,2019-03-05,2019-03-05 05:30:00+00:00,2019,3,Mar,2019Q1,Fear,39.42857142857143,43.5,-4.428571428571431,40,8,Fear
1551850200,42,Fear,2019-03-06,2019-03-06 05:30:00+00:00,2019,3,Mar,2019Q1,Fear,39.857142857142854,44.0,2.142857142857146,40,9,Greed
1551936600,56,Greed,2019-03-07,2019-03-07 05:30:00+00:00,2019,3,Mar,2019Q1,Greed,42.285714285714285,45.166666666666664,13.714285714285715,41,1,Neutral
1552023000,54,Neutral,2019-03-08,2019-03-08 05:30:00+00:00,2019,3,Mar,2019Q1,Neutral,44.0,46.5,10.0,42,1,Greed
1552109400,55,Greed,2019-03-09,2019-03-09 05:30:00+00:00,2019,3,Mar,2019Q1,Greed,46.0,47.733333333333334,9.0,43,1,Greed
1552195800,55,Greed,2019-03-10,2019-03-10 05:30:00+00:00,2019,3,Mar,2019Q1,Greed,47.57142857142857,48.333333333333336,7.428571428571431,43,2,Greed
1552282200,56,Greed,2019-03-11,2019-03-11 05:30:00+00:00,2019,3,Mar,2019Q1,Greed,50.42857142857143,48.8,5.571428571428569,43,3,Greed
1552368600,56,Greed,2019-03-12,2019-03-12 05:30:00+00:00,2019,3,Mar,2019Q1,Greed,53.42857142857143,49.333333333333336,2.5714285714285694,43,4,Neutral
1552455000,54,Neutral,2019-03-13,2019-03-13 05:30:00+00:00,2019,3,Mar,2019Q1,Neutral,55.142857142857146,49.6,-1.142857142857146,44,1,Greed
1552541400,55,Greed,2019-03-14,2019-03-14 05:30:00+00:00,2019,3,Mar,2019Q1,Greed,55.0,50.166666666666664,0.0,45,1,Greed
1552627800,55,Greed,2019-03-15,2019-03-15 05:30:00+00:00,2019,3,Mar,2019Q1,Greed,55.142857142857146,50.4,-0.1428571428571459,45,2,Neutral
1552714200,54,Neutral,2019-03-16,2019-03-16 05:30:00+00:00,2019,3,Mar,2019Q1,Neutral,55.0,50.6,-1.0,46,1,Greed
1552800600,58,Greed,2019-03-17,2019-03-17 05:30:00+00:00,2019,3,Mar,2019Q1,Greed,55.42857142857143,51.1,2.5714285714285694,47,1,Greed
1552887000,56,Greed,2019-03-18,2019-03-18 05:30:00+00:00,2019,3,Mar,2019Q1,Greed,55.42857142857143,51.53333333333333,0.5714285714285694,47,2,Greed
1552973400,56,Greed,2019-03-19,2019-03-19 05:30:00+00:00,2019,3,Mar,2019Q1,Greed,55.42857142857143,52.13333333333333,0.5714285714285694,47,3,Greed
1553059800,55,Greed,2019-03-20,2019-03-20 05:30:00+00:00,2019,3,Mar,2019Q1,Greed,55.57142857142857,51.86666666666667,-0.5714285714285694,47,4,Greed
1553146200,62,Greed,2019-03-21,2019-03-21 05:30:00+00:00,2019,3,Mar,2019Q1,Greed,56.57142857142857,51.766666666666666,5.428571428571431,47,5,Greed
1553232600,56,Greed,2019-03-22,2019-03-22 05:30:00+00:00,2019,3,Mar,2019Q1,Greed,56.714285714285715,51.666666666666664,-0.7142857142857153,47,6,Neutral
1553319000,50,Neutral,2019-03-23,2019-03-23 05:30:00+00:00,2019,3,Mar,2019Q1,Neutral,56.142857142857146,51.36666666666667,-6.142857142857146,48,1,Fear
1553405400,44,Fear,2019-03-24,2019-03-24 05:30:00+00:00,2019,3,Mar,2019Q1,Fear,54.142857142857146,50.8,-10.142857142857146,49,1,Neutral
1553491800,46,Neutral,2019-03-25,2019-03-25 05:30:00+00:00,2019,3,Mar,2019Q1,Neutral,52.714285714285715,50.233333333333334,-6.714285714285715,50,1,Fear
1553578200,43,Fear,2019-03-26,2019-03-26 05:30:00+00:00,2019,3,Mar,2019Q1,Fear,50.857142857142854,49.36666666666667,-7.857142857142854,51,1,Fear
1553664600,44,Fear,2019-03-27,2019-03-27 05:30:00+00:00,2019,3,Mar,2019Q1,Fear,49.285714285714285,49.266666666666666,-5.285714285714285,51,2,Neutral
1553751000,49,Neutral,2019-03-28,2019-03-28 05:30:00+00:00,2019,3,Mar,2019Q1,Neutral,47.42857142857143,49.56666666666667,1.5714285714285694,52,1,Neutral
1553837400,50,Neutral,2019-03-29,2019-03-29 05:30:00+00:00,2019,3,Mar,2019Q1,Neutral,46.57142857142857,49.93333333333333,3.4285714285714306,52,2,Greed
1553923800,57,Greed,2019-03-30,2019-03-30 05:30:00+00:00,2019,3,Mar,2019Q1,Greed,47.57142857142857,50.53333333333333,9.42857142857143,53,1,Greed
1554010200,56,Greed,2019-03-31,2019-03-31 05:30:00+00:00,2019,3,Mar,2019Q1,Greed,49.285714285714285,51.0,6.714285714285715,53,2,Greed
1554096600,62,Greed,2019-04-01,2019-04-01 05:30:00+00:00,2019,4,Apr,2019Q2,Greed,51.57142857142857,51.7,10.42857142857143,53,3,Greed
1554183000,60,Greed,2019-04-02,2019-04-02 05:30:00+00:00,2019,4,Apr,2019Q2,Greed,54.0,52.233333333333334,6.0,53,4,Greed
1554269400,71,Greed,2019-04-03,2019-04-03 05:30:00+00:00,2019,4,Apr,2019Q2,Greed,57.857142857142854,53.4,13.142857142857146,53,5,Greed
1554355800,61,Greed,2019-04-04,2019-04-04 05:30:00+00:00,2019,4,Apr,2019Q2,Greed,59.57142857142857,54.266666666666666,1.4285714285714306,53,6,Greed
1554442200,59,Greed,2019-04-05,2019-04-05 05:30:00+00:00,2019,4,Apr,2019Q2,Greed,60.857142857142854,54.833333333333336,-1.857142857142854,53,7,Greed
1554528600,65,Greed,2019-04-06,2019-04-06 05:30:00+00:00,2019,4,Apr,2019Q2,Greed,62.0,55.13333333333333,3.0,53,8,Greed
1554615000,69,Greed,2019-04-07,2019-04-07 05:30:00+00:00,2019,4,Apr,2019Q2,Greed,63.857142857142854,55.63333333333333,5.142857142857146,53,9,Greed
1554701400,65,Greed,2019-04-08,2019-04-08 05:30:00+00:00,2019,4,Apr,2019Q2,Greed,64.28571428571429,55.96666666666667,0.7142857142857082,53,10,Greed
1554787800,64,Greed,2019-04-09,2019-04-09 05:30:00+00:00,2019,4,Apr,2019Q2,Greed,64.85714285714286,56.266666666666666,-0.8571428571428612,53,11,Greed
1554874200,62,Greed,2019-04-10,2019-04-10 05:30:00+00:00,2019,4,Apr,2019Q2,Greed,63.57142857142857,56.46666666666667,-1.5714285714285694,53,12,Greed
1554960600,65,Greed,2019-04-11,2019-04-11 05:30:00+00:00,2019,4,Apr,2019Q2,Greed,64.14285714285714,56.766666666666666,0.8571428571428612,53,13,Fear
1555047000,42,Fear,2019-04-12,2019-04-12 05:30:00+00:00,2019,4,Apr,2019Q2,Fear,61.714285714285715,56.36666666666667,-19.714285714285715,54,1,Greed
1555133400,62,Greed,2019-04-13,2019-04-13 05:30:00+00:00,2019,4,Apr,2019Q2,Greed,61.285714285714285,56.6,0.7142857142857153,55,1,Neutral
1555219800,51,Neutral,2019-04-14,2019-04-14 05:30:00+00:00,2019,4,Apr,2019Q2,Neutral,58.714285714285715,56.46666666666667,-7.714285714285715,56,1,Greed
1555306200,60,Greed,2019-04-15,2019-04-15 05:30:00+00:00,2019,4,Apr,2019Q2,Greed,58.0,56.666666666666664,2.0,57,1,Neutral
1555392600,50,Neutral,2019-04-16,2019-04-16 05:30:00+00:00,2019,4,Apr,2019Q2,Neutral,56.0,56.4,-6.0,58,1,Greed
1555479000,61,Greed,2019-04-17,2019-04-17 05:30:00+00:00,2019,4,Apr,2019Q2,Greed,55.857142857142854,56.56666666666667,5.142857142857146,59,1,Greed
1555565400,64,Greed,2019-04-18,2019-04-18 05:30:00+00:00,2019,4,Apr,2019Q2,Greed,55.714285714285715,56.833333333333336,8.285714285714285,59,2,Greed
1555651800,61,Greed,2019-04-19,2019-04-19 05:30:00+00:00,2019,4,Apr,2019Q2,Greed,58.42857142857143,57.03333333333333,2.5714285714285694,59,3,Greed
1555738200,62,Greed,2019-04-20,2019-04-20 05:30:00+00:00,2019,4,Apr,2019Q2,Greed,58.42857142857143,57.03333333333333,3.5714285714285694,59,4,Greed
1555824600,62,Greed,2019-04-21,2019-04-21 05:30:00+00:00,2019,4,Apr,2019Q2,Greed,60.0,57.233333333333334,2.0,59,5,Greed
1555911000,61,Greed,2019-04-22,2019-04-22 05:30:00+00:00,2019,4,Apr,2019Q2,Greed,60.142857142857146,57.6,0.8571428571428541,59,6,Greed
1555997400,68,Greed,2019-04-23,2019-04-23 05:30:00+00:00,2019,4,Apr,2019Q2,Greed,62.714285714285715,58.4,5.285714285714285,59,7,Greed
1556083800,65,Greed,2019-04-24,2019-04-24 05:30:00+00:00,2019,4,Apr,2019Q2,Greed,63.285714285714285,59.03333333333333,1.7142857142857153,59,8,Greed
1556170200,58,Greed,2019-04-25,2019-04-25 05:30:00+00:00,2019,4,Apr,2019Q2,Greed,62.42857142857143,59.53333333333333,-4.428571428571431,59,9,Fear
1556256600,41,Fear,2019-04-26,2019-04-26 05:30:00+00:00,2019,4,Apr,2019Q2,Fear,59.57142857142857,59.43333333333333,-18.57142857142857,60,1,Fear
1556343000,42,Fear,2019-04-27,2019-04-27 05:30:00+00:00,2019,4,Apr,2019Q2,Fear,56.714285714285715,59.2,-14.714285714285715,60,2,Fear
1556429400,40,Fear,2019-04-28,2019-04-28 05:30:00+00:00,2019,4,Apr,2019Q2,Fear,53.57142857142857,58.86666666666667,-13.57142857142857,60,3,Fear
1556515800,42,Fear,2019-04-29,2019-04-29 05:30:00+00:00,2019,4,Apr,2019Q2,Fear,50.857142857142854,58.36666666666667,-8.857142857142854,60,4,Fear
1556602200,42,Fear,2019-04-30,2019-04-30 05:30:00+00:00,2019,4,Apr,2019Q2,Fear,47.142857142857146,57.9,-5.142857142857146,60,5,Neutral
1556688600,51,Neutral,2019-05-01,2019-05-01 05:30:00+00:00,2019,5,May,2019Q2,Neutral,45.142857142857146,57.53333333333333,5.857142857142854,61,1,Neutral
1556775000,50,Neutral,2019-05-02,2019-05-02 05:30:00+00:00,2019,5,May,2019Q2,Neutral,44.0,57.2,6.0,61,2,Greed
1556861400,63,Greed,2019-05-03,2019-05-03 05:30:00+00:00,2019,5,May,2019Q2,Greed,47.142857142857146,56.93333333333333,15.857142857142854,62,1,Greed
1556947800,66,Greed,2019-05-04,2019-05-04 05:30:00+00:00,2019,5,May,2019Q2,Greed,50.57142857142857,57.1,15.42857142857143,62,2,Greed
1557034200,67,Greed,2019-05-05,2019-05-05 05:30:00+00:00,2019,5,May,2019Q2,Greed,54.42857142857143,57.36666666666667,12.57142857142857,62,3,Greed
1557120600,57,Greed,2019-05-06,2019-05-06 05:30:00+00:00,2019,5,May,2019Q2,Greed,56.57142857142857,57.1,0.4285714285714306,62,4,Greed
1557207000,69,Greed,2019-05-07,2019-05-07 05:30:00+00:00,2019,5,May,2019Q2,Greed,60.42857142857143,57.1,8.57142857142857,62,5,Greed
1557293400,63,Greed,2019-05-08,2019-05-08 05:30:00+00:00,2019,5,May,2019Q2,Greed,62.142857142857146,57.03333333333333,0.8571428571428541,62,6,Greed
1557379800,69,Greed,2019-05-09,2019-05-09 05:30:00+00:00,2019,5,May,2019Q2,Greed,64.85714285714286,57.2,4.142857142857139,62,7,Greed
1557466200,71,Greed,2019-05-10,2019-05-10 05:30:00+00:00,2019,5,May,2019Q2,Greed,66.0,57.5,5.0,62,8,Greed
1557552600,76,Extreme Greed,2019-05-11,2019-05-11 05:30:00+00:00,2019,5,May,2019Q2,Greed,67.42857142857143,57.86666666666667,8.57142857142857,62,9,Greed
1557639000,75,Extreme Greed,2019-05-12,2019-05-12 05:30:00+00:00,2019,5,May,2019Q2,Greed,68.57142857142857,58.96666666666667,6.428571428571431,62,10,Greed
1557725400,78,Extreme Greed,2019-05-13,2019-05-13 05:30:00+00:00,2019,5,May,2019Q2,Greed,71.57142857142857,59.5,6.428571428571431,62,11,Greed
1557811800,78,Extreme Greed,2019-05-14,2019-05-14 05:30:00+00:00,2019,5,May,2019Q2,Greed,72.85714285714286,60.4,5.142857142857139,62,12,Greed
1557898200,77,Extreme Greed,2019-05-15,2019-05-15 05:30:00+00:00,2019,5,May,2019Q2,Greed,74.85714285714286,60.96666666666667,2.142857142857139,62,13,Greed
1557984600,75,Extreme Greed,2019-05-16,2019-05-16 05:30:00+00:00,2019,5,May,2019Q2,Greed,75.71428571428571,61.8,-0.7142857142857082,62,14,Greed
1558071000,65,Greed,2019-05-17,2019-05-17 05:30:00+00:00,2019,5,May,2019Q2,Greed,74.85714285714286,61.93333333333333,-9.857142857142861,62,15,Greed
1558157400,67,Greed,2019-05-18,2019-05-18 05:30:00+00:00,2019,5,May,2019Q2,Greed,73.57142857142857,62.03333333333333,-6.571428571428569,62,16,Greed
1558243800,70,Greed,2019-05-19,2019-05-19 05:30:00+00:00,2019,5,May,2019Q2,Greed,72.85714285714286,62.333333333333336,-2.857142857142861,62,17,Greed
1558330200,73,Greed,2019-05-20,2019-05-20 05:30:00+00:00,2019,5,May,2019Q2,Greed,72.14285714285714,62.7,0.8571428571428612,62,18,Greed
1558416600,68,Greed,2019-05-21,2019-05-21 05:30:00+00:00,2019,5,May,2019Q2,Greed,70.71428571428571,62.9,-2.714285714285708,62,19,Greed
1558503000,69,Greed,2019-05-22,2019-05-22 05:30:00+00:00,2019,5,May,2019Q2,Greed,69.57142857142857,63.166666666666664,-0.5714285714285694,62,20,Greed
1558589400,65,Greed,2019-05-23,2019-05-23 05:30:00+00:00,2019,5,May,2019Q2,Greed,68.14285714285714,63.06666666666667,-3.142857142857139,62,21,Greed
1558675800,64,Greed,2019-05-24,2019-05-24 05:30:00+00:00,2019,5,May,2019Q2,Greed,68.0,63.03333333333333,-4.0,62,22,Greed
1558762200,69,Greed,2019-05-25,2019-05-25 05:30:00+00:00,2019,5,May,2019Q2,Greed,68.28571428571429,63.4,0.7142857142857082,62,23,Greed
1558848600,67,Greed,2019-05-26,2019-05-26 05:30:00+00:00,2019,5,May,2019Q2,Greed,67.85714285714286,64.26666666666667,-0.8571428571428612,62,24,Greed
1558935000,70,Greed,2019-05-27,2019-05-27 05:30:00+00:00,2019,5,May,2019Q2,Greed,67.42857142857143,65.2,2.5714285714285694,62,25,Greed
1559021400,71,Greed,2019-05-28,2019-05-28 05:30:00+00:00,2019,5,May,2019Q2,Greed,67.85714285714286,66.23333333333333,3.142857142857139,62,26,Greed
1559107800,71,Greed,2019-05-29,2019-05-29 05:30:00+00:00,2019,5,May,2019Q2,Greed,68.14285714285714,67.2,2.857142857142861,62,27,Greed
1559194200,73,Greed,2019-05-30,2019-05-30 05:30:00+00:00,2019,5,May,2019Q2,Greed,69.28571428571429,68.23333333333333,3.714285714285708,62,28,Greed
1559280600,61,Greed,2019-05-31,2019-05-31 05:30:00+00:00,2019,5,May,2019Q2,Greed,68.85714285714286,68.56666666666666,-7.857142857142861,62,29,Greed
1559367000,62,Greed,2019-06-01,2019-06-01 05:30:00+00:00,2019,6,Jun,2019Q2,Greed,67.85714285714286,68.96666666666667,-5.857142857142861,62,30,Greed
1559453400,63,Greed,2019-06-02,2019-06-02 05:30:00+00:00,2019,6,Jun,2019Q2,Greed,67.28571428571429,68.96666666666667,-4.285714285714292,62,31,Greed
1559539800,66,Greed,2019-06-03,2019-06-03 05:30:00+00:00,2019,6,Jun,2019Q2,Greed,66.71428571428571,68.96666666666667,-0.7142857142857082,62,32,Fear
1559626200,42,Fear,2019-06-04,2019-06-04 05:30:00+00:00,2019,6,Jun,2019Q2,Fear,62.57142857142857,68.13333333333334,-20.57142857142857,63,1,Fear
1559712600,27,Fear,2019-06-05,2019-06-05 05:30:00+00:00,2019,6,Jun,2019Q2,Fear,56.285714285714285,67.13333333333334,-29.285714285714285,63,2,Fear
1559799000,34,Fear,2019-06-06,2019-06-06 05:30:00+00:00,2019,6,Jun,2019Q2,Fear,50.714285714285715,65.96666666666667,-16.714285714285715,63,3,Fear
1559885400,27,Fear,2019-06-07,2019-06-07 05:30:00+00:00,2019,6,Jun,2019Q2,Fear,45.857142857142854,64.76666666666667,-18.857142857142854,63,4,Greed
1559971800,62,Greed,2019-06-08,2019-06-08 05:30:00+00:00,2019,6,Jun,2019Q2,Greed,45.857142857142854,64.53333333333333,16.142857142857146,64,1,Greed
1560058200,62,Greed,2019-06-09,2019-06-09 05:30:00+00:00,2019,6,Jun,2019Q2,Greed,45.714285714285715,64.23333333333333,16.285714285714285,64,2,Neutral
1560144600,46,Neutral,2019-06-10,2019-06-10 05:30:00+00:00,2019,6,Jun,2019Q2,Neutral,42.857142857142854,63.233333333333334,3.142857142857146,65,1,Greed
1560231000,61,Greed,2019-06-11,2019-06-11 05:30:00+00:00,2019,6,Jun,2019Q2,Greed,45.57142857142857,62.766666666666666,15.42857142857143,66,1,Greed
1560317400,60,Greed,2019-06-12,2019-06-12 05:30:00+00:00,2019,6,Jun,2019Q2,Greed,50.285714285714285,62.166666666666664,9.714285714285715,66,2,Greed
1560403800,63,Greed,2019-06-13,2019-06-13 05:30:00+00:00,2019,6,Jun,2019Q2,Greed,54.42857142857143,61.666666666666664,8.57142857142857,66,3,Greed
1560490200,67,Greed,2019-06-14,2019-06-14 05:30:00+00:00,2019,6,Jun,2019Q2,Greed,60.142857142857146,61.333333333333336,6.857142857142854,66,4,Greed
1560576600,75,Extreme Greed,2019-06-15,2019-06-15 05:30:00+00:00,2019,6,Jun,2019Q2,Greed,62.0,61.333333333333336,13.0,66,5,Greed
1560663000,80,Extreme Greed,2019-06-16,2019-06-16 05:30:00+00:00,2019,6,Jun,2019Q2,Greed,64.57142857142857,61.833333333333336,15.42857142857143,66,6,Greed
1560749400,84,Extreme Greed,2019-06-17,2019-06-17 05:30:00+00:00,2019,6,Jun,2019Q2,Greed,70.0,62.4,14.0,66,7,Greed
1560835800,83,Extreme Greed,2019-06-18,2019-06-18 05:30:00+00:00,2019,6,Jun,2019Q2,Greed,73.14285714285714,62.833333333333336,9.857142857142861,66,8,Greed
1560922200,82,Extreme Greed,2019-06-19,2019-06-19 05:30:00+00:00,2019,6,Jun,2019Q2,Greed,76.28571428571429,63.13333333333333,5.714285714285708,66,9,Greed
1561008600,81,Extreme Greed,2019-06-20,2019-06-20 05:30:00+00:00,2019,6,Jun,2019Q2,Greed,78.85714285714286,63.56666666666667,2.142857142857139,66,10,Greed
1561095000,84,Extreme Greed,2019-06-21,2019-06-21 05:30:00+00:00,2019,6,Jun,2019Q2,Greed,81.28571428571429,64.06666666666666,2.714285714285708,66,11,Greed
1561181400,83,Extreme Greed,2019-06-22,2019-06-22 05:30:00+00:00,2019,6,Jun,2019Q2,Greed,82.42857142857143,64.66666666666667,0.5714285714285694,66,12,Greed
1561267800,84,Extreme Greed,2019-06-23,2019-06-23 05:30:00+00:00,2019,6,Jun,2019Q2,Greed,83.0,65.33333333333333,1.0,66,13,Greed
1561354200,80,Extreme Greed,2019-06-24,2019-06-24 05:30:00+00:00,2019,6,Jun,2019Q2,Greed,82.42857142857143,65.7,-2.4285714285714306,66,14,Greed
1561440600,87,Extreme Greed,2019-06-25,2019-06-25 05:30:00+00:00,2019,6,Jun,2019Q2,Greed,83.0,66.36666666666666,4.0,66,15,Greed
1561527000,95,Extreme Greed,2019-06-26,2019-06-26 05:30:00+00:00,2019,6,Jun,2019Q2,Greed,84.85714285714286,67.2,10.142857142857139,66,16,Greed
1561613400,92,Extreme Greed,2019-06-27,2019-06-27 05:30:00+00:00,2019,6,Jun,2019Q2,Greed,86.42857142857143,67.9,5.571428571428569,66,17,Greed
1561699800,62,Greed,2019-06-28,2019-06-28 05:30:00+00:00,2019,6,Jun,2019Q2,Greed,83.28571428571429,67.6,-21.285714285714292,66,18,Greed
1561786200,74,Greed,2019-06-29,2019-06-29 05:30:00+00:00,2019,6,Jun,2019Q2,Greed,82.0,67.63333333333334,-8.0,66,19,Greed
1561872600,78,Extreme Greed,2019-06-30,2019-06-30 05:30:00+00:00,2019,6,Jun,2019Q2,Greed,81.14285714285714,68.2,-3.142857142857139,66,20,Greed
1561959000,65,Greed,2019-07-01,2019-07-01 05:30:00+00:00,2019,7,Jul,2019Q3,Greed,79.0,68.3,-14.0,66,21,Greed
1562045400,63,Greed,2019-07-02,2019-07-02 05:30:00+00:00,2019,7,Jul,2019Q3,Greed,75.57142857142857,68.3,-12.57142857142857,66,22,Greed
1562131800,79,Extreme Greed,2019-07-03,2019-07-03 05:30:00+00:00,2019,7,Jul,2019Q3,Greed,73.28571428571429,68.73333333333333,5.714285714285708,66,23,Greed
1562218200,76,Extreme Greed,2019-07-04,2019-07-04 05:30:00+00:00,2019,7,Jul,2019Q3,Greed,71.0,69.86666666666666,5.0,66,24,Greed
1562304600,67,Greed,2019-07-05,2019-07-05 05:30:00+00:00,2019,7,Jul,2019Q3,Greed,71.71428571428571,71.2,-4.714285714285708,66,25,Greed
1562391000,72,Greed,2019-07-06,2019-07-06 05:30:00+00:00,2019,7,Jul,2019Q3,Greed,71.42857142857143,72.46666666666667,0.5714285714285694,66,26,Greed
1562477400,67,Greed,2019-07-07,2019-07-07 05:30:00+00:00,2019,7,Jul,2019Q3,Greed,69.85714285714286,73.8,-2.857142857142861,66,27,Greed
1562563800,74,Greed,2019-07-08,2019-07-08 05:30:00+00:00,2019,7,Jul,2019Q3,Greed,71.14285714285714,74.2,2.857142857142861,66,28,Greed
1562650200,84,Extreme Greed,2019-07-09,2019-07-09 05:30:00+00:00,2019,7,Jul,2019Q3,Greed,74.14285714285714,74.93333333333334,9.857142857142861,66,29,Greed
1562736600,83,Extreme Greed,2019-07-10,2019-07-10 05:30:00+00:00,2019,7,Jul,2019Q3,Greed,74.71428571428571,76.16666666666667,8.285714285714292,66,30,Greed
1562823000,62,Greed,2019-07-11,2019-07-11 05:30:00+00:00,2019,7,Jul,2019Q3,Greed,72.71428571428571,76.2,-10.714285714285708,66,31,Fear
1562909400,33,Fear,2019-07-12,2019-07-12 05:30:00+00:00,2019,7,Jul,2019Q3,Fear,67.85714285714286,75.3,-34.85714285714286,67,1,Greed
1562995800,65,Greed,2019-07-13,2019-07-13 05:30:00+00:00,2019,7,Jul,2019Q3,Greed,66.85714285714286,75.36666666666666,-1.8571428571428612,68,1,Greed
1563082200,61,Greed,2019-07-14,2019-07-14 05:30:00+00:00,2019,7,Jul,2019Q3,Greed,66.0,75.16666666666667,-5.0,68,2,Fear
1563168600,16,Extreme Fear,2019-07-15,2019-07-15 05:30:00+00:00,2019,7,Jul,2019Q3,Fear,57.714285714285715,73.2,-41.714285714285715,69,1,Fear
1563255000,34,Fear,2019-07-16,2019-07-16 05:30:00+00:00,2019,7,Jul,2019Q3,Fear,50.57142857142857,71.66666666666667,-16.57142857142857,69,2,Fear
1563341400,19,Extreme Fear,2019-07-17,2019-07-17 05:30:00+00:00,2019,7,Jul,2019Q3,Fear,41.42857142857143,69.5,-22.42857142857143,69,3,Fear
1563427800,40,Fear,2019-07-18,2019-07-18 05:30:00+00:00,2019,7,Jul,2019Q3,Fear,38.285714285714285,68.06666666666666,1.7142857142857153,69,4,Fear
1563514200,42,Fear,2019-07-19,2019-07-19 05:30:00+00:00,2019,7,Jul,2019Q3,Fear,39.57142857142857,66.73333333333333,2.4285714285714306,69,5,Fear
1563600600,34,Fear,2019-07-20,2019-07-20 05:30:00+00:00,2019,7,Jul,2019Q3,Fear,35.142857142857146,65.16666666666667,-1.142857142857146,69,6,Fear
1563687000,42,Fear,2019-07-21,2019-07-21 05:30:00+00:00,2019,7,Jul,2019Q3,Fear,32.42857142857143,63.766666666666666,9.57142857142857,69,7,Fear
1563773400,42,Fear,2019-07-22,2019-07-22 05:30:00+00:00,2019,7,Jul,2019Q3,Fear,36.142857142857146,62.4,5.857142857142854,69,8,Fear
1563859800,40,Fear,2019-07-23,2019-07-23 05:30:00+00:00,2019,7,Jul,2019Q3,Fear,37.0,60.93333333333333,3.0,69,9,Fear
1563946200,20,Extreme Fear,2019-07-24,2019-07-24 05:30:00+00:00,2019,7,Jul,2019Q3,Fear,37.142857142857146,58.93333333333333,-17.142857142857146,69,10,Fear
1564032600,42,Fear,2019-07-25,2019-07-25 05:30:00+00:00,2019,7,Jul,2019Q3,Fear,37.42857142857143,57.43333333333333,4.571428571428569,69,11,Fear
1564119000,24,Extreme Fear,2019-07-26,2019-07-26 05:30:00+00:00,2019,7,Jul,2019Q3,Fear,34.857142857142854,55.06666666666667,-10.857142857142854,69,12,Neutral
1564205400,47,Neutral,2019-07-27,2019-07-27 05:30:00+00:00,2019,7,Jul,2019Q3,Neutral,36.714285714285715,53.56666666666667,10.285714285714285,70,1,Fear
1564291800,16,Extreme Fear,2019-07-28,2019-07-28 05:30:00+00:00,2019,7,Jul,2019Q3,Fear,33.0,52.03333333333333,-17.0,71,1,Fear
1564378200,19,Extreme Fear,2019-07-29,2019-07-29 05:30:00+00:00,2019,7,Jul,2019Q3,Fear,29.714285714285715,50.2,-10.714285714285715,71,2,Fear
1564464600,22,Extreme Fear,2019-07-30,2019-07-30 05:30:00+00:00,2019,7,Jul,2019Q3,Fear,27.142857142857142,48.333333333333336,-5.142857142857142,71,3,Fear
1564551000,31,Fear,2019-07-31,2019-07-31 05:30:00+00:00,2019,7,Jul,2019Q3,Fear,28.714285714285715,47.2,2.2857142857142847,71,4,Greed
1564637400,57,Greed,2019-08-01,2019-08-01 05:30:00+00:00,2019,8,Aug,2019Q3,Greed,30.857142857142858,47.0,26.142857142857142,72,1,Greed
1564723800,61,Greed,2019-08-02,2019-08-02 05:30:00+00:00,2019,8,Aug,2019Q3,Greed,36.142857142857146,46.4,24.857142857142854,72,2,Greed
1564810200,61,Greed,2019-08-03,2019-08-03 05:30:00+00:00,2019,8,Aug,2019Q3,Greed,38.142857142857146,45.9,22.857142857142854,72,3,Greed
1564896600,62,Greed,2019-08-04,2019-08-04 05:30:00+00:00,2019,8,Aug,2019Q3,Greed,44.714285714285715,45.733333333333334,17.285714285714285,72,4,Greed
1564983000,64,Greed,2019-08-05,2019-08-05 05:30:00+00:00,2019,8,Aug,2019Q3,Greed,51.142857142857146,45.46666666666667,12.857142857142854,72,5,Greed
1565069400,66,Greed,2019-08-06,2019-08-06 05:30:00+00:00,2019,8,Aug,2019Q3,Greed,57.42857142857143,45.43333333333333,8.57142857142857,72,6,Neutral
1565155800,45,Neutral,2019-08-07,2019-08-07 05:30:00+00:00,2019,8,Aug,2019Q3,Neutral,59.42857142857143,44.46666666666667,-14.42857142857143,73,1,Greed
1565242200,61,Greed,2019-08-08,2019-08-08 05:30:00+00:00,2019,8,Aug,2019Q3,Greed,60.0,43.7,1.0,74,1,Greed
1565328600,60,Greed,2019-08-09,2019-08-09 05:30:00+00:00,2019,8,Aug,2019Q3,Greed,59.857142857142854,42.93333333333333,0.1428571428571459,74,2,Greed
1565415000,59,Greed,2019-08-10,2019-08-10 05:30:00+00:00,2019,8,Aug,2019Q3,Greed,59.57142857142857,42.833333333333336,-0.5714285714285694,74,3,Neutral
1565501400,45,Neutral,2019-08-11,2019-08-11 05:30:00+00:00,2019,8,Aug,2019Q3,Neutral,57.142857142857146,43.233333333333334,-12.142857142857146,75,1,Neutral
1565587800,48,Neutral,2019-08-12,2019-08-12 05:30:00+00:00,2019,8,Aug,2019Q3,Neutral,54.857142857142854,42.666666666666664,-6.857142857142854,75,2,Neutral
1565674200,45,Neutral,2019-08-13,2019-08-13 05:30:00+00:00,2019,8,Aug,2019Q3,Neutral,51.857142857142854,42.13333333333333,-6.857142857142854,75,3,Fear
1565760600,11,Extreme Fear,2019-08-14,2019-08-14 05:30:00+00:00,2019,8,Aug,2019Q3,Fear,47.0,41.96666666666667,-36.0,76,1,Fear
1565847000,13,Extreme Fear,2019-08-15,2019-08-15 05:30:00+00:00,2019,8,Aug,2019Q3,Fear,40.142857142857146,41.266666666666666,-27.142857142857146,76,2,Fear
1565933400,31,Fear,2019-08-16,2019-08-16 05:30:00+00:00,2019,8,Aug,2019Q3,Fear,36.0,41.666666666666664,-5.0,76,3,Fear
1566019800,20,Extreme Fear,2019-08-17,2019-08-17 05:30:00+00:00,2019,8,Aug,2019Q3,Fear,30.428571428571427,41.0,-10.428571428571427,76,4,Fear
1566106200,14,Extreme Fear,2019-08-18,2019-08-18 05:30:00+00:00,2019,8,Aug,2019Q3,Fear,26.0,40.06666666666667,-12.0,76,5,Fear
1566192600,30,Fear,2019-08-19,2019-08-19 05:30:00+00:00,2019,8,Aug,2019Q3,Fear,23.428571428571427,39.93333333333333,6.571428571428573,76,6,Fear
1566279000,39,Fear,2019-08-20,2019-08-20 05:30:00+00:00,2019,8,Aug,2019Q3,Fear,22.571428571428573,39.833333333333336,16.428571428571427,76,7,Fear
1566365400,11,Extreme Fear,2019-08-21,2019-08-21 05:30:00+00:00,2019,8,Aug,2019Q3,Fear,22.571428571428573,38.8,-11.571428571428573,76,8,Fear
1566451800,5,Extreme Fear,2019-08-22,2019-08-22 05:30:00+00:00,2019,8,Aug,2019Q3,Fear,21.428571428571427,37.63333333333333,-16.428571428571427,76,9,Fear
1566538200,33,Fear,2019-08-23,2019-08-23 05:30:00+00:00,2019,8,Aug,2019Q3,Fear,21.714285714285715,38.06666666666667,11.285714285714285,76,10,Fear
1566624600,39,Fear,2019-08-24,2019-08-24 05:30:00+00:00,2019,8,Aug,2019Q3,Fear,24.428571428571427,37.96666666666667,14.571428571428573,76,11,Fear
1566711000,33,Fear,2019-08-25,2019-08-25 05:30:00+00:00,2019,8,Aug,2019Q3,Fear,27.142857142857142,38.266666666666666,5.857142857142858,76,12,Fear
1566797400,41,Fear,2019-08-26,2019-08-26 05:30:00+00:00,2019,8,Aug,2019Q3,Fear,28.714285714285715,38.06666666666667,12.285714285714285,76,13,Fear
1566883800,30,Fear,2019-08-27,2019-08-27 05:30:00+00:00,2019,8,Aug,2019Q3,Fear,27.428571428571427,38.53333333333333,2.571428571428573,76,14,Fear
1566970200,32,Fear,2019-08-28,2019-08-28 05:30:00+00:00,2019,8,Aug,2019Q3,Fear,30.428571428571427,38.96666666666667,1.571428571428573,76,15,Fear
1567056600,20,Extreme Fear,2019-08-29,2019-08-29 05:30:00+00:00,2019,8,Aug,2019Q3,Fear,32.57142857142857,38.9,-12.57142857142857,76,16,Fear
1567143000,24,Extreme Fear,2019-08-30,2019-08-30 05:30:00+00:00,2019,8,Aug,2019Q3,Fear,31.285714285714285,38.666666666666664,-7.285714285714285,76,17,Fear
1567229400,20,Extreme Fear,2019-08-31,2019-08-31 05:30:00+00:00,2019,8,Aug,2019Q3,Fear,28.571428571428573,37.43333333333333,-8.571428571428573,76,18,Fear
1567315800,24,Extreme Fear,2019-09-01,2019-09-01 05:30:00+00:00,2019,9,Sep,2019Q3,Fear,27.285714285714285,36.2,-3.2857142857142847,76,19,Fear
1567402200,28,Fear,2019-09-02,2019-09-02 05:30:00+00:00,2019,9,Sep,2019Q3,Fear,25.428571428571427,35.1,2.571428571428573,76,20,Fear
1567488600,41,Fear,2019-09-03,2019-09-03 05:30:00+00:00,2019,9,Sep,2019Q3,Fear,27.0,34.4,14.0,76,21,Fear
1567575000,43,Fear,2019-09-04,2019-09-04 05:30:00+00:00,2019,9,Sep,2019Q3,Fear,28.571428571428573,33.7,14.428571428571427,76,22,Fear
1567661400,41,Fear,2019-09-05,2019-09-05 05:30:00+00:00,2019,9,Sep,2019Q3,Fear,31.571428571428573,32.86666666666667,9.428571428571427,76,23,Fear
1567747800,43,Fear,2019-09-06,2019-09-06 05:30:00+00:00,2019,9,Sep,2019Q3,Fear,34.285714285714285,32.8,8.714285714285715,76,24,Fear
1567834200,39,Fear,2019-09-07,2019-09-07 05:30:00+00:00,2019,9,Sep,2019Q3,Fear,37.0,32.06666666666667,2.0,76,25,Fear
1567920600,43,Fear,2019-09-08,2019-09-08 05:30:00+00:00,2019,9,Sep,2019Q3,Fear,39.714285714285715,31.5,3.2857142857142847,76,26,Fear
1568007000,41,Fear,2019-09-09,2019-09-09 05:30:00+00:00,2019,9,Sep,2019Q3,Fear,41.57142857142857,30.9,-0.5714285714285694,76,27,Fear
1568093400,41,Fear,2019-09-10,2019-09-10 05:30:00+00:00,2019,9,Sep,2019Q3,Fear,41.57142857142857,30.766666666666666,-0.5714285714285694,76,28,Fear
1568179800,38,Fear,2019-09-11,2019-09-11 05:30:00+00:00,2019,9,Sep,2019Q3,Fear,40.857142857142854,30.433333333333334,-2.857142857142854,76,29,Fear
1568266200,39,Fear,2019-09-12,2019-09-12 05:30:00+00:00,2019,9,Sep,2019Q3,Fear,40.57142857142857,30.233333333333334,-1.5714285714285694,76,30,Fear
1568352600,38,Fear,2019-09-13,2019-09-13 05:30:00+00:00,2019,9,Sep,2019Q3,Fear,39.857142857142854,31.133333333333333,-1.857142857142854,76,31,Fear
1568439000,39,Fear,2019-09-14,2019-09-14 05:30:00+00:00,2019,9,Sep,2019Q3,Fear,39.857142857142854,32.0,-0.8571428571428541,76,32,Fear
1568525400,38,Fear,2019-09-15,2019-09-15 05:30:00+00:00,2019,9,Sep,2019Q3,Fear,39.142857142857146,32.233333333333334,-1.142857142857146,76,33,Fear
1568611800,38,Fear,2019-09-16,2019-09-16 05:30:00+00:00,2019,9,Sep,2019Q3,Fear,38.714285714285715,32.833333333333336,-0.7142857142857153,76,34,Fear
1568698200,41,Fear,2019-09-17,2019-09-17 05:30:00+00:00,2019,9,Sep,2019Q3,Fear,38.714285714285715,33.733333333333334,2.2857142857142847,76,35,Fear
1568784600,38,Fear,2019-09-18,2019-09-18 05:30:00+00:00,2019,9,Sep,2019Q3,Fear,38.714285714285715,34.0,-0.7142857142857153,76,36,Fear
1568871000,31,Fear,2019-09-19,2019-09-19 05:30:00+00:00,2019,9,Sep,2019Q3,Fear,37.57142857142857,33.733333333333334,-6.571428571428569,76,37,Fear
1568957400,41,Fear,2019-09-20,2019-09-20 05:30:00+00:00,2019,9,Sep,2019Q3,Fear,38.0,34.733333333333334,3.0,76,38,Fear
1569043800,37,Fear,2019-09-21,2019-09-21 05:30:00+00:00,2019,9,Sep,2019Q3,Fear,37.714285714285715,35.8,-0.7142857142857153,76,39,Fear
1569130200,37,Fear,2019-09-22,2019-09-22 05:30:00+00:00,2019,9,Sep,2019Q3,Fear,37.57142857142857,35.93333333333333,-0.5714285714285694,76,40,Fear
1569216600,41,Fear,2019-09-23,2019-09-23 05:30:00+00:00,2019,9,Sep,2019Q3,Fear,38.0,36.0,3.0,76,41,Fear
1569303000,39,Fear,2019-09-24,2019-09-24 05:30:00+00:00,2019,9,Sep,2019Q3,Fear,37.714285714285715,36.2,1.2857142857142847,76,42,Fear
1569389400,15,Extreme Fear,2019-09-25,2019-09-25 05:30:00+00:00,2019,9,Sep,2019Q3,Fear,34.42857142857143,35.333333333333336,-19.42857142857143,76,43,Fear
1569475800,12,Extreme Fear,2019-09-26,2019-09-26 05:30:00+00:00,2019,9,Sep,2019Q3,Fear,31.714285714285715,34.733333333333334,-19.714285714285715,76,44,Fear
1569562200,24,Extreme Fear,2019-09-27,2019-09-27 05:30:00+00:00,2019,9,Sep,2019Q3,Fear,29.285714285714285,34.46666666666667,-5.285714285714285,76,45,Fear
1569648600,32,Fear,2019-09-28,2019-09-28 05:30:00+00:00,2019,9,Sep,2019Q3,Fear,28.571428571428573,34.86666666666667,3.428571428571427,76,46,Fear
1569735000,33,Fear,2019-09-29,2019-09-29 05:30:00+00:00,2019,9,Sep,2019Q3,Fear,28.0,35.166666666666664,5.0,76,47,Fear
1569821400,27,Fear,2019-09-30,2019-09-30 05:30:00+00:00,2019,9,Sep,2019Q3,Fear,26.0,35.4,1.0,76,48,Fear
1569907800,38,Fear,2019-10-01,2019-10-01 05:30:00+00:00,2019,10,Oct,2019Q4,Fear,25.857142857142858,35.86666666666667,12.142857142857142,76,49,Fear
1569994200,39,Fear,2019-10-02,2019-10-02 05:30:00+00:00,2019,10,Oct,2019Q4,Fear,29.285714285714285,36.233333333333334,9.714285714285715,76,50,Fear
1570080600,37,Fear,2019-10-03,2019-10-03 05:30:00+00:00,2019,10,Oct,2019Q4,Fear,32.857142857142854,36.1,4.142857142857146,76,51,Fear
1570167000,30,Fear,2019-10-04,2019-10-04 05:30:00+00:00,2019,10,Oct,2019Q4,Fear,33.714285714285715,35.666666666666664,-3.7142857142857153,76,52,Fear
1570253400,31,Fear,2019-10-05,2019-10-05 05:30:00+00:00,2019,10,Oct,2019Q4,Fear,33.57142857142857,35.333333333333336,-2.5714285714285694,76,53,Fear
1570339800,32,Fear,2019-10-06,2019-10-06 05:30:00+00:00,2019,10,Oct,2019Q4,Fear,33.42857142857143,34.96666666666667,-1.4285714285714306,76,54,Fear
1570426200,27,Fear,2019-10-07,2019-10-07 05:30:00+00:00,2019,10,Oct,2019Q4,Fear,33.42857142857143,34.56666666666667,-6.428571428571431,76,55,Fear
1570512600,39,Fear,2019-10-08,2019-10-08 05:30:00+00:00,2019,10,Oct,2019Q4,Fear,33.57142857142857,34.43333333333333,5.428571428571431,76,56,Fear
1570599000,37,Fear,2019-10-09,2019-10-09 05:30:00+00:00,2019,10,Oct,2019Q4,Fear,33.285714285714285,34.3,3.7142857142857153,76,57,Fear
1570685400,41,Fear,2019-10-10,2019-10-10 05:30:00+00:00,2019,10,Oct,2019Q4,Fear,33.857142857142854,34.3,7.142857142857146,76,58,Fear
1570771800,39,Fear,2019-10-11,2019-10-11 05:30:00+00:00,2019,10,Oct,2019Q4,Fear,35.142857142857146,34.333333333333336,3.857142857142854,76,59,Fear
1570858200,38,Fear,2019-10-12,2019-10-12 05:30:00+00:00,2019,10,Oct,2019Q4,Fear,36.142857142857146,34.3,1.857142857142854,76,60,Fear
1570944600,38,Fear,2019-10-13,2019-10-13 05:30:00+00:00,2019,10,Oct,2019Q4,Fear,37.0,34.3,1.0,76,61,Fear
1571031000,37,Fear,2019-10-14,2019-10-14 05:30:00+00:00,2019,10,Oct,2019Q4,Fear,38.42857142857143,34.233333333333334,-1.4285714285714306,76,62,Fear
1571117400,39,Fear,2019-10-15,2019-10-15 05:30:00+00:00,2019,10,Oct,2019Q4,Fear,38.42857142857143,34.266666666666666,0.5714285714285694,76,63,Fear
1571203800,40,Fear,2019-10-16,2019-10-16 05:30:00+00:00,2019,10,Oct,2019Q4,Fear,38.857142857142854,34.333333333333336,1.142857142857146,76,64,Fear
1571290200,40,Fear,2019-10-17,2019-10-17 05:30:00+00:00,2019,10,Oct,2019Q4,Fear,38.714285714285715,34.3,1.2857142857142847,76,65,Fear
1571376600,40,Fear,2019-10-18,2019-10-18 05:30:00+00:00,2019,10,Oct,2019Q4,Fear,38.857142857142854,34.36666666666667,1.142857142857146,76,66,Fear
1571463000,41,Fear,2019-10-19,2019-10-19 05:30:00+00:00,2019,10,Oct,2019Q4,Fear,39.285714285714285,34.7,1.7142857142857153,76,67,Fear
1571549400,37,Fear,2019-10-20,2019-10-20 05:30:00+00:00,2019,10,Oct,2019Q4,Fear,39.142857142857146,34.56666666666667,-2.142857142857146,76,68,Fear
1571635800,37,Fear,2019-10-21,2019-10-21 05:30:00+00:00,2019,10,Oct,2019Q4,Fear,39.142857142857146,34.56666666666667,-2.142857142857146,76,69,Fear
1571722200,39,Fear,2019-10-22,2019-10-22 05:30:00+00:00,2019,10,Oct,2019Q4,Fear,39.142857142857146,34.63333333333333,-0.1428571428571459,76,70,Fear
1571808600,33,Fear,2019-10-23,2019-10-23 05:30:00+00:00,2019,10,Oct,2019Q4,Fear,38.142857142857146,34.36666666666667,-5.142857142857146,76,71,Fear
1571895000,20,Extreme Fear,2019-10-24,2019-10-24 05:30:00+00:00,2019,10,Oct,2019Q4,Fear,35.285714285714285,33.733333333333334,-15.285714285714285,76,72,Fear
1571981400,24,Extreme Fear,2019-10-25,2019-10-25 05:30:00+00:00,2019,10,Oct,2019Q4,Fear,33.0,34.03333333333333,-9.0,76,73,Neutral
1572067800,53,Neutral,2019-10-26,2019-10-26 05:30:00+00:00,2019,10,Oct,2019Q4,Neutral,34.714285714285715,35.4,18.285714285714285,77,1,Neutral
1572154200,50,Neutral,2019-10-27,2019-10-27 05:30:00+00:00,2019,10,Oct,2019Q4,Neutral,36.57142857142857,36.266666666666666,13.42857142857143,77,2,Neutral
1572240600,52,Neutral,2019-10-28,2019-10-28 05:30:00+00:00,2019,10,Oct,2019Q4,Neutral,38.714285714285715,36.93333333333333,13.285714285714285,77,3,Neutral
1572327000,54,Neutral,2019-10-29,2019-10-29 05:30:00+00:00,2019,10,Oct,2019Q4,Neutral,40.857142857142854,37.63333333333333,13.142857142857146,77,4,Neutral
1572413400,53,Neutral,2019-10-30,2019-10-30 05:30:00+00:00,2019,10,Oct,2019Q4,Neutral,43.714285714285715,38.5,9.285714285714285,77,5,Neutral
1572499800,50,Neutral,2019-10-31,2019-10-31 05:30:00+00:00,2019,10,Oct,2019Q4,Neutral,48.0,38.9,2.0,77,6,Neutral
1572586200,49,Neutral,2019-11-01,2019-11-01 05:30:00+00:00,2019,11,Nov,2019Q4,Neutral,51.57142857142857,39.233333333333334,-2.5714285714285694,77,7,Neutral
1572672600,51,Neutral,2019-11-02,2019-11-02 05:30:00+00:00,2019,11,Nov,2019Q4,Neutral,51.285714285714285,39.7,-0.2857142857142847,77,8,Greed
1572759000,56,Greed,2019-11-03,2019-11-03 05:30:00+00:00,2019,11,Nov,2019Q4,Greed,52.142857142857146,40.56666666666667,3.857142857142854,78,1,Neutral
1572845400,49,Neutral,2019-11-04,2019-11-04 05:30:00+00:00,2019,11,Nov,2019Q4,Neutral,51.714285714285715,41.166666666666664,-2.7142857142857153,79,1,Neutral
1572931800,54,Neutral,2019-11-05,2019-11-05 05:30:00+00:00,2019,11,Nov,2019Q4,Neutral,51.714285714285715,41.9,2.2857142857142847,79,2,Neutral
1573018200,53,Neutral,2019-11-06,2019-11-06 05:30:00+00:00,2019,11,Nov,2019Q4,Neutral,51.714285714285715,42.766666666666666,1.2857142857142847,79,3,Neutral
1573104600,54,Neutral,2019-11-07,2019-11-07 05:30:00+00:00,2019,11,Nov,2019Q4,Neutral,52.285714285714285,43.266666666666666,1.7142857142857153,79,4,Fear
1573191000,42,Fear,2019-11-08,2019-11-08 05:30:00+00:00,2019,11,Nov,2019Q4,Fear,51.285714285714285,43.43333333333333,-9.285714285714285,80,1,Fear
1573277400,38,Fear,2019-11-09,2019-11-09 05:30:00+00:00,2019,11,Nov,2019Q4,Fear,49.42857142857143,43.333333333333336,-11.42857142857143,80,2,Fear
1573363800,39,Fear,2019-11-10,2019-11-10 05:30:00+00:00,2019,11,Nov,2019Q4,Fear,47.0,43.333333333333336,-8.0,80,3,Fear
1573450200,40,Fear,2019-11-11,2019-11-11 05:30:00+00:00,2019,11,Nov,2019Q4,Fear,45.714285714285715,43.4,-5.714285714285715,80,4,Fear
1573536600,39,Fear,2019-11-12,2019-11-12 05:30:00+00:00,2019,11,Nov,2019Q4,Fear,43.57142857142857,43.43333333333333,-4.571428571428569,80,5,Fear
1573623000,38,Fear,2019-11-13,2019-11-13 05:30:00+00:00,2019,11,Nov,2019Q4,Fear,41.42857142857143,43.46666666666667,-3.4285714285714306,80,6,Fear
1573709400,41,Fear,2019-11-14,2019-11-14 05:30:00+00:00,2019,11,Nov,2019Q4,Fear,39.57142857142857,43.53333333333333,1.4285714285714306,80,7,Fear
1573795800,38,Fear,2019-11-15,2019-11-15 05:30:00+00:00,2019,11,Nov,2019Q4,Fear,39.0,43.46666666666667,-1.0,80,8,Fear
1573882200,41,Fear,2019-11-16,2019-11-16 05:30:00+00:00,2019,11,Nov,2019Q4,Fear,39.42857142857143,43.5,1.5714285714285694,80,9,Fear
1573968600,38,Fear,2019-11-17,2019-11-17 05:30:00+00:00,2019,11,Nov,2019Q4,Fear,39.285714285714285,43.43333333333333,-1.2857142857142847,80,10,Fear
1574055000,38,Fear,2019-11-18,2019-11-18 05:30:00+00:00,2019,11,Nov,2019Q4,Fear,39.0,43.333333333333336,-1.0,80,11,Fear
1574141400,32,Fear,2019-11-19,2019-11-19 05:30:00+00:00,2019,11,Nov,2019Q4,Fear,38.0,43.166666666666664,-6.0,80,12,Fear
1574227800,32,Fear,2019-11-20,2019-11-20 05:30:00+00:00,2019,11,Nov,2019Q4,Fear,37.142857142857146,43.0,-5.142857142857146,80,13,Fear
1574314200,30,Fear,2019-11-21,2019-11-21 05:30:00+00:00,2019,11,Nov,2019Q4,Fear,35.57142857142857,42.7,-5.571428571428569,80,14,Fear
1574400600,20,Extreme Fear,2019-11-22,2019-11-22 05:30:00+00:00,2019,11,Nov,2019Q4,Fear,33.0,42.266666666666666,-13.0,80,15,Fear
1574487000,23,Extreme Fear,2019-11-23,2019-11-23 05:30:00+00:00,2019,11,Nov,2019Q4,Fear,30.428571428571427,42.36666666666667,-7.428571428571427,80,16,Fear
1574573400,21,Extreme Fear,2019-11-24,2019-11-24 05:30:00+00:00,2019,11,Nov,2019Q4,Fear,28.0,42.266666666666666,-7.0,80,17,Fear
1574659800,17,Extreme Fear,2019-11-25,2019-11-25 05:30:00+00:00,2019,11,Nov,2019Q4,Fear,25.0,41.06666666666667,-8.0,80,18,Fear
1574746200,21,Extreme Fear,2019-11-26,2019-11-26 05:30:00+00:00,2019,11,Nov,2019Q4,Fear,23.428571428571427,40.1,-2.428571428571427,80,19,Fear
1574832600,20,Extreme Fear,2019-11-27,2019-11-27 05:30:00+00:00,2019,11,Nov,2019Q4,Fear,21.714285714285715,39.03333333333333,-1.7142857142857153,80,20,Fear
1574919000,32,Fear,2019-11-28,2019-11-28 05:30:00+00:00,2019,11,Nov,2019Q4,Fear,22.0,38.3,10.0,80,21,Fear
1575005400,31,Fear,2019-11-29,2019-11-29 05:30:00+00:00,2019,11,Nov,2019Q4,Fear,23.571428571428573,37.56666666666667,7.428571428571427,80,22,Fear
1575091800,38,Fear,2019-11-30,2019-11-30 05:30:00+00:00,2019,11,Nov,2019Q4,Fear,25.714285714285715,37.166666666666664,12.285714285714285,80,23,Fear
1575178200,25,Fear,2019-12-01,2019-12-01 05:30:00+00:00,2019,12,Dec,2019Q4,Fear,26.285714285714285,36.36666666666667,-1.2857142857142847,80,24,Fear
1575264600,28,Fear,2019-12-02,2019-12-02 05:30:00+00:00,2019,12,Dec,2019Q4,Fear,27.857142857142858,35.6,0.14285714285714235,80,25,Fear
1575351000,28,Fear,2019-12-03,2019-12-03 05:30:00+00:00,2019,12,Dec,2019Q4,Fear,28.857142857142858,34.666666666666664,-0.8571428571428577,80,26,Fear
1575437400,24,Extreme Fear,2019-12-04,2019-12-04 05:30:00+00:00,2019,12,Dec,2019Q4,Fear,29.428571428571427,33.833333333333336,-5.428571428571427,80,27,Fear
1575523800,21,Extreme Fear,2019-12-05,2019-12-05 05:30:00+00:00,2019,12,Dec,2019Q4,Fear,27.857142857142858,32.733333333333334,-6.857142857142858,80,28,Fear
1575610200,29,Fear,2019-12-06,2019-12-06 05:30:00+00:00,2019,12,Dec,2019Q4,Fear,27.571428571428573,31.933333333333334,1.428571428571427,80,29,Fear
1575696600,32,Fear,2019-12-07,2019-12-07 05:30:00+00:00,2019,12,Dec,2019Q4,Fear,26.714285714285715,31.2,5.285714285714285,80,30,Fear
1575783000,28,Fear,2019-12-08,2019-12-08 05:30:00+00:00,2019,12,Dec,2019Q4,Fear,27.142857142857142,30.733333333333334,0.8571428571428577,80,31,Fear
1575869400,32,Fear,2019-12-09,2019-12-09 05:30:00+00:00,2019,12,Dec,2019Q4,Fear,27.714285714285715,30.533333333333335,4.285714285714285,80,32,Fear
1575955800,26,Fear,2019-12-10,2019-12-10 05:30:00+00:00,2019,12,Dec,2019Q4,Fear,27.428571428571427,30.1,-1.428571428571427,80,33,Fear
1576042200,20,Extreme Fear,2019-12-11,2019-12-11 05:30:00+00:00,2019,12,Dec,2019Q4,Fear,26.857142857142858,29.433333333333334,-6.857142857142858,80,34,Fear
1576128600,23,Extreme Fear,2019-12-12,2019-12-12 05:30:00+00:00,2019,12,Dec,2019Q4,Fear,27.142857142857142,28.9,-4.142857142857142,80,35,Fear
1576215000,22,Extreme Fear,2019-12-13,2019-12-13 05:30:00+00:00,2019,12,Dec,2019Q4,Fear,26.142857142857142,28.366666666666667,-4.142857142857142,80,36,Fear
1576301400,27,Fear,2019-12-14,2019-12-14 05:30:00+00:00,2019,12,Dec,2019Q4,Fear,25.428571428571427,27.9,1.571428571428573,80,37,Fear
1576387800,21,Extreme Fear,2019-12-15,2019-12-15 05:30:00+00:00,2019,12,Dec,2019Q4,Fear,24.428571428571427,27.333333333333332,-3.428571428571427,80,38,Fear
1576474200,24,Extreme Fear,2019-12-16,2019-12-16 05:30:00+00:00,2019,12,Dec,2019Q4,Fear,23.285714285714285,26.766666666666666,0.7142857142857153,80,39,Fear
1576560600,23,Extreme Fear,2019-12-17,2019-12-17 05:30:00+00:00,2019,12,Dec,2019Q4,Fear,22.857142857142858,26.266666666666666,0.14285714285714235,80,40,Fear
1576647000,15,Extreme Fear,2019-12-18,2019-12-18 05:30:00+00:00,2019,12,Dec,2019Q4,Fear,22.142857142857142,25.5,-7.142857142857142,80,41,Fear
1576733400,21,Extreme Fear,2019-12-19,2019-12-19 05:30:00+00:00,2019,12,Dec,2019Q4,Fear,21.857142857142858,25.133333333333333,-0.8571428571428577,80,42,Fear
1576819800,23,Extreme Fear,2019-12-20,2019-12-20 05:30:00+00:00,2019,12,Dec,2019Q4,Fear,22.0,24.833333333333332,1.0,80,43,Fear
1576906200,23,Extreme Fear,2019-12-21,2019-12-21 05:30:00+00:00,2019,12,Dec,2019Q4,Fear,21.428571428571427,24.6,1.571428571428573,80,44,Fear
1576992600,20,Extreme Fear,2019-12-22,2019-12-22 05:30:00+00:00,2019,12,Dec,2019Q4,Fear,21.285714285714285,24.6,-1.2857142857142847,80,45,Fear
1577079000,33,Fear,2019-12-23,2019-12-23 05:30:00+00:00,2019,12,Dec,2019Q4,Fear,22.571428571428573,24.933333333333334,10.428571428571427,80,46,Fear
1577165400,25,Fear,2019-12-24,2019-12-24 05:30:00+00:00,2019,12,Dec,2019Q4,Fear,22.857142857142858,25.066666666666666,2.1428571428571423,80,47,Fear
1577251800,22,Extreme Fear,2019-12-25,2019-12-25 05:30:00+00:00,2019,12,Dec,2019Q4,Fear,23.857142857142858,25.233333333333334,-1.8571428571428577,80,48,Fear
1577338200,39,Fear,2019-12-26,2019-12-26 05:30:00+00:00,2019,12,Dec,2019Q4,Fear,26.428571428571427,25.833333333333332,12.571428571428573,80,49,Fear
1577424600,38,Fear,2019-12-27,2019-12-27 05:30:00+00:00,2019,12,Dec,2019Q4,Fear,28.571428571428573,26.433333333333334,9.428571428571427,80,50,Fear
1577511000,37,Fear,2019-12-28,2019-12-28 05:30:00+00:00,2019,12,Dec,2019Q4,Fear,30.571428571428573,26.6,6.428571428571427,80,51,Fear
1577597400,37,Fear,2019-12-29,2019-12-29 05:30:00+00:00,2019,12,Dec,2019Q4,Fear,33.0,26.8,4.0,80,52,Fear
1577683800,40,Fear,2019-12-30,2019-12-30 05:30:00+00:00,2019,12,Dec,2019Q4,Fear,34.0,26.866666666666667,6.0,80,53,Fear
1577770200,38,Fear,2019-12-31,2019-12-31 05:30:00+00:00,2019,12,Dec,2019Q4,Fear,35.857142857142854,27.3,2.142857142857146,80,54,Fear
1577856600,37,Fear,2020-01-01,2020-01-01 05:30:00+00:00,2020,1,Jan,2020Q1,Fear,38.0,27.6,-1.0,80,55,Fear
1577943000,39,Fear,2020-01-02,2020-01-02 05:30:00+00:00,2020,1,Jan,2020Q1,Fear,38.0,27.966666666666665,1.0,80,56,Fear
1578029400,38,Fear,2020-01-03,2020-01-03 05:30:00+00:00,2020,1,Jan,2020Q1,Fear,38.0,28.433333333333334,0.0,80,57,Fear
1578115800,38,Fear,2020-01-04,2020-01-04 05:30:00+00:00,2020,1,Jan,2020Q1,Fear,38.142857142857146,29.0,-0.1428571428571459,80,58,Fear
1578202200,39,Fear,2020-01-05,2020-01-05 05:30:00+00:00,2020,1,Jan,2020Q1,Fear,38.42857142857143,29.333333333333332,0.5714285714285694,80,59,Fear
1578288600,41,Fear,2020-01-06,2020-01-06 05:30:00+00:00,2020,1,Jan,2020Q1,Fear,38.57142857142857,29.633333333333333,2.4285714285714306,80,60,Fear
1578375000,40,Fear,2020-01-07,2020-01-07 05:30:00+00:00,2020,1,Jan,2020Q1,Fear,38.857142857142854,30.033333333333335,1.142857142857146,80,61,Neutral
1578461400,51,Neutral,2020-01-08,2020-01-08 05:30:00+00:00,2020,1,Jan,2020Q1,Neutral,40.857142857142854,30.666666666666668,10.142857142857146,81,1,Fear
1578547800,44,Fear,2020-01-09,2020-01-09 05:30:00+00:00,2020,1,Jan,2020Q1,Fear,41.57142857142857,31.266666666666666,2.4285714285714306,82,1,Fear
1578634200,41,Fear,2020-01-10,2020-01-10 05:30:00+00:00,2020,1,Jan,2020Q1,Fear,42.0,31.966666666666665,-1.0,82,2,Neutral
1578720600,50,Neutral,2020-01-11,2020-01-11 05:30:00+00:00,2020,1,Jan,2020Q1,Neutral,43.714285714285715,32.86666666666667,6.285714285714285,83,1,Neutral
1578807000,45,Neutral,2020-01-12,2020-01-12 05:30:00+00:00,2020,1,Jan,2020Q1,Neutral,44.57142857142857,33.63333333333333,0.4285714285714306,83,2,Neutral
1578893400,49,Neutral,2020-01-13,2020-01-13 05:30:00+00:00,2020,1,Jan,2020Q1,Neutral,45.714285714285715,34.36666666666667,3.2857142857142847,83,3,Greed
1578979800,56,Greed,2020-01-14,2020-01-14 05:30:00+00:00,2020,1,Jan,2020Q1,Greed,48.0,35.53333333333333,8.0,84,1,Neutral
1579066200,54,Neutral,2020-01-15,2020-01-15 05:30:00+00:00,2020,1,Jan,2020Q1,Neutral,48.42857142857143,36.53333333333333,5.571428571428569,85,1,Greed
1579152600,55,Greed,2020-01-16,2020-01-16 05:30:00+00:00,2020,1,Jan,2020Q1,Greed,50.0,37.6,5.0,86,1,Neutral
1579239000,54,Neutral,2020-01-17,2020-01-17 05:30:00+00:00,2020,1,Jan,2020Q1,Neutral,51.857142857142854,38.9,2.142857142857146,87,1,Neutral
1579325400,51,Neutral,2020-01-18,2020-01-18 05:30:00+00:00,2020,1,Jan,2020Q1,Neutral,52.0,39.9,-1.0,87,2,Neutral
1579411800,53,Neutral,2020-01-19,2020-01-19 05:30:00+00:00,2020,1,Jan,2020Q1,Neutral,53.142857142857146,40.9,-0.1428571428571459,87,3,Neutral
1579498200,48,Neutral,2020-01-20,2020-01-20 05:30:00+00:00,2020,1,Jan,2020Q1,Neutral,53.0,41.733333333333334,-5.0,87,4,Neutral
1579584600,49,Neutral,2020-01-21,2020-01-21 05:30:00+00:00,2020,1,Jan,2020Q1,Neutral,52.0,42.7,-3.0,87,5,Neutral
1579671000,52,Neutral,2020-01-22,2020-01-22 05:30:00+00:00,2020,1,Jan,2020Q1,Neutral,51.714285714285715,43.333333333333336,0.2857142857142847,87,6,Neutral
1579757400,49,Neutral,2020-01-23,2020-01-23 05:30:00+00:00,2020,1,Jan,2020Q1,Neutral,50.857142857142854,44.13333333333333,-1.857142857142854,87,7,Fear
1579843800,40,Fear,2020-01-24,2020-01-24 05:30:00+00:00,2020,1,Jan,2020Q1,Fear,48.857142857142854,44.733333333333334,-8.857142857142854,88,1,Fear
1579930200,41,Fear,2020-01-25,2020-01-25 05:30:00+00:00,2020,1,Jan,2020Q1,Fear,47.42857142857143,44.8,-6.428571428571431,88,2,Fear
1580016600,42,Fear,2020-01-26,2020-01-26 05:30:00+00:00,2020,1,Jan,2020Q1,Fear,45.857142857142854,44.93333333333333,-3.857142857142854,88,3,Neutral
1580103000,50,Neutral,2020-01-27,2020-01-27 05:30:00+00:00,2020,1,Jan,2020Q1,Neutral,46.142857142857146,45.36666666666667,3.857142857142854,89,1,Neutral
1580189400,54,Neutral,2020-01-28,2020-01-28 05:30:00+00:00,2020,1,Jan,2020Q1,Neutral,46.857142857142854,45.93333333333333,7.142857142857146,89,2,Greed
1580275800,57,Greed,2020-01-29,2020-01-29 05:30:00+00:00,2020,1,Jan,2020Q1,Greed,47.57142857142857,46.5,9.42857142857143,90,1,Greed
1580362200,57,Greed,2020-01-30,2020-01-30 05:30:00+00:00,2020,1,Jan,2020Q1,Greed,48.714285714285715,47.13333333333333,8.285714285714285,90,2,Greed
1580448600,55,Greed,2020-01-31,2020-01-31 05:30:00+00:00,2020,1,Jan,2020Q1,Greed,50.857142857142854,47.733333333333334,4.142857142857146,90,3,Greed
1580535000,57,Greed,2020-02-01,2020-02-01 05:30:00+00:00,2020,2,Feb,2020Q1,Greed,53.142857142857146,48.333333333333336,3.857142857142854,90,4,Greed
1580621400,57,Greed,2020-02-02,2020-02-02 05:30:00+00:00,2020,2,Feb,2020Q1,Greed,55.285714285714285,48.96666666666667,1.7142857142857153,90,5,Greed
1580707800,59,Greed,2020-02-03,2020-02-03 05:30:00+00:00,2020,2,Feb,2020Q1,Greed,56.57142857142857,49.666666666666664,2.4285714285714306,90,6,Greed
1580794200,56,Greed,2020-02-04,2020-02-04 05:30:00+00:00,2020,2,Feb,2020Q1,Greed,56.857142857142854,50.233333333333334,-0.8571428571428541,90,7,Neutral
1580880600,53,Neutral,2020-02-05,2020-02-05 05:30:00+00:00,2020,2,Feb,2020Q1,Neutral,56.285714285714285,50.63333333333333,-3.2857142857142847,91,1,Greed
1580967000,61,Greed,2020-02-06,2020-02-06 05:30:00+00:00,2020,2,Feb,2020Q1,Greed,56.857142857142854,51.333333333333336,4.142857142857146,92,1,Greed
1581053400,56,Greed,2020-02-07,2020-02-07 05:30:00+00:00,2020,2,Feb,2020Q1,Greed,57.0,51.5,-1.0,92,2,Greed
1581139800,56,Greed,2020-02-08,2020-02-08 05:30:00+00:00,2020,2,Feb,2020Q1,Greed,56.857142857142854,51.9,-0.8571428571428541,92,3,Greed
1581226200,56,Greed,2020-02-09,2020-02-09 05:30:00+00:00,2020,2,Feb,2020Q1,Greed,56.714285714285715,52.4,-0.7142857142857153,92,4,Greed
1581312600,57,Greed,2020-02-10,2020-02-10 05:30:00+00:00,2020,2,Feb,2020Q1,Greed,56.42857142857143,52.63333333333333,0.5714285714285694,92,5,Neutral
1581399000,52,Neutral,2020-02-11,2020-02-11 05:30:00+00:00,2020,2,Feb,2020Q1,Neutral,55.857142857142854,52.86666666666667,-3.857142857142854,93,1,Greed
1581485400,61,Greed,2020-02-12,2020-02-12 05:30:00+00:00,2020,2,Feb,2020Q1,Greed,57.0,53.266666666666666,4.0,94,1,Greed
1581571800,65,Greed,2020-02-13,2020-02-13 05:30:00+00:00,2020,2,Feb,2020Q1,Greed,57.57142857142857,53.56666666666667,7.428571428571431,94,2,Greed
1581658200,63,Greed,2020-02-14,2020-02-14 05:30:00+00:00,2020,2,Feb,2020Q1,Greed,58.57142857142857,53.86666666666667,4.428571428571431,94,3,Greed
1581744600,64,Greed,2020-02-15,2020-02-15 05:30:00+00:00,2020,2,Feb,2020Q1,Greed,59.714285714285715,54.166666666666664,4.285714285714285,94,4,Greed
1581831000,59,Greed,2020-02-16,2020-02-16 05:30:00+00:00,2020,2,Feb,2020Q1,Greed,60.142857142857146,54.333333333333336,-1.142857142857146,94,5,Neutral
1581917400,49,Neutral,2020-02-17,2020-02-17 05:30:00+00:00,2020,2,Feb,2020Q1,Neutral,59.0,54.266666666666666,-10.0,95,1,Neutral
1582003800,53,Neutral,2020-02-18,2020-02-18 05:30:00+00:00,2020,2,Feb,2020Q1,Neutral,59.142857142857146,54.266666666666666,-6.142857142857146,95,2,Neutral
1582090200,50,Neutral,2020-02-19,2020-02-19 05:30:00+00:00,2020,2,Feb,2020Q1,Neutral,57.57142857142857,54.333333333333336,-7.571428571428569,95,3,Fear
1582176600,44,Fear,2020-02-20,2020-02-20 05:30:00+00:00,2020,2,Feb,2020Q1,Fear,54.57142857142857,54.166666666666664,-10.57142857142857,96,1,Fear
1582263000,44,Fear,2020-02-21,2020-02-21 05:30:00+00:00,2020,2,Feb,2020Q1,Fear,51.857142857142854,53.9,-7.857142857142854,96,2,Fear
1582349400,43,Fear,2020-02-22,2020-02-22 05:30:00+00:00,2020,2,Feb,2020Q1,Fear,48.857142857142854,53.7,-5.857142857142854,96,3,Neutral
1582435800,46,Neutral,2020-02-23,2020-02-23 05:30:00+00:00,2020,2,Feb,2020Q1,Neutral,47.0,53.9,-1.0,97,1,Neutral
1582522200,46,Neutral,2020-02-24,2020-02-24 05:30:00+00:00,2020,2,Feb,2020Q1,Neutral,46.57142857142857,54.06666666666667,-0.5714285714285694,97,2,Fear
1582608600,44,Fear,2020-02-25,2020-02-25 05:30:00+00:00,2020,2,Feb,2020Q1,Fear,45.285714285714285,54.13333333333333,-1.2857142857142847,98,1,Fear
1582695000,41,Fear,2020-02-26,2020-02-26 05:30:00+00:00,2020,2,Feb,2020Q1,Fear,44.0,53.833333333333336,-3.0,98,2,Fear
1582781400,39,Fear,2020-02-27,2020-02-27 05:30:00+00:00,2020,2,Feb,2020Q1,Fear,43.285714285714285,53.333333333333336,-4.285714285714285,98,3,Fear
1582867800,40,Fear,2020-02-28,2020-02-28 05:30:00+00:00,2020,2,Feb,2020Q1,Fear,42.714285714285715,52.766666666666666,-2.7142857142857153,98,4,Fear
1582954200,38,Fear,2020-02-29,2020-02-29 05:30:00+00:00,2020,2,Feb,2020Q1,Fear,42.0,52.13333333333333,-4.0,98,5,Fear
1583040600,39,Fear,2020-03-01,2020-03-01 05:30:00+00:00,2020,3,Mar,2020Q1,Fear,41.0,51.6,-2.0,98,6,Fear
1583127000,38,Fear,2020-03-02,2020-03-02 05:30:00+00:00,2020,3,Mar,2020Q1,Fear,39.857142857142854,50.96666666666667,-1.857142857142854,98,7,Fear
1583213400,38,Fear,2020-03-03,2020-03-03 05:30:00+00:00,2020,3,Mar,2020Q1,Fear,39.0,50.333333333333336,-1.0,98,8,Fear
1583299800,40,Fear,2020-03-04,2020-03-04 05:30:00+00:00,2020,3,Mar,2020Q1,Fear,38.857142857142854,49.7,1.142857142857146,98,9,Fear
1583386200,41,Fear,2020-03-05,2020-03-05 05:30:00+00:00,2020,3,Mar,2020Q1,Fear,39.142857142857146,49.2,1.857142857142854,98,10,Fear
1583472600,39,Fear,2020-03-06,2020-03-06 05:30:00+00:00,2020,3,Mar,2020Q1,Fear,39.0,48.733333333333334,0.0,98,11,Fear
1583559000,38,Fear,2020-03-07,2020-03-07 05:30:00+00:00,2020,3,Mar,2020Q1,Fear,39.0,47.96666666666667,-1.0,98,12,Fear
1583645400,33,Fear,2020-03-08,2020-03-08 05:30:00+00:00,2020,3,Mar,2020Q1,Fear,38.142857142857146,47.2,-5.142857142857146,98,13,Fear
1583731800,17,Extreme Fear,2020-03-09,2020-03-09 05:30:00+00:00,2020,3,Mar,2020Q1,Fear,35.142857142857146,45.9,-18.142857142857146,98,14,Fear
1583818200,16,Extreme Fear,2020-03-10,2020-03-10 05:30:00+00:00,2020,3,Mar,2020Q1,Fear,32.0,44.56666666666667,-16.0,98,15,Fear
1583904600,17,Extreme Fear,2020-03-11,2020-03-11 05:30:00+00:00,2020,3,Mar,2020Q1,Fear,28.714285714285715,43.233333333333334,-11.714285714285715,98,16,Fear
1583991000,14,Extreme Fear,2020-03-12,2020-03-12 05:30:00+00:00,2020,3,Mar,2020Q1,Fear,24.857142857142858,41.96666666666667,-10.857142857142858,98,17,Fear
1584077400,10,Extreme Fear,2020-03-13,2020-03-13 05:30:00+00:00,2020,3,Mar,2020Q1,Fear,20.714285714285715,40.266666666666666,-10.714285714285715,98,18,Fear
1584163800,8,Extreme Fear,2020-03-14,2020-03-14 05:30:00+00:00,2020,3,Mar,2020Q1,Fear,16.428571428571427,38.36666666666667,-8.428571428571427,98,19,Fear
1584250200,12,Extreme Fear,2020-03-15,2020-03-15 05:30:00+00:00,2020,3,Mar,2020Q1,Fear,13.428571428571429,36.666666666666664,-1.4285714285714288,98,20,Fear
1584336600,9,Extreme Fear,2020-03-16,2020-03-16 05:30:00+00:00,2020,3,Mar,2020Q1,Fear,12.285714285714286,34.833333333333336,-3.2857142857142865,98,21,Fear
1584423000,8,Extreme Fear,2020-03-17,2020-03-17 05:30:00+00:00,2020,3,Mar,2020Q1,Fear,11.142857142857142,33.13333333333333,-3.1428571428571423,98,22,Fear
1584509400,11,Extreme Fear,2020-03-18,2020-03-18 05:30:00+00:00,2020,3,Mar,2020Q1,Fear,10.285714285714286,31.866666666666667,0.7142857142857135,98,23,Fear
1584595800,12,Extreme Fear,2020-03-19,2020-03-19 05:30:00+00:00,2020,3,Mar,2020Q1,Fear,10.0,30.5,2.0,98,24,Fear
1584682200,9,Extreme Fear,2020-03-20,2020-03-20 05:30:00+00:00,2020,3,Mar,2020Q1,Fear,9.857142857142858,29.133333333333333,-0.8571428571428577,98,25,Fear
1584768600,9,Extreme Fear,2020-03-21,2020-03-21 05:30:00+00:00,2020,3,Mar,2020Q1,Fear,10.0,27.966666666666665,-1.0,98,26,Fear
1584855000,11,Extreme Fear,2020-03-22,2020-03-22 05:30:00+00:00,2020,3,Mar,2020Q1,Fear,9.857142857142858,26.866666666666667,1.1428571428571423,98,27,Fear
1584941400,10,Extreme Fear,2020-03-23,2020-03-23 05:30:00+00:00,2020,3,Mar,2020Q1,Fear,10.0,25.766666666666666,0.0,98,28,Fear
1585027800,12,Extreme Fear,2020-03-24,2020-03-24 05:30:00+00:00,2020,3,Mar,2020Q1,Fear,10.571428571428571,24.633333333333333,1.4285714285714288,98,29,Fear
1585114200,13,Extreme Fear,2020-03-25,2020-03-25 05:30:00+00:00,2020,3,Mar,2020Q1,Fear,10.857142857142858,23.533333333333335,2.1428571428571423,98,30,Fear
1585200600,14,Extreme Fear,2020-03-26,2020-03-26 05:30:00+00:00,2020,3,Mar,2020Q1,Fear,11.142857142857142,22.533333333333335,2.8571428571428577,98,31,Fear
1585287000,12,Extreme Fear,2020-03-27,2020-03-27 05:30:00+00:00,2020,3,Mar,2020Q1,Fear,11.571428571428571,21.566666666666666,0.4285714285714288,98,32,Fear
1585373400,8,Extreme Fear,2020-03-28,2020-03-28 05:30:00+00:00,2020,3,Mar,2020Q1,Fear,11.428571428571429,20.533333333333335,-3.428571428571429,98,33,Fear
1585459800,12,Extreme Fear,2020-03-29,2020-03-29 05:30:00+00:00,2020,3,Mar,2020Q1,Fear,11.571428571428571,19.6,0.4285714285714288,98,34,Fear
1585546200,10,Extreme Fear,2020-03-30,2020-03-30 05:30:00+00:00,2020,3,Mar,2020Q1,Fear,11.571428571428571,18.666666666666668,-1.5714285714285712,98,35,Fear
1585632600,12,Extreme Fear,2020-03-31,2020-03-31 05:30:00+00:00,2020,3,Mar,2020Q1,Fear,11.571428571428571,17.766666666666666,0.4285714285714288,98,36,Fear
1585719000,12,Extreme Fear,2020-04-01,2020-04-01 05:30:00+00:00,2020,4,Apr,2020Q2,Fear,11.428571428571429,16.9,0.5714285714285712,98,37,Fear
1585805400,14,Extreme Fear,2020-04-02,2020-04-02 05:30:00+00:00,2020,4,Apr,2020Q2,Fear,11.428571428571429,16.1,2.571428571428571,98,38,Fear
1585891800,14,Extreme Fear,2020-04-03,2020-04-03 05:30:00+00:00,2020,4,Apr,2020Q2,Fear,11.714285714285714,15.233333333333333,2.2857142857142865,98,39,Fear
1585978200,12,Extreme Fear,2020-04-04,2020-04-04 05:30:00+00:00,2020,4,Apr,2020Q2,Fear,12.285714285714286,14.266666666666667,-0.2857142857142865,98,40,Fear
1586064600,12,Extreme Fear,2020-04-05,2020-04-05 05:30:00+00:00,2020,4,Apr,2020Q2,Fear,12.285714285714286,13.366666666666667,-0.2857142857142865,98,41,Fear
1586151000,12,Extreme Fear,2020-04-06,2020-04-06 05:30:00+00:00,2020,4,Apr,2020Q2,Fear,12.571428571428571,12.5,-0.5714285714285712,98,42,Fear
1586237400,20,Extreme Fear,2020-04-07,2020-04-07 05:30:00+00:00,2020,4,Apr,2020Q2,Fear,13.714285714285714,12.066666666666666,6.2857142857142865,98,43,Fear
1586323800,21,Extreme Fear,2020-04-08,2020-04-08 05:30:00+00:00,2020,4,Apr,2020Q2,Fear,15.0,12.2,6.0,98,44,Fear
1586410200,22,Extreme Fear,2020-04-09,2020-04-09 05:30:00+00:00,2020,4,Apr,2020Q2,Fear,16.142857142857142,12.4,5.857142857142858,98,45,Fear
1586496600,15,Extreme Fear,2020-04-10,2020-04-10 05:30:00+00:00,2020,4,Apr,2020Q2,Fear,16.285714285714285,12.333333333333334,-1.2857142857142847,98,46,Fear
1586583000,15,Extreme Fear,2020-04-11,2020-04-11 05:30:00+00:00,2020,4,Apr,2020Q2,Fear,16.714285714285715,12.366666666666667,-1.7142857142857153,98,47,Fear
1586669400,10,Extreme Fear,2020-04-12,2020-04-12 05:30:00+00:00,2020,4,Apr,2020Q2,Fear,16.428571428571427,12.366666666666667,-6.428571428571427,98,48,Fear
1586755800,11,Extreme Fear,2020-04-13,2020-04-13 05:30:00+00:00,2020,4,Apr,2020Q2,Fear,16.285714285714285,12.466666666666667,-5.285714285714285,98,49,Fear
1586842200,15,Extreme Fear,2020-04-14,2020-04-14 05:30:00+00:00,2020,4,Apr,2020Q2,Fear,15.571428571428571,12.566666666666666,-0.5714285714285712,98,50,Fear
1586928600,18,Extreme Fear,2020-04-15,2020-04-15 05:30:00+00:00,2020,4,Apr,2020Q2,Fear,15.142857142857142,12.866666666666667,2.8571428571428577,98,51,Fear
1587015000,13,Extreme Fear,2020-04-16,2020-04-16 05:30:00+00:00,2020,4,Apr,2020Q2,Fear,13.857142857142858,13.033333333333333,-0.8571428571428577,98,52,Fear
1587101400,15,Extreme Fear,2020-04-17,2020-04-17 05:30:00+00:00,2020,4,Apr,2020Q2,Fear,13.857142857142858,13.166666666666666,1.1428571428571423,98,53,Fear
1587187800,18,Extreme Fear,2020-04-18,2020-04-18 05:30:00+00:00,2020,4,Apr,2020Q2,Fear,14.285714285714286,13.366666666666667,3.7142857142857135,98,54,Fear
1587274200,16,Extreme Fear,2020-04-19,2020-04-19 05:30:00+00:00,2020,4,Apr,2020Q2,Fear,15.142857142857142,13.6,0.8571428571428577,98,55,Fear
1587360600,15,Extreme Fear,2020-04-20,2020-04-20 05:30:00+00:00,2020,4,Apr,2020Q2,Fear,15.714285714285714,13.8,-0.7142857142857135,98,56,Fear
1587447000,17,Extreme Fear,2020-04-21,2020-04-21 05:30:00+00:00,2020,4,Apr,2020Q2,Fear,16.0,14.0,1.0,98,57,Fear
1587533400,19,Extreme Fear,2020-04-22,2020-04-22 05:30:00+00:00,2020,4,Apr,2020Q2,Fear,16.142857142857142,14.3,2.8571428571428577,98,58,Fear
1587619800,19,Extreme Fear,2020-04-23,2020-04-23 05:30:00+00:00,2020,4,Apr,2020Q2,Fear,17.0,14.533333333333333,2.0,98,59,Fear
1587706200,20,Extreme Fear,2020-04-24,2020-04-24 05:30:00+00:00,2020,4,Apr,2020Q2,Fear,17.714285714285715,14.766666666666667,2.2857142857142847,98,60,Fear
1587792600,24,Extreme Fear,2020-04-25,2020-04-25 05:30:00+00:00,2020,4,Apr,2020Q2,Fear,18.571428571428573,15.1,5.428571428571427,98,61,Fear
1587879000,21,Extreme Fear,2020-04-26,2020-04-26 05:30:00+00:00,2020,4,Apr,2020Q2,Fear,19.285714285714285,15.4,1.7142857142857153,98,62,Fear
1587965400,28,Fear,2020-04-27,2020-04-27 05:30:00+00:00,2020,4,Apr,2020Q2,Fear,21.142857142857142,16.066666666666666,6.857142857142858,98,63,Fear
1588051800,26,Fear,2020-04-28,2020-04-28 05:30:00+00:00,2020,4,Apr,2020Q2,Fear,22.428571428571427,16.533333333333335,3.571428571428573,98,64,Fear
1588138200,26,Fear,2020-04-29,2020-04-29 05:30:00+00:00,2020,4,Apr,2020Q2,Fear,23.428571428571427,17.066666666666666,2.571428571428573,98,65,Fear
1588224600,44,Fear,2020-04-30,2020-04-30 05:30:00+00:00,2020,4,Apr,2020Q2,Fear,27.0,18.133333333333333,17.0,98,66,Fear
1588311000,40,Fear,2020-05-01,2020-05-01 05:30:00+00:00,2020,5,May,2020Q2,Fear,29.857142857142858,19.066666666666666,10.142857142857142,98,67,Fear
1588397400,40,Fear,2020-05-02,2020-05-02 05:30:00+00:00,2020,5,May,2020Q2,Fear,32.142857142857146,19.933333333333334,7.857142857142854,98,68,Neutral
1588483800,45,Neutral,2020-05-03,2020-05-03 05:30:00+00:00,2020,5,May,2020Q2,Neutral,35.57142857142857,20.966666666666665,9.42857142857143,99,1,Fear
1588570200,44,Fear,2020-05-04,2020-05-04 05:30:00+00:00,2020,5,May,2020Q2,Fear,37.857142857142854,22.033333333333335,6.142857142857146,100,1,Fear
1588656600,40,Fear,2020-05-05,2020-05-05 05:30:00+00:00,2020,5,May,2020Q2,Fear,39.857142857142854,22.966666666666665,0.1428571428571459,100,2,Fear
1588743000,42,Fear,2020-05-06,2020-05-06 05:30:00+00:00,2020,5,May,2020Q2,Fear,42.142857142857146,23.966666666666665,-0.1428571428571459,100,3,Neutral
1588829400,49,Neutral,2020-05-07,2020-05-07 05:30:00+00:00,2020,5,May,2020Q2,Neutral,42.857142857142854,24.933333333333334,6.142857142857146,101,1,Greed
1588915800,55,Greed,2020-05-08,2020-05-08 05:30:00+00:00,2020,5,May,2020Q2,Greed,45.0,26.066666666666666,10.0,102,1,Greed
1589002200,56,Greed,2020-05-09,2020-05-09 05:30:00+00:00,2020,5,May,2020Q2,Greed,47.285714285714285,27.2,8.714285714285715,102,2,Neutral
1589088600,48,Neutral,2020-05-10,2020-05-10 05:30:00+00:00,2020,5,May,2020Q2,Neutral,47.714285714285715,28.3,0.2857142857142847,103,1,Fear
1589175000,40,Fear,2020-05-11,2020-05-11 05:30:00+00:00,2020,5,May,2020Q2,Fear,47.142857142857146,29.133333333333333,-7.142857142857146,104,1,Fear
1589261400,39,Fear,2020-05-12,2020-05-12 05:30:00+00:00,2020,5,May,2020Q2,Fear,47.0,30.1,-8.0,104,2,Fear
1589347800,41,Fear,2020-05-13,2020-05-13 05:30:00+00:00,2020,5,May,2020Q2,Fear,46.857142857142854,31.1,-5.857142857142854,104,3,Fear
1589434200,40,Fear,2020-05-14,2020-05-14 05:30:00+00:00,2020,5,May,2020Q2,Fear,45.57142857142857,31.933333333333334,-5.571428571428569,104,4,Fear
1589520600,44,Fear,2020-05-15,2020-05-15 05:30:00+00:00,2020,5,May,2020Q2,Fear,44.0,32.8,0.0,104,5,Fear
1589607000,41,Fear,2020-05-16,2020-05-16 05:30:00+00:00,2020,5,May,2020Q2,Fear,41.857142857142854,33.733333333333334,-0.8571428571428541,104,6,Fear
1589693400,40,Fear,2020-05-17,2020-05-17 05:30:00+00:00,2020,5,May,2020Q2,Fear,40.714285714285715,34.56666666666667,-0.7142857142857153,104,7,Neutral
1589779800,50,Neutral,2020-05-18,2020-05-18 05:30:00+00:00,2020,5,May,2020Q2,Neutral,42.142857142857146,35.63333333333333,7.857142857142854,105,1,Neutral
1589866200,50,Neutral,2020-05-19,2020-05-19 05:30:00+00:00,2020,5,May,2020Q2,Neutral,43.714285714285715,36.766666666666666,6.285714285714285,105,2,Neutral
1589952600,52,Neutral,2020-05-20,2020-05-20 05:30:00+00:00,2020,5,May,2020Q2,Neutral,45.285714285714285,38.0,6.714285714285715,105,3,Neutral
1590039000,49,Neutral,2020-05-21,2020-05-21 05:30:00+00:00,2020,5,May,2020Q2,Neutral,46.57142857142857,39.06666666666667,2.4285714285714306,105,4,Fear
1590125400,42,Fear,2020-05-22,2020-05-22 05:30:00+00:00,2020,5,May,2020Q2,Fear,46.285714285714285,39.833333333333336,-4.285714285714285,106,1,Fear
1590211800,40,Fear,2020-05-23,2020-05-23 05:30:00+00:00,2020,5,May,2020Q2,Fear,46.142857142857146,40.53333333333333,-6.142857142857146,106,2,Fear
1590298200,43,Fear,2020-05-24,2020-05-24 05:30:00+00:00,2020,5,May,2020Q2,Fear,46.57142857142857,41.3,-3.5714285714285694,106,3,Fear
1590384600,41,Fear,2020-05-25,2020-05-25 05:30:00+00:00,2020,5,May,2020Q2,Fear,45.285714285714285,41.86666666666667,-4.285714285714285,106,4,Fear
1590471000,39,Fear,2020-05-26,2020-05-26 05:30:00+00:00,2020,5,May,2020Q2,Fear,43.714285714285715,42.46666666666667,-4.714285714285715,106,5,Fear
1590557400,39,Fear,2020-05-27,2020-05-27 05:30:00+00:00,2020,5,May,2020Q2,Fear,41.857142857142854,42.833333333333336,-2.857142857142854,106,6,Fear
1590643800,41,Fear,2020-05-28,2020-05-28 05:30:00+00:00,2020,5,May,2020Q2,Fear,40.714285714285715,43.333333333333336,0.2857142857142847,106,7,Neutral
1590730200,48,Neutral,2020-05-29,2020-05-29 05:30:00+00:00,2020,5,May,2020Q2,Neutral,41.57142857142857,44.06666666666667,6.428571428571431,107,1,Neutral
1590816600,48,Neutral,2020-05-30,2020-05-30 05:30:00+00:00,2020,5,May,2020Q2,Neutral,42.714285714285715,44.2,5.285714285714285,107,2,Neutral
1590903000,51,Neutral,2020-05-31,2020-05-31 05:30:00+00:00,2020,5,May,2020Q2,Neutral,43.857142857142854,44.56666666666667,7.142857142857146,107,3,Neutral
1590989400,50,Neutral,2020-06-01,2020-06-01 05:30:00+00:00,2020,6,Jun,2020Q2,Neutral,45.142857142857146,44.9,4.857142857142854,107,4,Greed
1591075800,56,Greed,2020-06-02,2020-06-02 05:30:00+00:00,2020,6,Jun,2020Q2,Greed,47.57142857142857,45.266666666666666,8.42857142857143,108,1,Neutral
1591162200,48,Neutral,2020-06-03,2020-06-03 05:30:00+00:00,2020,6,Jun,2020Q2,Neutral,48.857142857142854,45.4,-0.8571428571428541,109,1,Neutral
1591248600,54,Neutral,2020-06-04,2020-06-04 05:30:00+00:00,2020,6,Jun,2020Q2,Neutral,50.714285714285715,45.86666666666667,3.2857142857142847,109,2,Neutral
1591335000,53,Neutral,2020-06-05,2020-06-05 05:30:00+00:00,2020,6,Jun,2020Q2,Neutral,51.42857142857143,46.233333333333334,1.5714285714285694,109,3,Neutral
1591421400,54,Neutral,2020-06-06,2020-06-06 05:30:00+00:00,2020,6,Jun,2020Q2,Neutral,52.285714285714285,46.4,1.7142857142857153,109,4,Neutral
1591507800,54,Neutral,2020-06-07,2020-06-07 05:30:00+00:00,2020,6,Jun,2020Q2,Neutral,52.714285714285715,46.36666666666667,1.2857142857142847,109,5,Neutral
1591594200,53,Neutral,2020-06-08,2020-06-08 05:30:00+00:00,2020,6,Jun,2020Q2,Neutral,53.142857142857146,46.266666666666666,-0.1428571428571459,109,6,Neutral
1591680600,52,Neutral,2020-06-09,2020-06-09 05:30:00+00:00,2020,6,Jun,2020Q2,Neutral,52.57142857142857,46.4,-0.5714285714285694,109,7,Neutral
1591767000,54,Neutral,2020-06-10,2020-06-10 05:30:00+00:00,2020,6,Jun,2020Q2,Neutral,53.42857142857143,46.86666666666667,0.5714285714285694,109,8,Neutral
1591853400,52,Neutral,2020-06-11,2020-06-11 05:30:00+00:00,2020,6,Jun,2020Q2,Neutral,53.142857142857146,47.3,-1.142857142857146,109,9,Fear
1591939800,38,Fear,2020-06-12,2020-06-12 05:30:00+00:00,2020,6,Jun,2020Q2,Fear,51.0,47.2,-13.0,110,1,Fear
1592026200,38,Fear,2020-06-13,2020-06-13 05:30:00+00:00,2020,6,Jun,2020Q2,Fear,48.714285714285715,47.13333333333333,-10.714285714285715,110,2,Fear
1592112600,40,Fear,2020-06-14,2020-06-14 05:30:00+00:00,2020,6,Jun,2020Q2,Fear,46.714285714285715,47.0,-6.714285714285715,110,3,Fear
1592199000,37,Fear,2020-06-15,2020-06-15 05:30:00+00:00,2020,6,Jun,2020Q2,Fear,44.42857142857143,46.86666666666667,-7.428571428571431,110,4,Fear
1592285400,39,Fear,2020-06-16,2020-06-16 05:30:00+00:00,2020,6,Jun,2020Q2,Fear,42.57142857142857,46.833333333333336,-3.5714285714285694,110,5,Fear
1592371800,38,Fear,2020-06-17,2020-06-17 05:30:00+00:00,2020,6,Jun,2020Q2,Fear,40.285714285714285,46.43333333333333,-2.2857142857142847,110,6,Fear
1592458200,40,Fear,2020-06-18,2020-06-18 05:30:00+00:00,2020,6,Jun,2020Q2,Fear,38.57142857142857,46.1,1.4285714285714306,110,7,Fear
1592544600,39,Fear,2020-06-19,2020-06-19 05:30:00+00:00,2020,6,Jun,2020Q2,Fear,38.714285714285715,45.666666666666664,0.2857142857142847,110,8,Fear
1592631000,38,Fear,2020-06-20,2020-06-20 05:30:00+00:00,2020,6,Jun,2020Q2,Fear,38.714285714285715,45.3,-0.7142857142857153,110,9,Fear
1592717400,37,Fear,2020-06-21,2020-06-21 05:30:00+00:00,2020,6,Jun,2020Q2,Fear,38.285714285714285,45.13333333333333,-1.2857142857142847,110,10,Fear
1592803800,38,Fear,2020-06-22,2020-06-22 05:30:00+00:00,2020,6,Jun,2020Q2,Fear,38.42857142857143,45.06666666666667,-0.4285714285714306,110,11,Fear
1592890200,41,Fear,2020-06-23,2020-06-23 05:30:00+00:00,2020,6,Jun,2020Q2,Fear,38.714285714285715,45.0,2.2857142857142847,110,12,Neutral
1592976600,50,Neutral,2020-06-24,2020-06-24 05:30:00+00:00,2020,6,Jun,2020Q2,Neutral,40.42857142857143,45.3,9.57142857142857,111,1,Fear
1593063000,43,Fear,2020-06-25,2020-06-25 05:30:00+00:00,2020,6,Jun,2020Q2,Fear,40.857142857142854,45.43333333333333,2.142857142857146,112,1,Fear
1593149400,40,Fear,2020-06-26,2020-06-26 05:30:00+00:00,2020,6,Jun,2020Q2,Fear,41.0,45.46666666666667,-1.0,112,2,Fear
1593235800,43,Fear,2020-06-27,2020-06-27 05:30:00+00:00,2020,6,Jun,2020Q2,Fear,41.714285714285715,45.53333333333333,1.2857142857142847,112,3,Fear
1593322200,40,Fear,2020-06-28,2020-06-28 05:30:00+00:00,2020,6,Jun,2020Q2,Fear,42.142857142857146,45.266666666666666,-2.142857142857146,112,4,Fear
1593408600,41,Fear,2020-06-29,2020-06-29 05:30:00+00:00,2020,6,Jun,2020Q2,Fear,42.57142857142857,45.03333333333333,-1.5714285714285694,112,5,Fear
1593495000,44,Fear,2020-06-30,2020-06-30 05:30:00+00:00,2020,6,Jun,2020Q2,Fear,43.0,44.8,1.0,112,6,Fear
1593581400,42,Fear,2020-07-01,2020-07-01 05:30:00+00:00,2020,7,Jul,2020Q3,Fear,41.857142857142854,44.53333333333333,0.1428571428571459,112,7,Fear
1593667800,42,Fear,2020-07-02,2020-07-02 05:30:00+00:00,2020,7,Jul,2020Q3,Fear,41.714285714285715,44.06666666666667,0.2857142857142847,112,8,Fear
1593754200,41,Fear,2020-07-03,2020-07-03 05:30:00+00:00,2020,7,Jul,2020Q3,Fear,41.857142857142854,43.833333333333336,-0.8571428571428541,112,9,Fear
1593840600,40,Fear,2020-07-04,2020-07-04 05:30:00+00:00,2020,7,Jul,2020Q3,Fear,41.42857142857143,43.36666666666667,-1.4285714285714306,112,10,Fear
1593927000,38,Fear,2020-07-05,2020-07-05 05:30:00+00:00,2020,7,Jul,2020Q3,Fear,41.142857142857146,42.86666666666667,-3.142857142857146,112,11,Fear
1594013400,40,Fear,2020-07-06,2020-07-06 05:30:00+00:00,2020,7,Jul,2020Q3,Fear,41.0,42.4,-1.0,112,12,Fear
1594099800,43,Fear,2020-07-07,2020-07-07 05:30:00+00:00,2020,7,Jul,2020Q3,Fear,40.857142857142854,42.03333333333333,2.142857142857146,112,13,Fear
1594186200,44,Fear,2020-07-08,2020-07-08 05:30:00+00:00,2020,7,Jul,2020Q3,Fear,41.142857142857146,41.733333333333334,2.857142857142854,112,14,Fear
1594272600,44,Fear,2020-07-09,2020-07-09 05:30:00+00:00,2020,7,Jul,2020Q3,Fear,41.42857142857143,41.46666666666667,2.5714285714285694,112,15,Fear
1594359000,41,Fear,2020-07-10,2020-07-10 05:30:00+00:00,2020,7,Jul,2020Q3,Fear,41.42857142857143,41.03333333333333,-0.4285714285714306,112,16,Fear
1594445400,44,Fear,2020-07-11,2020-07-11 05:30:00+00:00,2020,7,Jul,2020Q3,Fear,42.0,40.766666666666666,2.0,112,17,Fear
1594531800,41,Fear,2020-07-12,2020-07-12 05:30:00+00:00,2020,7,Jul,2020Q3,Fear,42.42857142857143,40.86666666666667,-1.4285714285714306,112,18,Fear
1594618200,43,Fear,2020-07-13,2020-07-13 05:30:00+00:00,2020,7,Jul,2020Q3,Fear,42.857142857142854,41.03333333333333,0.1428571428571459,112,19,Fear
1594704600,43,Fear,2020-07-14,2020-07-14 05:30:00+00:00,2020,7,Jul,2020Q3,Fear,42.857142857142854,41.13333333333333,0.1428571428571459,112,20,Fear
1594791000,44,Fear,2020-07-15,2020-07-15 05:30:00+00:00,2020,7,Jul,2020Q3,Fear,42.857142857142854,41.36666666666667,1.142857142857146,112,21,Fear
1594877400,43,Fear,2020-07-16,2020-07-16 05:30:00+00:00,2020,7,Jul,2020Q3,Fear,42.714285714285715,41.5,0.2857142857142847,112,22,Fear
1594963800,41,Fear,2020-07-17,2020-07-17 05:30:00+00:00,2020,7,Jul,2020Q3,Fear,42.714285714285715,41.6,-1.7142857142857153,112,23,Fear
1595050200,44,Fear,2020-07-18,2020-07-18 05:30:00+00:00,2020,7,Jul,2020Q3,Fear,42.714285714285715,41.733333333333334,1.2857142857142847,112,24,Fear
1595136600,41,Fear,2020-07-19,2020-07-19 05:30:00+00:00,2020,7,Jul,2020Q3,Fear,42.714285714285715,41.8,-1.7142857142857153,112,25,Fear
1595223000,44,Fear,2020-07-20,2020-07-20 05:30:00+00:00,2020,7,Jul,2020Q3,Fear,42.857142857142854,42.0,1.142857142857146,112,26,Fear
1595309400,44,Fear,2020-07-21,2020-07-21 05:30:00+00:00,2020,7,Jul,2020Q3,Fear,43.0,42.233333333333334,1.0,112,27,Neutral
1595395800,50,Neutral,2020-07-22,2020-07-22 05:30:00+00:00,2020,7,Jul,2020Q3,Neutral,43.857142857142854,42.63333333333333,6.142857142857146,113,1,Greed
1595482200,55,Greed,2020-07-23,2020-07-23 05:30:00+00:00,2020,7,Jul,2020Q3,Greed,45.57142857142857,43.1,9.42857142857143,114,1,Neutral
1595568600,53,Neutral,2020-07-24,2020-07-24 05:30:00+00:00,2020,7,Jul,2020Q3,Neutral,47.285714285714285,43.2,5.714285714285715,115,1,Greed
1595655000,55,Greed,2020-07-25,2020-07-25 05:30:00+00:00,2020,7,Jul,2020Q3,Greed,48.857142857142854,43.6,6.142857142857146,116,1,Greed
1595741400,55,Greed,2020-07-26,2020-07-26 05:30:00+00:00,2020,7,Jul,2020Q3,Greed,50.857142857142854,44.1,4.142857142857146,116,2,Greed
1595827800,58,Greed,2020-07-27,2020-07-27 05:30:00+00:00,2020,7,Jul,2020Q3,Greed,52.857142857142854,44.6,5.142857142857146,116,3,Greed
1595914200,76,Extreme Greed,2020-07-28,2020-07-28 05:30:00+00:00,2020,7,Jul,2020Q3,Greed,57.42857142857143,45.8,18.57142857142857,116,4,Greed
1596000600,71,Greed,2020-07-29,2020-07-29 05:30:00+00:00,2020,7,Jul,2020Q3,Greed,60.42857142857143,46.8,10.57142857142857,116,5,Greed
1596087000,76,Extreme Greed,2020-07-30,2020-07-30 05:30:00+00:00,2020,7,Jul,2020Q3,Greed,63.42857142857143,47.86666666666667,12.57142857142857,116,6,Greed
1596173400,75,Extreme Greed,2020-07-31,2020-07-31 05:30:00+00:00,2020,7,Jul,2020Q3,Greed,66.57142857142857,48.96666666666667,8.42857142857143,116,7,Greed
1596259800,75,Extreme Greed,2020-08-01,2020-08-01 05:30:00+00:00,2020,8,Aug,2020Q3,Greed,69.42857142857143,50.06666666666667,5.571428571428569,116,8,Greed
1596346200,80,Extreme Greed,2020-08-02,2020-08-02 05:30:00+00:00,2020,8,Aug,2020Q3,Greed,73.0,51.36666666666667,7.0,116,9,Greed
1596432600,75,Extreme Greed,2020-08-03,2020-08-03 05:30:00+00:00,2020,8,Aug,2020Q3,Greed,75.42857142857143,52.53333333333333,-0.4285714285714306,116,10,Greed
1596519000,72,Greed,2020-08-04,2020-08-04 05:30:00+00:00,2020,8,Aug,2020Q3,Greed,74.85714285714286,53.666666666666664,-2.857142857142861,116,11,Greed
1596605400,75,Extreme Greed,2020-08-05,2020-08-05 05:30:00+00:00,2020,8,Aug,2020Q3,Greed,75.42857142857143,54.833333333333336,-0.4285714285714306,116,12,Greed
1596691800,79,Extreme Greed,2020-08-06,2020-08-06 05:30:00+00:00,2020,8,Aug,2020Q3,Greed,75.85714285714286,56.03333333333333,3.142857142857139,116,13,Greed
1596778200,77,Extreme Greed,2020-08-07,2020-08-07 05:30:00+00:00,2020,8,Aug,2020Q3,Greed,76.14285714285714,57.13333333333333,0.8571428571428612,116,14,Greed
1596864600,77,Extreme Greed,2020-08-08,2020-08-08 05:30:00+00:00,2020,8,Aug,2020Q3,Greed,76.42857142857143,58.233333333333334,0.5714285714285694,116,15,Greed
1596951000,79,Extreme Greed,2020-08-09,2020-08-09 05:30:00+00:00,2020,8,Aug,2020Q3,Greed,76.28571428571429,59.5,2.714285714285708,116,16,Greed
1597037400,78,Extreme Greed,2020-08-10,2020-08-10 05:30:00+00:00,2020,8,Aug,2020Q3,Greed,76.71428571428571,60.63333333333333,1.2857142857142918,116,17,Greed
1597123800,84,Extreme Greed,2020-08-11,2020-08-11 05:30:00+00:00,2020,8,Aug,2020Q3,Greed,78.42857142857143,62.06666666666667,5.571428571428569,116,18,Greed
1597210200,75,Extreme Greed,2020-08-12,2020-08-12 05:30:00+00:00,2020,8,Aug,2020Q3,Greed,78.42857142857143,63.13333333333333,-3.4285714285714306,116,19,Greed
1597296600,75,Extreme Greed,2020-08-13,2020-08-13 05:30:00+00:00,2020,8,Aug,2020Q3,Greed,77.85714285714286,64.2,-2.857142857142861,116,20,Greed
1597383000,78,Extreme Greed,2020-08-14,2020-08-14 05:30:00+00:00,2020,8,Aug,2020Q3,Greed,78.0,65.33333333333333,0.0,116,21,Greed
1597469400,79,Extreme Greed,2020-08-15,2020-08-15 05:30:00+00:00,2020,8,Aug,2020Q3,Greed,78.28571428571429,66.53333333333333,0.7142857142857082,116,22,Greed
1597555800,82,Extreme Greed,2020-08-16,2020-08-16 05:30:00+00:00,2020,8,Aug,2020Q3,Greed,78.71428571428571,67.9,3.285714285714292,116,23,Greed
1597642200,83,Extreme Greed,2020-08-17,2020-08-17 05:30:00+00:00,2020,8,Aug,2020Q3,Greed,79.42857142857143,69.2,3.5714285714285694,116,24,Greed
1597728600,82,Extreme Greed,2020-08-18,2020-08-18 05:30:00+00:00,2020,8,Aug,2020Q3,Greed,79.14285714285714,70.56666666666666,2.857142857142861,116,25,Greed
1597815000,80,Extreme Greed,2020-08-19,2020-08-19 05:30:00+00:00,2020,8,Aug,2020Q3,Greed,79.85714285714286,71.76666666666667,0.1428571428571388,116,26,Greed
1597901400,75,Extreme Greed,2020-08-20,2020-08-20 05:30:00+00:00,2020,8,Aug,2020Q3,Greed,79.85714285714286,72.8,-4.857142857142861,116,27,Greed
1597987800,81,Extreme Greed,2020-08-21,2020-08-21 05:30:00+00:00,2020,8,Aug,2020Q3,Greed,80.28571428571429,73.83333333333333,0.7142857142857082,116,28,Greed
1598074200,78,Extreme Greed,2020-08-22,2020-08-22 05:30:00+00:00,2020,8,Aug,2020Q3,Greed,80.14285714285714,74.6,-2.142857142857139,116,29,Greed
1598160600,76,Extreme Greed,2020-08-23,2020-08-23 05:30:00+00:00,2020,8,Aug,2020Q3,Greed,79.28571428571429,75.36666666666666,-3.285714285714292,116,30,Greed
1598247000,78,Extreme Greed,2020-08-24,2020-08-24 05:30:00+00:00,2020,8,Aug,2020Q3,Greed,78.57142857142857,76.13333333333334,-0.5714285714285694,116,31,Greed
1598333400,75,Extreme Greed,2020-08-25,2020-08-25 05:30:00+00:00,2020,8,Aug,2020Q3,Greed,77.57142857142857,76.8,-2.5714285714285694,116,32,Greed
1598419800,76,Extreme Greed,2020-08-26,2020-08-26 05:30:00+00:00,2020,8,Aug,2020Q3,Greed,77.0,77.4,-1.0,116,33,Greed
1598506200,75,Extreme Greed,2020-08-27,2020-08-27 05:30:00+00:00,2020,8,Aug,2020Q3,Greed,77.0,77.36666666666666,-2.0,116,34,Greed
1598592600,74,Greed,2020-08-28,2020-08-28 05:30:00+00:00,2020,8,Aug,2020Q3,Greed,76.0,77.46666666666667,-2.0,116,35,Greed
1598679000,79,Extreme Greed,2020-08-29,2020-08-29 05:30:00+00:00,2020,8,Aug,2020Q3,Greed,76.14285714285714,77.56666666666666,2.857142857142861,116,36,Greed
1598765400,75,Extreme Greed,2020-08-30,2020-08-30 05:30:00+00:00,2020,8,Aug,2020Q3,Greed,76.0,77.56666666666666,-1.0,116,37,Greed
1598851800,75,Extreme Greed,2020-08-31,2020-08-31 05:30:00+00:00,2020,8,Aug,2020Q3,Greed,75.57142857142857,77.56666666666666,-0.5714285714285694,116,38,Greed
1598938200,75,Extreme Greed,2020-09-01,2020-09-01 05:30:00+00:00,2020,9,Sep,2020Q3,Greed,75.57142857142857,77.4,-0.5714285714285694,116,39,Greed
1599024600,83,Extreme Greed,2020-09-02,2020-09-02 05:30:00+00:00,2020,9,Sep,2020Q3,Greed,76.57142857142857,77.66666666666667,6.428571428571431,116,40,Greed
1599111000,79,Extreme Greed,2020-09-03,2020-09-03 05:30:00+00:00,2020,9,Sep,2020Q3,Greed,77.14285714285714,77.9,1.8571428571428612,116,41,Fear
1599197400,40,Fear,2020-09-04,2020-09-04 05:30:00+00:00,2020,9,Sep,2020Q3,Fear,72.28571428571429,76.73333333333333,-32.28571428571429,117,1,Fear
1599283800,41,Fear,2020-09-05,2020-09-05 05:30:00+00:00,2020,9,Sep,2020Q3,Fear,66.85714285714286,75.46666666666667,-25.85714285714286,117,2,Fear
1599370200,41,Fear,2020-09-06,2020-09-06 05:30:00+00:00,2020,9,Sep,2020Q3,Fear,62.0,74.26666666666667,-21.0,117,3,Fear
1599456600,41,Fear,2020-09-07,2020-09-07 05:30:00+00:00,2020,9,Sep,2020Q3,Fear,57.142857142857146,73.06666666666666,-16.142857142857146,117,4,Fear
1599543000,41,Fear,2020-09-08,2020-09-08 05:30:00+00:00,2020,9,Sep,2020Q3,Fear,52.285714285714285,71.8,-11.285714285714285,117,5,Fear
1599629400,38,Fear,2020-09-09,2020-09-09 05:30:00+00:00,2020,9,Sep,2020Q3,Fear,45.857142857142854,70.46666666666667,-7.857142857142854,117,6,Fear
1599715800,38,Fear,2020-09-10,2020-09-10 05:30:00+00:00,2020,9,Sep,2020Q3,Fear,40.0,68.93333333333334,-2.0,117,7,Fear
1599802200,41,Fear,2020-09-11,2020-09-11 05:30:00+00:00,2020,9,Sep,2020Q3,Fear,40.142857142857146,67.8,0.8571428571428541,117,8,Fear
1599888600,41,Fear,2020-09-12,2020-09-12 05:30:00+00:00,2020,9,Sep,2020Q3,Fear,40.142857142857146,66.66666666666667,0.8571428571428541,117,9,Fear
1599975000,38,Fear,2020-09-13,2020-09-13 05:30:00+00:00,2020,9,Sep,2020Q3,Fear,39.714285714285715,65.33333333333333,-1.7142857142857153,117,10,Fear
1600061400,39,Fear,2020-09-14,2020-09-14 05:30:00+00:00,2020,9,Sep,2020Q3,Fear,39.42857142857143,64.0,-0.4285714285714306,117,11,Neutral
1600147800,47,Neutral,2020-09-15,2020-09-15 05:30:00+00:00,2020,9,Sep,2020Q3,Neutral,40.285714285714285,62.833333333333336,6.714285714285715,118,1,Fear
1600234200,43,Fear,2020-09-16,2020-09-16 05:30:00+00:00,2020,9,Sep,2020Q3,Fear,41.0,61.5,2.0,119,1,Neutral
1600320600,48,Neutral,2020-09-17,2020-09-17 05:30:00+00:00,2020,9,Sep,2020Q3,Neutral,42.42857142857143,60.36666666666667,5.571428571428569,120,1,Neutral
1600407000,49,Neutral,2020-09-18,2020-09-18 05:30:00+00:00,2020,9,Sep,2020Q3,Neutral,43.57142857142857,59.333333333333336,5.428571428571431,120,2,Neutral
1600493400,48,Neutral,2020-09-19,2020-09-19 05:30:00+00:00,2020,9,Sep,2020Q3,Neutral,44.57142857142857,58.43333333333333,3.4285714285714306,120,3,Neutral
1600579800,52,Neutral,2020-09-20,2020-09-20 05:30:00+00:00,2020,9,Sep,2020Q3,Neutral,46.57142857142857,57.46666666666667,5.428571428571431,120,4,Neutral
1600666200,48,Neutral,2020-09-21,2020-09-21 05:30:00+00:00,2020,9,Sep,2020Q3,Neutral,47.857142857142854,56.46666666666667,0.1428571428571459,120,5,Fear
1600752600,39,Fear,2020-09-22,2020-09-22 05:30:00+00:00,2020,9,Sep,2020Q3,Fear,46.714285714285715,55.233333333333334,-7.714285714285715,121,1,Fear
1600839000,43,Fear,2020-09-23,2020-09-23 05:30:00+00:00,2020,9,Sep,2020Q3,Fear,46.714285714285715,54.06666666666667,-3.7142857142857153,121,2,Fear
1600925400,39,Fear,2020-09-24,2020-09-24 05:30:00+00:00,2020,9,Sep,2020Q3,Fear,45.42857142857143,52.86666666666667,-6.428571428571431,121,3,Neutral
1601011800,46,Neutral,2020-09-25,2020-09-25 05:30:00+00:00,2020,9,Sep,2020Q3,Neutral,45.0,51.86666666666667,1.0,122,1,Neutral
1601098200,45,Neutral,2020-09-26,2020-09-26 05:30:00+00:00,2020,9,Sep,2020Q3,Neutral,44.57142857142857,50.86666666666667,0.4285714285714306,122,2,Neutral
1601184600,47,Neutral,2020-09-27,2020-09-27 05:30:00+00:00,2020,9,Sep,2020Q3,Neutral,43.857142857142854,49.96666666666667,3.142857142857146,122,3,Fear
1601271000,43,Fear,2020-09-28,2020-09-28 05:30:00+00:00,2020,9,Sep,2020Q3,Fear,43.142857142857146,48.766666666666666,-0.1428571428571459,123,1,Neutral
1601357400,45,Neutral,2020-09-29,2020-09-29 05:30:00+00:00,2020,9,Sep,2020Q3,Neutral,44.0,47.766666666666666,1.0,124,1,Neutral
1601443800,49,Neutral,2020-09-30,2020-09-30 05:30:00+00:00,2020,9,Sep,2020Q3,Neutral,44.857142857142854,46.9,4.142857142857146,124,2,Neutral
1601530200,45,Neutral,2020-10-01,2020-10-01 05:30:00+00:00,2020,10,Oct,2020Q4,Neutral,45.714285714285715,45.9,-0.7142857142857153,124,3,Fear
1601616600,41,Fear,2020-10-02,2020-10-02 05:30:00+00:00,2020,10,Oct,2020Q4,Fear,45.0,44.5,-4.0,125,1,Fear
1601703000,40,Fear,2020-10-03,2020-10-03 05:30:00+00:00,2020,10,Oct,2020Q4,Fear,44.285714285714285,43.2,-4.285714285714285,125,2,Fear
1601789400,42,Fear,2020-10-04,2020-10-04 05:30:00+00:00,2020,10,Oct,2020Q4,Fear,43.57142857142857,43.266666666666666,-1.5714285714285694,125,3,Fear
1601875800,42,Fear,2020-10-05,2020-10-05 05:30:00+00:00,2020,10,Oct,2020Q4,Fear,43.42857142857143,43.3,-1.4285714285714306,125,4,Neutral
1601962200,47,Neutral,2020-10-06,2020-10-06 05:30:00+00:00,2020,10,Oct,2020Q4,Neutral,43.714285714285715,43.5,3.2857142857142847,126,1,Fear
1602048600,43,Fear,2020-10-07,2020-10-07 05:30:00+00:00,2020,10,Oct,2020Q4,Fear,42.857142857142854,43.56666666666667,0.1428571428571459,127,1,Neutral
1602135000,46,Neutral,2020-10-08,2020-10-08 05:30:00+00:00,2020,10,Oct,2020Q4,Neutral,43.0,43.733333333333334,3.0,128,1,Neutral
1602221400,48,Neutral,2020-10-09,2020-10-09 05:30:00+00:00,2020,10,Oct,2020Q4,Neutral,44.0,44.06666666666667,4.0,128,2,Neutral
1602307800,53,Neutral,2020-10-10,2020-10-10 05:30:00+00:00,2020,10,Oct,2020Q4,Neutral,45.857142857142854,44.56666666666667,7.142857142857146,128,3,Greed
1602394200,55,Greed,2020-10-11,2020-10-11 05:30:00+00:00,2020,10,Oct,2020Q4,Greed,47.714285714285715,45.03333333333333,7.285714285714285,129,1,Neutral
1602480600,52,Neutral,2020-10-12,2020-10-12 05:30:00+00:00,2020,10,Oct,2020Q4,Neutral,49.142857142857146,45.4,2.857142857142854,130,1,Greed
1602567000,56,Greed,2020-10-13,2020-10-13 05:30:00+00:00,2020,10,Oct,2020Q4,Greed,50.42857142857143,46.0,5.571428571428569,131,1,Neutral
1602653400,53,Neutral,2020-10-14,2020-10-14 05:30:00+00:00,2020,10,Oct,2020Q4,Neutral,51.857142857142854,46.46666666666667,1.142857142857146,132,1,Greed
1602739800,56,Greed,2020-10-15,2020-10-15 05:30:00+00:00,2020,10,Oct,2020Q4,Greed,53.285714285714285,46.766666666666666,2.7142857142857153,133,1,Neutral
1602826200,52,Neutral,2020-10-16,2020-10-16 05:30:00+00:00,2020,10,Oct,2020Q4,Neutral,53.857142857142854,47.06666666666667,-1.857142857142854,134,1,Greed
1602912600,56,Greed,2020-10-17,2020-10-17 05:30:00+00:00,2020,10,Oct,2020Q4,Greed,54.285714285714285,47.333333333333336,1.7142857142857153,135,1,Greed
1602999000,55,Greed,2020-10-18,2020-10-18 05:30:00+00:00,2020,10,Oct,2020Q4,Greed,54.285714285714285,47.53333333333333,0.7142857142857153,135,2,Greed
1603085400,55,Greed,2020-10-19,2020-10-19 05:30:00+00:00,2020,10,Oct,2020Q4,Greed,54.714285714285715,47.766666666666666,0.2857142857142847,135,3,Greed
1603171800,56,Greed,2020-10-20,2020-10-20 05:30:00+00:00,2020,10,Oct,2020Q4,Greed,54.714285714285715,47.9,1.2857142857142847,135,4,Greed
1603258200,61,Greed,2020-10-21,2020-10-21 05:30:00+00:00,2020,10,Oct,2020Q4,Greed,55.857142857142854,48.333333333333336,5.142857142857146,135,5,Greed
1603344600,73,Greed,2020-10-22,2020-10-22 05:30:00+00:00,2020,10,Oct,2020Q4,Greed,58.285714285714285,49.46666666666667,14.714285714285715,135,6,Greed
1603431000,74,Greed,2020-10-23,2020-10-23 05:30:00+00:00,2020,10,Oct,2020Q4,Greed,61.42857142857143,50.5,12.57142857142857,135,7,Greed
1603517400,73,Greed,2020-10-24,2020-10-24 05:30:00+00:00,2020,10,Oct,2020Q4,Greed,63.857142857142854,51.63333333333333,9.142857142857146,135,8,Greed
1603603800,76,Extreme Greed,2020-10-25,2020-10-25 05:30:00+00:00,2020,10,Oct,2020Q4,Greed,66.85714285714286,52.63333333333333,9.142857142857139,135,9,Greed
1603690200,75,Extreme Greed,2020-10-26,2020-10-26 05:30:00+00:00,2020,10,Oct,2020Q4,Greed,69.71428571428571,53.63333333333333,5.285714285714292,135,10,Greed
1603776600,61,Greed,2020-10-27,2020-10-27 05:30:00+00:00,2020,10,Oct,2020Q4,Greed,70.42857142857143,54.1,-9.42857142857143,135,11,Greed
1603863000,70,Greed,2020-10-28,2020-10-28 05:30:00+00:00,2020,10,Oct,2020Q4,Greed,71.71428571428571,55.0,-1.7142857142857082,135,12,Greed
1603949400,67,Greed,2020-10-29,2020-10-29 05:30:00+00:00,2020,10,Oct,2020Q4,Greed,70.85714285714286,55.733333333333334,-3.857142857142861,135,13,Greed
1604035800,74,Greed,2020-10-30,2020-10-30 05:30:00+00:00,2020,10,Oct,2020Q4,Greed,70.85714285714286,56.56666666666667,3.142857142857139,135,14,Greed
1604122200,73,Greed,2020-10-31,2020-10-31 05:30:00+00:00,2020,10,Oct,2020Q4,Greed,70.85714285714286,57.5,2.142857142857139,135,15,Greed
1604208600,72,Greed,2020-11-01,2020-11-01 05:30:00+00:00,2020,11,Nov,2020Q4,Greed,70.28571428571429,58.53333333333333,1.7142857142857082,135,16,Greed
1604295000,71,Greed,2020-11-02,2020-11-02 05:30:00+00:00,2020,11,Nov,2020Q4,Greed,69.71428571428571,59.56666666666667,1.2857142857142918,135,17,Greed
1604381400,71,Greed,2020-11-03,2020-11-03 05:30:00+00:00,2020,11,Nov,2020Q4,Greed,71.14285714285714,60.53333333333333,-0.1428571428571388,135,18,Greed
1604467800,74,Greed,2020-11-04,2020-11-04 05:30:00+00:00,2020,11,Nov,2020Q4,Greed,71.71428571428571,61.6,2.285714285714292,135,19,Greed
1604554200,72,Greed,2020-11-05,2020-11-05 05:30:00+00:00,2020,11,Nov,2020Q4,Greed,72.42857142857143,62.43333333333333,-0.4285714285714306,135,20,Greed
1604640600,90,Extreme Greed,2020-11-06,2020-11-06 05:30:00+00:00,2020,11,Nov,2020Q4,Greed,74.71428571428571,64.0,15.285714285714292,135,21,Greed
1604727000,88,Extreme Greed,2020-11-07,2020-11-07 05:30:00+00:00,2020,11,Nov,2020Q4,Greed,76.85714285714286,65.4,11.142857142857139,135,22,Greed
1604813400,82,Extreme Greed,2020-11-08,2020-11-08 05:30:00+00:00,2020,11,Nov,2020Q4,Greed,78.28571428571429,66.53333333333333,3.714285714285708,135,23,Greed
1604899800,90,Extreme Greed,2020-11-09,2020-11-09 05:30:00+00:00,2020,11,Nov,2020Q4,Greed,81.0,67.76666666666667,9.0,135,24,Greed
1604986200,90,Extreme Greed,2020-11-10,2020-11-10 05:30:00+00:00,2020,11,Nov,2020Q4,Greed,83.71428571428571,68.93333333333334,6.285714285714292,135,25,Greed
1605072600,86,Extreme Greed,2020-11-11,2020-11-11 05:30:00+00:00,2020,11,Nov,2020Q4,Greed,85.42857142857143,70.06666666666666,0.5714285714285694,135,26,Greed
1605159000,87,Extreme Greed,2020-11-12,2020-11-12 05:30:00+00:00,2020,11,Nov,2020Q4,Greed,87.57142857142857,71.1,-0.5714285714285694,135,27,Greed
1605245400,89,Extreme Greed,2020-11-13,2020-11-13 05:30:00+00:00,2020,11,Nov,2020Q4,Greed,87.42857142857143,72.3,1.5714285714285694,135,28,Greed
1605331800,90,Extreme Greed,2020-11-14,2020-11-14 05:30:00+00:00,2020,11,Nov,2020Q4,Greed,87.71428571428571,73.43333333333334,2.285714285714292,135,29,Greed
1605418200,86,Extreme Greed,2020-11-15,2020-11-15 05:30:00+00:00,2020,11,Nov,2020Q4,Greed,88.28571428571429,74.56666666666666,-2.285714285714292,135,30,Greed
1605504600,90,Extreme Greed,2020-11-16,2020-11-16 05:30:00+00:00,2020,11,Nov,2020Q4,Greed,88.28571428571429,75.7,1.7142857142857082,135,31,Greed
1605591000,86,Extreme Greed,2020-11-17,2020-11-17 05:30:00+00:00,2020,11,Nov,2020Q4,Greed,87.71428571428571,76.73333333333333,-1.7142857142857082,135,32,Greed
1605677400,91,Extreme Greed,2020-11-18,2020-11-18 05:30:00+00:00,2020,11,Nov,2020Q4,Greed,88.42857142857143,77.93333333333334,2.5714285714285694,135,33,Greed
1605763800,94,Extreme Greed,2020-11-19,2020-11-19 05:30:00+00:00,2020,11,Nov,2020Q4,Greed,89.42857142857143,79.2,4.571428571428569,135,34,Greed
1605850200,86,Extreme Greed,2020-11-20,2020-11-20 05:30:00+00:00,2020,11,Nov,2020Q4,Greed,89.0,80.03333333333333,-3.0,135,35,Greed
1605936600,91,Extreme Greed,2020-11-21,2020-11-21 05:30:00+00:00,2020,11,Nov,2020Q4,Greed,89.14285714285714,80.63333333333334,1.8571428571428612,135,36,Greed
1606023000,94,Extreme Greed,2020-11-22,2020-11-22 05:30:00+00:00,2020,11,Nov,2020Q4,Greed,90.28571428571429,81.3,3.714285714285708,135,37,Greed
1606109400,90,Extreme Greed,2020-11-23,2020-11-23 05:30:00+00:00,2020,11,Nov,2020Q4,Greed,90.28571428571429,81.86666666666666,-0.2857142857142918,135,38,Greed
1606195800,88,Extreme Greed,2020-11-24,2020-11-24 05:30:00+00:00,2020,11,Nov,2020Q4,Greed,90.57142857142857,82.26666666666667,-2.5714285714285694,135,39,Greed
1606282200,94,Extreme Greed,2020-11-25,2020-11-25 05:30:00+00:00,2020,11,Nov,2020Q4,Greed,91.0,82.9,3.0,135,40,Greed
1606368600,93,Extreme Greed,2020-11-26,2020-11-26 05:30:00+00:00,2020,11,Nov,2020Q4,Greed,90.85714285714286,83.96666666666667,2.142857142857139,135,41,Greed
1606455000,86,Extreme Greed,2020-11-27,2020-11-27 05:30:00+00:00,2020,11,Nov,2020Q4,Greed,90.85714285714286,84.5,-4.857142857142861,135,42,Greed
1606541400,87,Extreme Greed,2020-11-28,2020-11-28 05:30:00+00:00,2020,11,Nov,2020Q4,Greed,90.28571428571429,85.16666666666667,-3.285714285714292,135,43,Greed
1606627800,89,Extreme Greed,2020-11-29,2020-11-29 05:30:00+00:00,2020,11,Nov,2020Q4,Greed,89.57142857142857,85.66666666666667,-0.5714285714285694,135,44,Greed
1606714200,88,Extreme Greed,2020-11-30,2020-11-30 05:30:00+00:00,2020,11,Nov,2020Q4,Greed,89.28571428571429,86.16666666666667,-1.2857142857142918,135,45,Greed
1606800600,95,Extreme Greed,2020-12-01,2020-12-01 05:30:00+00:00,2020,12,Dec,2020Q4,Greed,90.28571428571429,86.93333333333334,4.714285714285708,135,46,Greed
1606887000,92,Extreme Greed,2020-12-02,2020-12-02 05:30:00+00:00,2020,12,Dec,2020Q4,Greed,90.0,87.63333333333334,2.0,135,47,Greed
1606973400,92,Extreme Greed,2020-12-03,2020-12-03 05:30:00+00:00,2020,12,Dec,2020Q4,Greed,89.85714285714286,88.33333333333333,2.142857142857139,135,48,Greed
1607059800,92,Extreme Greed,2020-12-04,2020-12-04 05:30:00+00:00,2020,12,Dec,2020Q4,Greed,90.71428571428571,88.93333333333334,1.2857142857142918,135,49,Greed
1607146200,93,Extreme Greed,2020-12-05,2020-12-05 05:30:00+00:00,2020,12,Dec,2020Q4,Greed,91.57142857142857,89.63333333333334,1.4285714285714306,135,50,Greed
1607232600,95,Extreme Greed,2020-12-06,2020-12-06 05:30:00+00:00,2020,12,Dec,2020Q4,Greed,92.42857142857143,89.8,2.5714285714285694,135,51,Greed
1607319000,94,Extreme Greed,2020-12-07,2020-12-07 05:30:00+00:00,2020,12,Dec,2020Q4,Greed,93.28571428571429,90.0,0.7142857142857082,135,52,Greed
1607405400,95,Extreme Greed,2020-12-08,2020-12-08 05:30:00+00:00,2020,12,Dec,2020Q4,Greed,93.28571428571429,90.43333333333334,1.7142857142857082,135,53,Greed
1607491800,86,Extreme Greed,2020-12-09,2020-12-09 05:30:00+00:00,2020,12,Dec,2020Q4,Greed,92.42857142857143,90.3,-6.428571428571431,135,54,Greed
1607578200,94,Extreme Greed,2020-12-10,2020-12-10 05:30:00+00:00,2020,12,Dec,2020Q4,Greed,92.71428571428571,90.43333333333334,1.2857142857142918,135,55,Greed
1607664600,89,Extreme Greed,2020-12-11,2020-12-11 05:30:00+00:00,2020,12,Dec,2020Q4,Greed,92.28571428571429,90.53333333333333,-3.285714285714292,135,56,Greed
1607751000,90,Extreme Greed,2020-12-12,2020-12-12 05:30:00+00:00,2020,12,Dec,2020Q4,Greed,91.85714285714286,90.63333333333334,-1.8571428571428612,135,57,Greed
1607837400,91,Extreme Greed,2020-12-13,2020-12-13 05:30:00+00:00,2020,12,Dec,2020Q4,Greed,91.28571428571429,90.7,-0.2857142857142918,135,58,Greed
1607923800,95,Extreme Greed,2020-12-14,2020-12-14 05:30:00+00:00,2020,12,Dec,2020Q4,Greed,91.42857142857143,90.86666666666666,3.5714285714285694,135,59,Greed
1608010200,91,Extreme Greed,2020-12-15,2020-12-15 05:30:00+00:00,2020,12,Dec,2020Q4,Greed,90.85714285714286,91.03333333333333,0.1428571428571388,135,60,Greed
1608096600,92,Extreme Greed,2020-12-16,2020-12-16 05:30:00+00:00,2020,12,Dec,2020Q4,Greed,91.71428571428571,91.1,0.2857142857142918,135,61,Greed
1608183000,92,Extreme Greed,2020-12-17,2020-12-17 05:30:00+00:00,2020,12,Dec,2020Q4,Greed,91.42857142857143,91.3,0.5714285714285694,135,62,Greed
1608269400,95,Extreme Greed,2020-12-18,2020-12-18 05:30:00+00:00,2020,12,Dec,2020Q4,Greed,92.28571428571429,91.43333333333334,2.714285714285708,135,63,Greed
1608355800,93,Extreme Greed,2020-12-19,2020-12-19 05:30:00+00:00,2020,12,Dec,2020Q4,Greed,92.71428571428571,91.4,0.2857142857142918,135,64,Greed
1608442200,92,Extreme Greed,2020-12-20,2020-12-20 05:30:00+00:00,2020,12,Dec,2020Q4,Greed,92.85714285714286,91.6,-0.8571428571428612,135,65,Greed
1608528600,92,Extreme Greed,2020-12-21,2020-12-21 05:30:00+00:00,2020,12,Dec,2020Q4,Greed,92.42857142857143,91.63333333333334,-0.4285714285714306,135,66,Greed
1608615000,88,Extreme Greed,2020-12-22,2020-12-22 05:30:00+00:00,2020,12,Dec,2020Q4,Greed,92.0,91.43333333333334,-4.0,135,67,Greed
1608701400,93,Extreme Greed,2020-12-23,2020-12-23 05:30:00+00:00,2020,12,Dec,2020Q4,Greed,92.14285714285714,91.53333333333333,0.8571428571428612,135,68,Greed
1608787800,86,Extreme Greed,2020-12-24,2020-12-24 05:30:00+00:00,2020,12,Dec,2020Q4,Greed,91.28571428571429,91.46666666666667,-5.285714285714292,135,69,Greed
1608874200,94,Extreme Greed,2020-12-25,2020-12-25 05:30:00+00:00,2020,12,Dec,2020Q4,Greed,91.14285714285714,91.46666666666667,2.857142857142861,135,70,Greed
1608960600,93,Extreme Greed,2020-12-26,2020-12-26 05:30:00+00:00,2020,12,Dec,2020Q4,Greed,91.14285714285714,91.46666666666667,1.8571428571428612,135,71,Greed
1609047000,91,Extreme Greed,2020-12-27,2020-12-27 05:30:00+00:00,2020,12,Dec,2020Q4,Greed,91.0,91.63333333333334,0.0,135,72,Greed
1609133400,92,Extreme Greed,2020-12-28,2020-12-28 05:30:00+00:00,2020,12,Dec,2020Q4,Greed,91.0,91.8,1.0,135,73,Greed
1609219800,91,Extreme Greed,2020-12-29,2020-12-29 05:30:00+00:00,2020,12,Dec,2020Q4,Greed,91.42857142857143,91.86666666666666,-0.4285714285714306,135,74,Greed
1609306200,91,Extreme Greed,2020-12-30,2020-12-30 05:30:00+00:00,2020,12,Dec,2020Q4,Greed,91.14285714285714,91.96666666666667,-0.1428571428571388,135,75,Greed
1609392600,95,Extreme Greed,2020-12-31,2020-12-31 05:30:00+00:00,2020,12,Dec,2020Q4,Greed,92.42857142857143,91.96666666666667,2.5714285714285694,135,76,Greed
1609479000,94,Extreme Greed,2021-01-01,2021-01-01 05:30:00+00:00,2021,1,Jan,2021Q1,Greed,92.42857142857143,92.03333333333333,1.5714285714285694,135,77,Greed
1609565400,94,Extreme Greed,2021-01-02,2021-01-02 05:30:00+00:00,2021,1,Jan,2021Q1,Greed,92.57142857142857,92.1,1.4285714285714306,135,78,Greed
1609651800,93,Extreme Greed,2021-01-03,2021-01-03 05:30:00+00:00,2021,1,Jan,2021Q1,Greed,92.85714285714286,92.13333333333334,0.1428571428571388,135,79,Greed
1609738200,94,Extreme Greed,2021-01-04,2021-01-04 05:30:00+00:00,2021,1,Jan,2021Q1,Greed,93.14285714285714,92.16666666666667,0.8571428571428612,135,80,Greed
1609824600,93,Extreme Greed,2021-01-05,2021-01-05 05:30:00+00:00,2021,1,Jan,2021Q1,Greed,93.42857142857143,92.1,-0.4285714285714306,135,81,Greed
1609911000,95,Extreme Greed,2021-01-06,2021-01-06 05:30:00+00:00,2021,1,Jan,2021Q1,Greed,94.0,92.13333333333334,1.0,135,82,Greed
1609997400,91,Extreme Greed,2021-01-07,2021-01-07 05:30:00+00:00,2021,1,Jan,2021Q1,Greed,93.42857142857143,92.0,-2.4285714285714306,135,83,Greed
1610083800,93,Extreme Greed,2021-01-08,2021-01-08 05:30:00+00:00,2021,1,Jan,2021Q1,Greed,93.28571428571429,92.23333333333333,-0.2857142857142918,135,84,Greed
1610170200,93,Extreme Greed,2021-01-09,2021-01-09 05:30:00+00:00,2021,1,Jan,2021Q1,Greed,93.14285714285714,92.2,-0.1428571428571388,135,85,Greed
1610256600,94,Extreme Greed,2021-01-10,2021-01-10 05:30:00+00:00,2021,1,Jan,2021Q1,Greed,93.28571428571429,92.36666666666666,0.7142857142857082,135,86,Greed
1610343000,90,Extreme Greed,2021-01-11,2021-01-11 05:30:00+00:00,2021,1,Jan,2021Q1,Greed,92.71428571428571,92.36666666666666,-2.714285714285708,135,87,Greed
1610429400,84,Extreme Greed,2021-01-12,2021-01-12 05:30:00+00:00,2021,1,Jan,2021Q1,Greed,91.42857142857143,92.13333333333334,-7.428571428571431,135,88,Greed
1610515800,78,Extreme Greed,2021-01-13,2021-01-13 05:30:00+00:00,2021,1,Jan,2021Q1,Greed,89.0,91.56666666666666,-11.0,135,89,Greed
1610602200,83,Extreme Greed,2021-01-14,2021-01-14 05:30:00+00:00,2021,1,Jan,2021Q1,Greed,87.85714285714286,91.3,-4.857142857142861,135,90,Greed
1610688600,88,Extreme Greed,2021-01-15,2021-01-15 05:30:00+00:00,2021,1,Jan,2021Q1,Greed,87.14285714285714,91.16666666666667,0.8571428571428612,135,91,Greed
1610775000,84,Extreme Greed,2021-01-16,2021-01-16 05:30:00+00:00,2021,1,Jan,2021Q1,Greed,85.85714285714286,90.9,-1.8571428571428612,135,92,Greed
1610861400,79,Extreme Greed,2021-01-17,2021-01-17 05:30:00+00:00,2021,1,Jan,2021Q1,Greed,83.71428571428571,90.36666666666666,-4.714285714285708,135,93,Greed
1610947800,79,Extreme Greed,2021-01-18,2021-01-18 05:30:00+00:00,2021,1,Jan,2021Q1,Greed,82.14285714285714,89.9,-3.142857142857139,135,94,Greed
1611034200,80,Extreme Greed,2021-01-19,2021-01-19 05:30:00+00:00,2021,1,Jan,2021Q1,Greed,81.57142857142857,89.5,-1.5714285714285694,135,95,Greed
1611120600,78,Extreme Greed,2021-01-20,2021-01-20 05:30:00+00:00,2021,1,Jan,2021Q1,Greed,81.57142857142857,89.03333333333333,-3.5714285714285694,135,96,Greed
1611207000,75,Extreme Greed,2021-01-21,2021-01-21 05:30:00+00:00,2021,1,Jan,2021Q1,Greed,80.42857142857143,88.6,-5.428571428571431,135,97,Fear
1611293400,40,Fear,2021-01-22,2021-01-22 05:30:00+00:00,2021,1,Jan,2021Q1,Fear,73.57142857142857,86.83333333333333,-33.57142857142857,136,1,Greed
1611379800,74,Greed,2021-01-23,2021-01-23 05:30:00+00:00,2021,1,Jan,2021Q1,Greed,72.14285714285714,86.43333333333334,1.8571428571428612,137,1,Greed
1611466200,70,Greed,2021-01-24,2021-01-24 05:30:00+00:00,2021,1,Jan,2021Q1,Greed,70.85714285714286,85.63333333333334,-0.8571428571428612,137,2,Greed
1611552600,74,Greed,2021-01-25,2021-01-25 05:30:00+00:00,2021,1,Jan,2021Q1,Greed,70.14285714285714,85.0,3.857142857142861,137,3,Greed
1611639000,71,Greed,2021-01-26,2021-01-26 05:30:00+00:00,2021,1,Jan,2021Q1,Greed,68.85714285714286,84.33333333333333,2.142857142857139,137,4,Greed
1611725400,78,Extreme Greed,2021-01-27,2021-01-27 05:30:00+00:00,2021,1,Jan,2021Q1,Greed,68.85714285714286,83.86666666666666,9.142857142857139,137,5,Greed
1611811800,55,Greed,2021-01-28,2021-01-28 05:30:00+00:00,2021,1,Jan,2021Q1,Greed,66.0,82.66666666666667,-11.0,137,6,Greed
1611898200,77,Extreme Greed,2021-01-29,2021-01-29 05:30:00+00:00,2021,1,Jan,2021Q1,Greed,71.28571428571429,82.2,5.714285714285708,137,7,Greed
1611984600,76,Extreme Greed,2021-01-30,2021-01-30 05:30:00+00:00,2021,1,Jan,2021Q1,Greed,71.57142857142857,81.56666666666666,4.428571428571431,137,8,Greed
1612071000,78,Extreme Greed,2021-01-31,2021-01-31 05:30:00+00:00,2021,1,Jan,2021Q1,Greed,72.71428571428571,81.03333333333333,5.285714285714292,137,9,Greed
1612157400,77,Extreme Greed,2021-02-01,2021-02-01 05:30:00+00:00,2021,2,Feb,2021Q1,Greed,73.14285714285714,80.46666666666667,3.857142857142861,137,10,Greed
1612243800,76,Extreme Greed,2021-02-02,2021-02-02 05:30:00+00:00,2021,2,Feb,2021Q1,Greed,73.85714285714286,79.9,2.142857142857139,137,11,Greed
1612330200,78,Extreme Greed,2021-02-03,2021-02-03 05:30:00+00:00,2021,2,Feb,2021Q1,Greed,73.85714285714286,79.36666666666666,4.142857142857139,137,12,Greed
1612416600,80,Extreme Greed,2021-02-04,2021-02-04 05:30:00+00:00,2021,2,Feb,2021Q1,Greed,77.42857142857143,78.93333333333334,2.5714285714285694,137,13,Greed
1612503000,81,Extreme Greed,2021-02-05,2021-02-05 05:30:00+00:00,2021,2,Feb,2021Q1,Greed,78.0,78.46666666666667,3.0,137,14,Greed
1612589400,84,Extreme Greed,2021-02-06,2021-02-06 05:30:00+00:00,2021,2,Feb,2021Q1,Greed,79.14285714285714,78.23333333333333,4.857142857142861,137,15,Greed
1612675800,86,Extreme Greed,2021-02-07,2021-02-07 05:30:00+00:00,2021,2,Feb,2021Q1,Greed,80.28571428571429,78.0,5.714285714285708,137,16,Greed
1612762200,83,Extreme Greed,2021-02-08,2021-02-08 05:30:00+00:00,2021,2,Feb,2021Q1,Greed,81.14285714285714,77.66666666666667,1.8571428571428612,137,17,Greed
1612848600,95,Extreme Greed,2021-02-09,2021-02-09 05:30:00+00:00,2021,2,Feb,2021Q1,Greed,83.85714285714286,77.7,11.142857142857139,137,18,Greed
1612935000,92,Extreme Greed,2021-02-10,2021-02-10 05:30:00+00:00,2021,2,Feb,2021Q1,Greed,85.85714285714286,77.76666666666667,6.142857142857139,137,19,Greed
1613021400,93,Extreme Greed,2021-02-11,2021-02-11 05:30:00+00:00,2021,2,Feb,2021Q1,Greed,87.71428571428571,78.06666666666666,5.285714285714292,137,20,Greed
1613107800,92,Extreme Greed,2021-02-12,2021-02-12 05:30:00+00:00,2021,2,Feb,2021Q1,Greed,89.28571428571429,78.53333333333333,2.714285714285708,137,21,Greed
1613194200,92,Extreme Greed,2021-02-13,2021-02-13 05:30:00+00:00,2021,2,Feb,2021Q1,Greed,90.42857142857143,78.83333333333333,1.5714285714285694,137,22,Greed
1613280600,95,Extreme Greed,2021-02-14,2021-02-14 05:30:00+00:00,2021,2,Feb,2021Q1,Greed,91.71428571428571,79.06666666666666,3.285714285714292,137,23,Greed
1613367000,93,Extreme Greed,2021-02-15,2021-02-15 05:30:00+00:00,2021,2,Feb,2021Q1,Greed,93.14285714285714,79.36666666666666,-0.1428571428571388,137,24,Greed
1613453400,95,Extreme Greed,2021-02-16,2021-02-16 05:30:00+00:00,2021,2,Feb,2021Q1,Greed,93.14285714285714,79.9,1.8571428571428612,137,25,Greed
1613539800,95,Extreme Greed,2021-02-17,2021-02-17 05:30:00+00:00,2021,2,Feb,2021Q1,Greed,93.57142857142857,80.43333333333334,1.4285714285714306,137,26,Greed
1613626200,91,Extreme Greed,2021-02-18,2021-02-18 05:30:00+00:00,2021,2,Feb,2021Q1,Greed,93.28571428571429,80.8,-2.285714285714292,137,27,Greed
1613712600,93,Extreme Greed,2021-02-19,2021-02-19 05:30:00+00:00,2021,2,Feb,2021Q1,Greed,93.42857142857143,81.3,-0.4285714285714306,137,28,Greed
1613799000,91,Extreme Greed,2021-02-20,2021-02-20 05:30:00+00:00,2021,2,Feb,2021Q1,Greed,93.28571428571429,81.83333333333333,-2.285714285714292,137,29,Greed
1613885400,91,Extreme Greed,2021-02-21,2021-02-21 05:30:00+00:00,2021,2,Feb,2021Q1,Greed,92.71428571428571,83.53333333333333,-1.7142857142857082,137,30,Greed
1613971800,94,Extreme Greed,2021-02-22,2021-02-22 05:30:00+00:00,2021,2,Feb,2021Q1,Greed,92.85714285714286,84.2,1.1428571428571388,137,31,Greed
1614058200,94,Extreme Greed,2021-02-23,2021-02-23 05:30:00+00:00,2021,2,Feb,2021Q1,Greed,92.71428571428571,85.0,1.2857142857142918,137,32,Greed
1614144600,76,Extreme Greed,2021-02-24,2021-02-24 05:30:00+00:00,2021,2,Feb,2021Q1,Greed,90.0,85.06666666666666,-14.0,137,33,Greed
1614231000,79,Extreme Greed,2021-02-25,2021-02-25 05:30:00+00:00,2021,2,Feb,2021Q1,Greed,88.28571428571429,85.33333333333333,-9.285714285714292,137,34,Greed
1614317400,55,Greed,2021-02-26,2021-02-26 05:30:00+00:00,2021,2,Feb,2021Q1,Greed,82.85714285714286,84.56666666666666,-27.85714285714286,137,35,Greed
1614403800,56,Greed,2021-02-27,2021-02-27 05:30:00+00:00,2021,2,Feb,2021Q1,Greed,77.85714285714286,84.6,-21.85714285714286,137,36,Greed
1614490200,55,Greed,2021-02-28,2021-02-28 05:30:00+00:00,2021,2,Feb,2021Q1,Greed,72.71428571428571,83.86666666666666,-17.714285714285708,137,37,Fear
1614576600,38,Fear,2021-03-01,2021-03-01 05:30:00+00:00,2021,3,Mar,2021Q1,Fear,64.71428571428571,82.6,-26.714285714285708,138,1,Greed
1614663000,78,Extreme Greed,2021-03-02,2021-03-02 05:30:00+00:00,2021,3,Mar,2021Q1,Greed,62.42857142857143,82.6,15.57142857142857,139,1,Greed
1614749400,78,Extreme Greed,2021-03-03,2021-03-03 05:30:00+00:00,2021,3,Mar,2021Q1,Greed,62.714285714285715,82.63333333333334,15.285714285714285,139,2,Greed
1614835800,84,Extreme Greed,2021-03-04,2021-03-04 05:30:00+00:00,2021,3,Mar,2021Q1,Greed,63.42857142857143,82.9,20.57142857142857,139,3,Greed
1614922200,77,Extreme Greed,2021-03-05,2021-03-05 05:30:00+00:00,2021,3,Mar,2021Q1,Greed,66.57142857142857,82.86666666666666,10.42857142857143,139,4,Greed
1615008600,77,Extreme Greed,2021-03-06,2021-03-06 05:30:00+00:00,2021,3,Mar,2021Q1,Greed,69.57142857142857,82.76666666666667,7.428571428571431,139,5,Greed
1615095000,76,Extreme Greed,2021-03-07,2021-03-07 05:30:00+00:00,2021,3,Mar,2021Q1,Greed,72.57142857142857,82.6,3.4285714285714306,139,6,Greed
1615181400,81,Extreme Greed,2021-03-08,2021-03-08 05:30:00+00:00,2021,3,Mar,2021Q1,Greed,78.71428571428571,82.5,2.285714285714292,139,7,Greed
1615267800,81,Extreme Greed,2021-03-09,2021-03-09 05:30:00+00:00,2021,3,Mar,2021Q1,Greed,79.14285714285714,82.33333333333333,1.8571428571428612,139,8,Greed
1615354200,68,Greed,2021-03-10,2021-03-10 05:30:00+00:00,2021,3,Mar,2021Q1,Greed,77.71428571428571,81.83333333333333,-9.714285714285708,139,9,Greed
1615440600,73,Greed,2021-03-11,2021-03-11 05:30:00+00:00,2021,3,Mar,2021Q1,Greed,76.14285714285714,81.1,-3.142857142857139,139,10,Greed
1615527000,70,Greed,2021-03-12,2021-03-12 05:30:00+00:00,2021,3,Mar,2021Q1,Greed,75.14285714285714,80.36666666666666,-5.142857142857139,139,11,Greed
1615613400,74,Greed,2021-03-13,2021-03-13 05:30:00+00:00,2021,3,Mar,2021Q1,Greed,74.71428571428571,79.73333333333333,-0.7142857142857082,139,12,Greed
1615699800,78,Extreme Greed,2021-03-14,2021-03-14 05:30:00+00:00,2021,3,Mar,2021Q1,Greed,75.0,79.26666666666667,3.0,139,13,Greed
1615786200,76,Extreme Greed,2021-03-15,2021-03-15 05:30:00+00:00,2021,3,Mar,2021Q1,Greed,74.28571428571429,78.73333333333333,1.7142857142857082,139,14,Greed
1615872600,71,Greed,2021-03-16,2021-03-16 05:30:00+00:00,2021,3,Mar,2021Q1,Greed,72.85714285714286,77.93333333333334,-1.8571428571428612,139,15,Greed
1615959000,71,Greed,2021-03-17,2021-03-17 05:30:00+00:00,2021,3,Mar,2021Q1,Greed,73.28571428571429,77.2,-2.285714285714292,139,16,Greed
1616045400,72,Greed,2021-03-18,2021-03-18 05:30:00+00:00,2021,3,Mar,2021Q1,Greed,73.14285714285714,76.43333333333334,-1.1428571428571388,139,17,Greed
1616131800,71,Greed,2021-03-19,2021-03-19 05:30:00+00:00,2021,3,Mar,2021Q1,Greed,73.28571428571429,75.63333333333334,-2.285714285714292,139,18,Greed
1616218200,75,Extreme Greed,2021-03-20,2021-03-20 05:30:00+00:00,2021,3,Mar,2021Q1,Greed,73.42857142857143,75.1,1.5714285714285694,139,19,Greed
1616304600,73,Greed,2021-03-21,2021-03-21 05:30:00+00:00,2021,3,Mar,2021Q1,Greed,72.71428571428571,74.43333333333334,0.2857142857142918,139,20,Greed
1616391000,70,Greed,2021-03-22,2021-03-22 05:30:00+00:00,2021,3,Mar,2021Q1,Greed,71.85714285714286,73.73333333333333,-1.8571428571428612,139,21,Greed
1616477400,66,Greed,2021-03-23,2021-03-23 05:30:00+00:00,2021,3,Mar,2021Q1,Greed,71.14285714285714,72.9,-5.142857142857139,139,22,Greed
1616563800,65,Greed,2021-03-24,2021-03-24 05:30:00+00:00,2021,3,Mar,2021Q1,Greed,70.28571428571429,71.93333333333334,-5.285714285714292,139,23,Greed
1616650200,60,Greed,2021-03-25,2021-03-25 05:30:00+00:00,2021,3,Mar,2021Q1,Greed,68.57142857142857,70.8,-8.57142857142857,139,24,Neutral
1616736600,54,Neutral,2021-03-26,2021-03-26 05:30:00+00:00,2021,3,Mar,2021Q1,Neutral,66.14285714285714,70.06666666666666,-12.142857142857139,140,1,Greed
1616823000,65,Greed,2021-03-27,2021-03-27 05:30:00+00:00,2021,3,Mar,2021Q1,Greed,64.71428571428571,69.6,0.2857142857142918,141,1,Greed
1616909400,74,Greed,2021-03-28,2021-03-28 05:30:00+00:00,2021,3,Mar,2021Q1,Greed,64.85714285714286,70.23333333333333,9.142857142857139,141,2,Greed
1616995800,72,Greed,2021-03-29,2021-03-29 05:30:00+00:00,2021,3,Mar,2021Q1,Greed,65.14285714285714,70.76666666666667,6.857142857142861,141,3,Greed
1617082200,72,Greed,2021-03-30,2021-03-30 05:30:00+00:00,2021,3,Mar,2021Q1,Greed,66.0,71.33333333333333,6.0,141,4,Greed
1617168600,76,Extreme Greed,2021-03-31,2021-03-31 05:30:00+00:00,2021,3,Mar,2021Q1,Greed,67.57142857142857,72.6,8.42857142857143,141,5,Greed
1617255000,74,Greed,2021-04-01,2021-04-01 05:30:00+00:00,2021,4,Apr,2021Q2,Greed,69.57142857142857,72.46666666666667,4.428571428571431,141,6,Greed
1617341400,74,Greed,2021-04-02,2021-04-02 05:30:00+00:00,2021,4,Apr,2021Q2,Greed,72.42857142857143,72.33333333333333,1.5714285714285694,141,7,Greed
1617427800,73,Greed,2021-04-03,2021-04-03 05:30:00+00:00,2021,4,Apr,2021Q2,Greed,73.57142857142857,71.96666666666667,-0.5714285714285694,141,8,Greed
1617514200,74,Greed,2021-04-04,2021-04-04 05:30:00+00:00,2021,4,Apr,2021Q2,Greed,73.57142857142857,71.86666666666666,0.4285714285714306,141,9,Greed
1617600600,71,Greed,2021-04-05,2021-04-05 05:30:00+00:00,2021,4,Apr,2021Q2,Greed,73.42857142857143,71.66666666666667,-2.4285714285714306,141,10,Greed
1617687000,75,Extreme Greed,2021-04-06,2021-04-06 05:30:00+00:00,2021,4,Apr,2021Q2,Greed,73.85714285714286,71.63333333333334,1.1428571428571388,141,11,Greed
1617773400,72,Greed,2021-04-07,2021-04-07 05:30:00+00:00,2021,4,Apr,2021Q2,Greed,73.28571428571429,71.33333333333333,-1.2857142857142918,141,12,Greed
1617859800,73,Greed,2021-04-08,2021-04-08 05:30:00+00:00,2021,4,Apr,2021Q2,Greed,73.14285714285714,71.06666666666666,-0.1428571428571388,141,13,Greed
1617946200,70,Greed,2021-04-09,2021-04-09 05:30:00+00:00,2021,4,Apr,2021Q2,Greed,72.57142857142857,71.13333333333334,-2.5714285714285694,141,14,Greed
1618032600,70,Greed,2021-04-10,2021-04-10 05:30:00+00:00,2021,4,Apr,2021Q2,Greed,72.14285714285714,71.03333333333333,-2.142857142857139,141,15,Greed
1618119000,76,Extreme Greed,2021-04-11,2021-04-11 05:30:00+00:00,2021,4,Apr,2021Q2,Greed,72.42857142857143,71.23333333333333,3.5714285714285694,141,16,Greed
1618205400,74,Greed,2021-04-12,2021-04-12 05:30:00+00:00,2021,4,Apr,2021Q2,Greed,72.85714285714286,71.23333333333333,1.1428571428571388,141,17,Greed
1618291800,74,Greed,2021-04-13,2021-04-13 05:30:00+00:00,2021,4,Apr,2021Q2,Greed,72.71428571428571,71.1,1.2857142857142918,141,18,Greed
1618378200,75,Extreme Greed,2021-04-14,2021-04-14 05:30:00+00:00,2021,4,Apr,2021Q2,Greed,73.14285714285714,71.06666666666666,1.8571428571428612,141,19,Greed
1618464600,79,Extreme Greed,2021-04-15,2021-04-15 05:30:00+00:00,2021,4,Apr,2021Q2,Greed,74.0,71.33333333333333,5.0,141,20,Greed
1618551000,78,Extreme Greed,2021-04-16,2021-04-16 05:30:00+00:00,2021,4,Apr,2021Q2,Greed,75.14285714285714,71.56666666666666,2.857142857142861,141,21,Greed
1618637400,76,Extreme Greed,2021-04-17,2021-04-17 05:30:00+00:00,2021,4,Apr,2021Q2,Greed,76.0,71.7,0.0,141,22,Greed
1618723800,79,Extreme Greed,2021-04-18,2021-04-18 05:30:00+00:00,2021,4,Apr,2021Q2,Greed,76.42857142857143,71.96666666666667,2.5714285714285694,141,23,Greed
1618810200,74,Greed,2021-04-19,2021-04-19 05:30:00+00:00,2021,4,Apr,2021Q2,Greed,76.42857142857143,71.93333333333334,-2.4285714285714306,141,24,Greed
1618896600,73,Greed,2021-04-20,2021-04-20 05:30:00+00:00,2021,4,Apr,2021Q2,Greed,76.28571428571429,71.93333333333334,-3.285714285714292,141,25,Greed
1618983000,73,Greed,2021-04-21,2021-04-21 05:30:00+00:00,2021,4,Apr,2021Q2,Greed,76.0,72.03333333333333,-3.0,141,26,Greed
1619069400,65,Greed,2021-04-22,2021-04-22 05:30:00+00:00,2021,4,Apr,2021Q2,Greed,74.0,72.0,-9.0,141,27,Greed
1619155800,55,Greed,2021-04-23,2021-04-23 05:30:00+00:00,2021,4,Apr,2021Q2,Greed,70.71428571428571,71.66666666666667,-15.714285714285708,141,28,Fear
1619242200,37,Fear,2021-04-24,2021-04-24 05:30:00+00:00,2021,4,Apr,2021Q2,Fear,65.14285714285714,70.9,-28.14285714285714,142,1,Fear
1619328600,31,Fear,2021-04-25,2021-04-25 05:30:00+00:00,2021,4,Apr,2021Q2,Fear,58.285714285714285,70.13333333333334,-27.285714285714285,142,2,Fear
1619415000,27,Fear,2021-04-26,2021-04-26 05:30:00+00:00,2021,4,Apr,2021Q2,Fear,51.57142857142857,68.86666666666666,-24.57142857142857,142,3,Neutral
1619501400,50,Neutral,2021-04-27,2021-04-27 05:30:00+00:00,2021,4,Apr,2021Q2,Neutral,48.285714285714285,68.06666666666666,1.7142857142857153,143,1,Greed
1619587800,59,Greed,2021-04-28,2021-04-28 05:30:00+00:00,2021,4,Apr,2021Q2,Greed,46.285714285714285,67.63333333333334,12.714285714285715,144,1,Neutral
1619674200,52,Neutral,2021-04-29,2021-04-29 05:30:00+00:00,2021,4,Apr,2021Q2,Neutral,44.42857142857143,66.96666666666667,7.571428571428569,145,1,Neutral
1619760600,51,Neutral,2021-04-30,2021-04-30 05:30:00+00:00,2021,4,Apr,2021Q2,Neutral,43.857142857142854,66.13333333333334,7.142857142857146,145,2,Greed
1619847000,68,Greed,2021-05-01,2021-05-01 05:30:00+00:00,2021,5,May,2021Q2,Greed,48.285714285714285,65.93333333333334,19.714285714285715,146,1,Greed
1619933400,66,Greed,2021-05-02,2021-05-02 05:30:00+00:00,2021,5,May,2021Q2,Greed,53.285714285714285,65.66666666666667,12.714285714285715,146,2,Greed
1620019800,61,Greed,2021-05-03,2021-05-03 05:30:00+00:00,2021,5,May,2021Q2,Greed,58.142857142857146,65.26666666666667,2.857142857142854,146,3,Greed
1620106200,68,Greed,2021-05-04,2021-05-04 05:30:00+00:00,2021,5,May,2021Q2,Greed,60.714285714285715,65.06666666666666,7.285714285714285,146,4,Neutral
1620192600,48,Neutral,2021-05-05,2021-05-05 05:30:00+00:00,2021,5,May,2021Q2,Neutral,59.142857142857146,64.3,-11.142857142857146,147,1,Greed
1620279000,65,Greed,2021-05-06,2021-05-06 05:30:00+00:00,2021,5,May,2021Q2,Greed,61.0,63.96666666666667,4.0,148,1,Greed
1620365400,64,Greed,2021-05-07,2021-05-07 05:30:00+00:00,2021,5,May,2021Q2,Greed,62.857142857142854,63.7,1.142857142857146,148,2,Greed
1620451800,67,Greed,2021-05-08,2021-05-08 05:30:00+00:00,2021,5,May,2021Q2,Greed,62.714285714285715,63.5,4.285714285714285,148,3,Greed
1620538200,73,Greed,2021-05-09,2021-05-09 05:30:00+00:00,2021,5,May,2021Q2,Greed,63.714285714285715,63.6,9.285714285714285,148,4,Greed
1620624600,72,Greed,2021-05-10,2021-05-10 05:30:00+00:00,2021,5,May,2021Q2,Greed,65.28571428571429,63.666666666666664,6.714285714285708,148,5,Greed
1620711000,61,Greed,2021-05-11,2021-05-11 05:30:00+00:00,2021,5,May,2021Q2,Greed,64.28571428571429,63.166666666666664,-3.285714285714292,148,6,Greed
1620797400,68,Greed,2021-05-12,2021-05-12 05:30:00+00:00,2021,5,May,2021Q2,Greed,67.14285714285714,62.96666666666667,0.8571428571428612,148,7,Fear
1620883800,31,Fear,2021-05-13,2021-05-13 05:30:00+00:00,2021,5,May,2021Q2,Fear,62.285714285714285,61.53333333333333,-31.285714285714285,149,1,Fear
1620970200,26,Fear,2021-05-14,2021-05-14 05:30:00+00:00,2021,5,May,2021Q2,Fear,56.857142857142854,59.9,-30.857142857142854,149,2,Fear
1621056600,27,Fear,2021-05-15,2021-05-15 05:30:00+00:00,2021,5,May,2021Q2,Fear,51.142857142857146,58.166666666666664,-24.142857142857146,149,3,Fear
1621143000,20,Extreme Fear,2021-05-16,2021-05-16 05:30:00+00:00,2021,5,May,2021Q2,Fear,43.57142857142857,56.233333333333334,-23.57142857142857,149,4,Fear
1621229400,27,Fear,2021-05-17,2021-05-17 05:30:00+00:00,2021,5,May,2021Q2,Fear,37.142857142857146,54.6,-10.142857142857146,149,5,Fear
1621315800,21,Extreme Fear,2021-05-18,2021-05-18 05:30:00+00:00,2021,5,May,2021Q2,Fear,31.428571428571427,52.666666666666664,-10.428571428571427,149,6,Fear
1621402200,23,Extreme Fear,2021-05-19,2021-05-19 05:30:00+00:00,2021,5,May,2021Q2,Fear,25.0,50.96666666666667,-2.0,149,7,Fear
1621488600,11,Extreme Fear,2021-05-20,2021-05-20 05:30:00+00:00,2021,5,May,2021Q2,Fear,22.142857142857142,48.9,-11.142857142857142,149,8,Fear
1621575000,19,Extreme Fear,2021-05-21,2021-05-21 05:30:00+00:00,2021,5,May,2021Q2,Fear,21.142857142857142,47.1,-2.1428571428571423,149,9,Fear
1621661400,12,Extreme Fear,2021-05-22,2021-05-22 05:30:00+00:00,2021,5,May,2021Q2,Fear,19.0,45.333333333333336,-7.0,149,10,Fear
1621747800,14,Extreme Fear,2021-05-23,2021-05-23 05:30:00+00:00,2021,5,May,2021Q2,Fear,18.142857142857142,43.96666666666667,-4.142857142857142,149,11,Fear
1621834200,10,Extreme Fear,2021-05-24,2021-05-24 05:30:00+00:00,2021,5,May,2021Q2,Fear,15.714285714285714,43.06666666666667,-5.7142857142857135,149,12,Fear
1621920600,22,Extreme Fear,2021-05-25,2021-05-25 05:30:00+00:00,2021,5,May,2021Q2,Fear,15.857142857142858,42.766666666666666,6.142857142857142,149,13,Fear
1622007000,22,Extreme Fear,2021-05-26,2021-05-26 05:30:00+00:00,2021,5,May,2021Q2,Fear,15.714285714285714,42.6,6.2857142857142865,149,14,Fear
1622093400,27,Fear,2021-05-27,2021-05-27 05:30:00+00:00,2021,5,May,2021Q2,Fear,18.0,41.833333333333336,9.0,149,15,Fear
1622179800,21,Extreme Fear,2021-05-28,2021-05-28 05:30:00+00:00,2021,5,May,2021Q2,Fear,18.285714285714285,40.56666666666667,2.7142857142857153,149,16,Fear
1622266200,18,Extreme Fear,2021-05-29,2021-05-29 05:30:00+00:00,2021,5,May,2021Q2,Fear,19.142857142857142,39.43333333333333,-1.1428571428571423,149,17,Fear
1622352600,10,Extreme Fear,2021-05-30,2021-05-30 05:30:00+00:00,2021,5,May,2021Q2,Fear,18.571428571428573,38.06666666666667,-8.571428571428573,149,18,Fear
1622439000,18,Extreme Fear,2021-05-31,2021-05-31 05:30:00+00:00,2021,5,May,2021Q2,Fear,19.714285714285715,36.4,-1.7142857142857153,149,19,Fear
1622525400,20,Extreme Fear,2021-06-01,2021-06-01 05:30:00+00:00,2021,6,Jun,2021Q2,Fear,19.428571428571427,34.86666666666667,0.571428571428573,149,20,Fear
1622611800,23,Extreme Fear,2021-06-02,2021-06-02 05:30:00+00:00,2021,6,Jun,2021Q2,Fear,19.571428571428573,33.6,3.428571428571427,149,21,Fear
1622698200,24,Extreme Fear,2021-06-03,2021-06-03 05:30:00+00:00,2021,6,Jun,2021Q2,Fear,19.142857142857142,32.13333333333333,4.857142857142858,149,22,Fear
1622784600,27,Fear,2021-06-04,2021-06-04 05:30:00+00:00,2021,6,Jun,2021Q2,Fear,20.0,31.433333333333334,7.0,149,23,Fear
1622871000,24,Extreme Fear,2021-06-05,2021-06-05 05:30:00+00:00,2021,6,Jun,2021Q2,Fear,20.857142857142858,30.066666666666666,3.1428571428571423,149,24,Fear
1622957400,17,Extreme Fear,2021-06-06,2021-06-06 05:30:00+00:00,2021,6,Jun,2021Q2,Fear,21.857142857142858,28.5,-4.857142857142858,149,25,Fear
1623043800,15,Extreme Fear,2021-06-07,2021-06-07 05:30:00+00:00,2021,6,Jun,2021Q2,Fear,21.428571428571427,26.766666666666666,-6.428571428571427,149,26,Fear
1623130200,13,Extreme Fear,2021-06-08,2021-06-08 05:30:00+00:00,2021,6,Jun,2021Q2,Fear,20.428571428571427,24.766666666666666,-7.428571428571427,149,27,Fear
1623216600,14,Extreme Fear,2021-06-09,2021-06-09 05:30:00+00:00,2021,6,Jun,2021Q2,Fear,19.142857142857142,22.833333333333332,-5.142857142857142,149,28,Fear
1623303000,21,Extreme Fear,2021-06-10,2021-06-10 05:30:00+00:00,2021,6,Jun,2021Q2,Fear,18.714285714285715,21.5,2.2857142857142847,149,29,Fear
1623389400,21,Extreme Fear,2021-06-11,2021-06-11 05:30:00+00:00,2021,6,Jun,2021Q2,Fear,17.857142857142858,19.933333333333334,3.1428571428571423,149,30,Fear
1623475800,28,Fear,2021-06-12,2021-06-12 05:30:00+00:00,2021,6,Jun,2021Q2,Fear,18.428571428571427,19.833333333333332,9.571428571428573,149,31,Fear
1623562200,23,Extreme Fear,2021-06-13,2021-06-13 05:30:00+00:00,2021,6,Jun,2021Q2,Fear,19.285714285714285,19.733333333333334,3.7142857142857153,149,32,Fear
1623648600,28,Fear,2021-06-14,2021-06-14 05:30:00+00:00,2021,6,Jun,2021Q2,Fear,21.142857142857142,19.766666666666666,6.857142857142858,149,33,Fear
1623735000,38,Fear,2021-06-15,2021-06-15 05:30:00+00:00,2021,6,Jun,2021Q2,Fear,24.714285714285715,20.366666666666667,13.285714285714285,149,34,Fear
1623821400,33,Fear,2021-06-16,2021-06-16 05:30:00+00:00,2021,6,Jun,2021Q2,Fear,27.428571428571427,20.566666666666666,5.571428571428573,149,35,Fear
1623907800,26,Fear,2021-06-17,2021-06-17 05:30:00+00:00,2021,6,Jun,2021Q2,Fear,28.142857142857142,20.733333333333334,-2.1428571428571423,149,36,Fear
1623994200,25,Fear,2021-06-18,2021-06-18 05:30:00+00:00,2021,6,Jun,2021Q2,Fear,28.714285714285715,20.8,-3.7142857142857153,149,37,Fear
1624080600,23,Extreme Fear,2021-06-19,2021-06-19 05:30:00+00:00,2021,6,Jun,2021Q2,Fear,28.0,21.2,-5.0,149,38,Fear
1624167000,21,Extreme Fear,2021-06-20,2021-06-20 05:30:00+00:00,2021,6,Jun,2021Q2,Fear,27.714285714285715,21.266666666666666,-6.714285714285715,149,39,Fear
1624253400,23,Extreme Fear,2021-06-21,2021-06-21 05:30:00+00:00,2021,6,Jun,2021Q2,Fear,27.0,21.633333333333333,-4.0,149,40,Fear
1624339800,10,Extreme Fear,2021-06-22,2021-06-22 05:30:00+00:00,2021,6,Jun,2021Q2,Fear,23.0,21.5,-13.0,149,41,Fear
1624426200,14,Extreme Fear,2021-06-23,2021-06-23 05:30:00+00:00,2021,6,Jun,2021Q2,Fear,20.285714285714285,21.633333333333333,-6.285714285714285,149,42,Fear
1624512600,22,Extreme Fear,2021-06-24,2021-06-24 05:30:00+00:00,2021,6,Jun,2021Q2,Fear,19.714285714285715,21.633333333333333,2.2857142857142847,149,43,Fear
1624599000,27,Fear,2021-06-25,2021-06-25 05:30:00+00:00,2021,6,Jun,2021Q2,Fear,20.0,21.8,7.0,149,44,Fear
1624685400,20,Extreme Fear,2021-06-26,2021-06-26 05:30:00+00:00,2021,6,Jun,2021Q2,Fear,19.571428571428573,21.566666666666666,0.42857142857142705,149,45,Fear
1624771800,22,Extreme Fear,2021-06-27,2021-06-27 05:30:00+00:00,2021,6,Jun,2021Q2,Fear,19.714285714285715,21.6,2.2857142857142847,149,46,Fear
1624858200,25,Fear,2021-06-28,2021-06-28 05:30:00+00:00,2021,6,Jun,2021Q2,Fear,20.0,21.833333333333332,5.0,149,47,Fear
1624944600,25,Fear,2021-06-29,2021-06-29 05:30:00+00:00,2021,6,Jun,2021Q2,Fear,22.142857142857142,22.333333333333332,2.8571428571428577,149,48,Fear
1625031000,28,Fear,2021-06-30,2021-06-30 05:30:00+00:00,2021,6,Jun,2021Q2,Fear,24.142857142857142,22.666666666666668,3.8571428571428577,149,49,Fear
1625117400,28,Fear,2021-07-01,2021-07-01 05:30:00+00:00,2021,7,Jul,2021Q3,Fear,25.0,22.933333333333334,3.0,149,50,Fear
1625203800,21,Extreme Fear,2021-07-02,2021-07-02 05:30:00+00:00,2021,7,Jul,2021Q3,Fear,24.142857142857142,22.866666666666667,-3.1428571428571423,149,51,Fear
1625290200,24,Extreme Fear,2021-07-03,2021-07-03 05:30:00+00:00,2021,7,Jul,2021Q3,Fear,24.714285714285715,22.866666666666667,-0.7142857142857153,149,52,Fear
1625376600,27,Fear,2021-07-04,2021-07-04 05:30:00+00:00,2021,7,Jul,2021Q3,Fear,25.428571428571427,22.866666666666667,1.571428571428573,149,53,Fear
1625463000,29,Fear,2021-07-05,2021-07-05 05:30:00+00:00,2021,7,Jul,2021Q3,Fear,26.0,23.033333333333335,3.0,149,54,Fear
1625549400,20,Extreme Fear,2021-07-06,2021-07-06 05:30:00+00:00,2021,7,Jul,2021Q3,Fear,25.285714285714285,23.133333333333333,-5.285714285714285,149,55,Fear
1625635800,28,Fear,2021-07-07,2021-07-07 05:30:00+00:00,2021,7,Jul,2021Q3,Fear,25.285714285714285,23.566666666666666,2.7142857142857153,149,56,Fear
1625722200,20,Extreme Fear,2021-07-08,2021-07-08 05:30:00+00:00,2021,7,Jul,2021Q3,Fear,24.142857142857142,23.8,-4.142857142857142,149,57,Fear
1625808600,20,Extreme Fear,2021-07-09,2021-07-09 05:30:00+00:00,2021,7,Jul,2021Q3,Fear,24.0,24.0,-4.0,149,58,Fear
1625895000,20,Extreme Fear,2021-07-10,2021-07-10 05:30:00+00:00,2021,7,Jul,2021Q3,Fear,23.428571428571427,23.966666666666665,-3.428571428571427,149,59,Fear
1625981400,20,Extreme Fear,2021-07-11,2021-07-11 05:30:00+00:00,2021,7,Jul,2021Q3,Fear,22.428571428571427,23.933333333333334,-2.428571428571427,149,60,Fear
1626067800,25,Fear,2021-07-12,2021-07-12 05:30:00+00:00,2021,7,Jul,2021Q3,Fear,21.857142857142858,23.833333333333332,3.1428571428571423,149,61,Fear
1626154200,20,Extreme Fear,2021-07-13,2021-07-13 05:30:00+00:00,2021,7,Jul,2021Q3,Fear,21.857142857142858,23.733333333333334,-1.8571428571428577,149,62,Fear
1626240600,21,Extreme Fear,2021-07-14,2021-07-14 05:30:00+00:00,2021,7,Jul,2021Q3,Fear,20.857142857142858,23.5,0.14285714285714235,149,63,Fear
1626327000,20,Extreme Fear,2021-07-15,2021-07-15 05:30:00+00:00,2021,7,Jul,2021Q3,Fear,20.857142857142858,22.9,-0.8571428571428577,149,64,Fear
1626413400,22,Extreme Fear,2021-07-16,2021-07-16 05:30:00+00:00,2021,7,Jul,2021Q3,Fear,21.142857142857142,22.533333333333335,0.8571428571428577,149,65,Fear
1626499800,15,Extreme Fear,2021-07-17,2021-07-17 05:30:00+00:00,2021,7,Jul,2021Q3,Fear,20.428571428571427,22.166666666666668,-5.428571428571427,149,66,Fear
1626586200,19,Extreme Fear,2021-07-18,2021-07-18 05:30:00+00:00,2021,7,Jul,2021Q3,Fear,20.285714285714285,21.966666666666665,-1.2857142857142847,149,67,Fear
1626672600,24,Extreme Fear,2021-07-19,2021-07-19 05:30:00+00:00,2021,7,Jul,2021Q3,Fear,20.142857142857142,22.0,3.8571428571428577,149,68,Fear
1626759000,19,Extreme Fear,2021-07-20,2021-07-20 05:30:00+00:00,2021,7,Jul,2021Q3,Fear,20.0,21.933333333333334,-1.0,149,69,Fear
1626845400,10,Extreme Fear,2021-07-21,2021-07-21 05:30:00+00:00,2021,7,Jul,2021Q3,Fear,18.428571428571427,21.5,-8.428571428571427,149,70,Fear
1626931800,21,Extreme Fear,2021-07-22,2021-07-22 05:30:00+00:00,2021,7,Jul,2021Q3,Fear,18.571428571428573,21.866666666666667,2.428571428571427,149,71,Fear
1627018200,23,Extreme Fear,2021-07-23,2021-07-23 05:30:00+00:00,2021,7,Jul,2021Q3,Fear,18.714285714285715,22.166666666666668,4.285714285714285,149,72,Fear
1627104600,22,Extreme Fear,2021-07-24,2021-07-24 05:30:00+00:00,2021,7,Jul,2021Q3,Fear,19.714285714285715,22.166666666666668,2.2857142857142847,149,73,Fear
1627191000,27,Fear,2021-07-25,2021-07-25 05:30:00+00:00,2021,7,Jul,2021Q3,Fear,20.857142857142858,22.166666666666668,6.142857142857142,149,74,Fear
1627277400,26,Fear,2021-07-26,2021-07-26 05:30:00+00:00,2021,7,Jul,2021Q3,Fear,21.142857142857142,22.366666666666667,4.857142857142858,149,75,Fear
1627363800,32,Fear,2021-07-27,2021-07-27 05:30:00+00:00,2021,7,Jul,2021Q3,Fear,23.0,22.7,9.0,149,76,Neutral
1627450200,50,Neutral,2021-07-28,2021-07-28 05:30:00+00:00,2021,7,Jul,2021Q3,Neutral,28.714285714285715,23.533333333333335,21.285714285714285,150,1,Neutral
1627536600,50,Neutral,2021-07-29,2021-07-29 05:30:00+00:00,2021,7,Jul,2021Q3,Neutral,32.857142857142854,24.366666666666667,17.142857142857146,150,2,Neutral
1627623000,53,Neutral,2021-07-30,2021-07-30 05:30:00+00:00,2021,7,Jul,2021Q3,Neutral,37.142857142857146,25.2,15.857142857142854,150,3,Greed
1627709400,60,Greed,2021-07-31,2021-07-31 05:30:00+00:00,2021,7,Jul,2021Q3,Greed,42.57142857142857,26.266666666666666,17.42857142857143,151,1,Greed
1627795800,60,Greed,2021-08-01,2021-08-01 05:30:00+00:00,2021,8,Aug,2021Q3,Greed,47.285714285714285,27.566666666666666,12.714285714285715,151,2,Neutral
1627882200,48,Neutral,2021-08-02,2021-08-02 05:30:00+00:00,2021,8,Aug,2021Q3,Neutral,50.42857142857143,28.366666666666667,-2.4285714285714306,152,1,Neutral
1627968600,48,Neutral,2021-08-03,2021-08-03 05:30:00+00:00,2021,8,Aug,2021Q3,Neutral,52.714285714285715,29.066666666666666,-4.714285714285715,152,2,Fear
1628055000,42,Fear,2021-08-04,2021-08-04 05:30:00+00:00,2021,8,Aug,2021Q3,Fear,51.57142857142857,29.5,-9.57142857142857,153,1,Neutral
1628141400,50,Neutral,2021-08-05,2021-08-05 05:30:00+00:00,2021,8,Aug,2021Q3,Neutral,51.57142857142857,30.5,-1.5714285714285694,154,1,Neutral
1628227800,52,Neutral,2021-08-06,2021-08-06 05:30:00+00:00,2021,8,Aug,2021Q3,Neutral,51.42857142857143,31.3,0.5714285714285694,154,2,Greed
1628314200,69,Greed,2021-08-07,2021-08-07 05:30:00+00:00,2021,8,Aug,2021Q3,Greed,52.714285714285715,32.93333333333333,16.285714285714285,155,1,Greed
1628400600,74,Greed,2021-08-08,2021-08-08 05:30:00+00:00,2021,8,Aug,2021Q3,Greed,54.714285714285715,34.733333333333334,19.285714285714285,155,2,Greed
1628487000,65,Greed,2021-08-09,2021-08-09 05:30:00+00:00,2021,8,Aug,2021Q3,Greed,57.142857142857146,36.233333333333334,7.857142857142854,155,3,Greed
1628573400,71,Greed,2021-08-10,2021-08-10 05:30:00+00:00,2021,8,Aug,2021Q3,Greed,60.42857142857143,37.93333333333333,10.57142857142857,155,4,Greed
1628659800,70,Greed,2021-08-11,2021-08-11 05:30:00+00:00,2021,8,Aug,2021Q3,Greed,64.42857142857143,39.43333333333333,5.571428571428569,155,5,Greed
1628746200,70,Greed,2021-08-12,2021-08-12 05:30:00+00:00,2021,8,Aug,2021Q3,Greed,67.28571428571429,41.1,2.714285714285708,155,6,Greed
1628832600,70,Greed,2021-08-13,2021-08-13 05:30:00+00:00,2021,8,Aug,2021Q3,Greed,69.85714285714286,42.733333333333334,0.1428571428571388,155,7,Greed
1628919000,76,Extreme Greed,2021-08-14,2021-08-14 05:30:00+00:00,2021,8,Aug,2021Q3,Greed,70.85714285714286,44.6,5.142857142857139,155,8,Greed
1629005400,71,Greed,2021-08-15,2021-08-15 05:30:00+00:00,2021,8,Aug,2021Q3,Greed,70.42857142857143,46.233333333333334,0.5714285714285694,155,9,Greed
1629091800,72,Greed,2021-08-16,2021-08-16 05:30:00+00:00,2021,8,Aug,2021Q3,Greed,71.42857142857143,48.13333333333333,0.5714285714285694,155,10,Greed
1629178200,72,Greed,2021-08-17,2021-08-17 05:30:00+00:00,2021,8,Aug,2021Q3,Greed,71.57142857142857,49.9,0.4285714285714306,155,11,Greed
1629264600,73,Greed,2021-08-18,2021-08-18 05:30:00+00:00,2021,8,Aug,2021Q3,Greed,72.0,51.53333333333333,1.0,155,12,Greed
1629351000,70,Greed,2021-08-19,2021-08-19 05:30:00+00:00,2021,8,Aug,2021Q3,Greed,72.0,53.233333333333334,-2.0,155,13,Greed
1629437400,70,Greed,2021-08-20,2021-08-20 05:30:00+00:00,2021,8,Aug,2021Q3,Greed,72.0,55.233333333333334,-2.0,155,14,Greed
1629523800,78,Extreme Greed,2021-08-21,2021-08-21 05:30:00+00:00,2021,8,Aug,2021Q3,Greed,72.28571428571429,57.13333333333333,5.714285714285708,155,15,Greed
1629610200,76,Extreme Greed,2021-08-22,2021-08-22 05:30:00+00:00,2021,8,Aug,2021Q3,Greed,73.0,58.9,3.0,155,16,Greed
1629696600,79,Extreme Greed,2021-08-23,2021-08-23 05:30:00+00:00,2021,8,Aug,2021Q3,Greed,74.0,60.8,5.0,155,17,Greed
1629783000,79,Extreme Greed,2021-08-24,2021-08-24 05:30:00+00:00,2021,8,Aug,2021Q3,Greed,75.0,62.53333333333333,4.0,155,18,Greed
1629869400,73,Greed,2021-08-25,2021-08-25 05:30:00+00:00,2021,8,Aug,2021Q3,Greed,75.0,64.1,-2.0,155,19,Greed
1629955800,75,Extreme Greed,2021-08-26,2021-08-26 05:30:00+00:00,2021,8,Aug,2021Q3,Greed,75.71428571428571,65.53333333333333,-0.7142857142857082,155,20,Greed
1630042200,71,Greed,2021-08-27,2021-08-27 05:30:00+00:00,2021,8,Aug,2021Q3,Greed,75.85714285714286,66.23333333333333,-4.857142857142861,155,21,Greed
1630128600,78,Extreme Greed,2021-08-28,2021-08-28 05:30:00+00:00,2021,8,Aug,2021Q3,Greed,75.85714285714286,67.16666666666667,2.142857142857139,155,22,Greed
1630215000,72,Greed,2021-08-29,2021-08-29 05:30:00+00:00,2021,8,Aug,2021Q3,Greed,75.28571428571429,67.8,-3.285714285714292,155,23,Greed
1630301400,73,Greed,2021-08-30,2021-08-30 05:30:00+00:00,2021,8,Aug,2021Q3,Greed,74.42857142857143,68.23333333333333,-1.4285714285714306,155,24,Greed
1630387800,73,Greed,2021-08-31,2021-08-31 05:30:00+00:00,2021,8,Aug,2021Q3,Greed,73.57142857142857,68.66666666666667,-0.5714285714285694,155,25,Greed
1630474200,71,Greed,2021-09-01,2021-09-01 05:30:00+00:00,2021,9,Sep,2021Q3,Greed,73.28571428571429,69.43333333333334,-2.285714285714292,155,26,Greed
1630560600,74,Greed,2021-09-02,2021-09-02 05:30:00+00:00,2021,9,Sep,2021Q3,Greed,73.14285714285714,70.3,0.8571428571428612,155,27,Greed
1630647000,74,Greed,2021-09-03,2021-09-03 05:30:00+00:00,2021,9,Sep,2021Q3,Greed,73.57142857142857,71.36666666666666,0.4285714285714306,155,28,Greed
1630733400,72,Greed,2021-09-04,2021-09-04 05:30:00+00:00,2021,9,Sep,2021Q3,Greed,72.71428571428571,72.1,-0.7142857142857082,155,29,Greed
1630819800,73,Greed,2021-09-05,2021-09-05 05:30:00+00:00,2021,9,Sep,2021Q3,Greed,72.85714285714286,72.8,0.1428571428571388,155,30,Greed
1630906200,79,Extreme Greed,2021-09-06,2021-09-06 05:30:00+00:00,2021,9,Sep,2021Q3,Greed,73.71428571428571,73.13333333333334,5.285714285714292,155,31,Greed
1630992600,79,Extreme Greed,2021-09-07,2021-09-07 05:30:00+00:00,2021,9,Sep,2021Q3,Greed,74.57142857142857,73.3,4.428571428571431,155,32,Neutral
1631079000,47,Neutral,2021-09-08,2021-09-08 05:30:00+00:00,2021,9,Sep,2021Q3,Neutral,71.14285714285714,72.7,-24.14285714285714,156,1,Neutral
1631165400,45,Neutral,2021-09-09,2021-09-09 05:30:00+00:00,2021,9,Sep,2021Q3,Neutral,67.0,71.83333333333333,-22.0,156,2,Neutral
1631251800,46,Neutral,2021-09-10,2021-09-10 05:30:00+00:00,2021,9,Sep,2021Q3,Neutral,63.0,71.03333333333333,-17.0,156,3,Fear
1631338200,31,Fear,2021-09-11,2021-09-11 05:30:00+00:00,2021,9,Sep,2021Q3,Fear,57.142857142857146,69.73333333333333,-26.142857142857146,157,1,Fear
1631424600,32,Fear,2021-09-12,2021-09-12 05:30:00+00:00,2021,9,Sep,2021Q3,Fear,51.285714285714285,68.46666666666667,-19.285714285714285,157,2,Fear
1631511000,44,Fear,2021-09-13,2021-09-13 05:30:00+00:00,2021,9,Sep,2021Q3,Fear,46.285714285714285,67.4,-2.2857142857142847,157,3,Fear
1631597400,30,Fear,2021-09-14,2021-09-14 05:30:00+00:00,2021,9,Sep,2021Q3,Fear,39.285714285714285,66.03333333333333,-9.285714285714285,157,4,Neutral
1631683800,49,Neutral,2021-09-15,2021-09-15 05:30:00+00:00,2021,9,Sep,2021Q3,Neutral,39.57142857142857,65.26666666666667,9.42857142857143,158,1,Neutral
1631770200,53,Neutral,2021-09-16,2021-09-16 05:30:00+00:00,2021,9,Sep,2021Q3,Neutral,40.714285714285715,64.63333333333334,12.285714285714285,158,2,Neutral
1631856600,48,Neutral,2021-09-17,2021-09-17 05:30:00+00:00,2021,9,Sep,2021Q3,Neutral,41.0,63.8,7.0,158,3,Neutral
1631943000,50,Neutral,2021-09-18,2021-09-18 05:30:00+00:00,2021,9,Sep,2021Q3,Neutral,43.714285714285715,63.13333333333333,6.285714285714285,158,4,Neutral
1632029400,53,Neutral,2021-09-19,2021-09-19 05:30:00+00:00,2021,9,Sep,2021Q3,Neutral,46.714285714285715,62.56666666666667,6.285714285714285,158,5,Neutral
1632115800,50,Neutral,2021-09-20,2021-09-20 05:30:00+00:00,2021,9,Sep,2021Q3,Neutral,47.57142857142857,61.63333333333333,2.4285714285714306,158,6,Fear
1632202200,27,Fear,2021-09-21,2021-09-21 05:30:00+00:00,2021,9,Sep,2021Q3,Fear,47.142857142857146,60.0,-20.142857142857146,159,1,Fear
1632288600,21,Extreme Fear,2021-09-22,2021-09-22 05:30:00+00:00,2021,9,Sep,2021Q3,Fear,43.142857142857146,58.06666666666667,-22.142857142857146,159,2,Fear
1632375000,27,Fear,2021-09-23,2021-09-23 05:30:00+00:00,2021,9,Sep,2021Q3,Fear,39.42857142857143,56.333333333333336,-12.42857142857143,159,3,Fear
1632461400,33,Fear,2021-09-24,2021-09-24 05:30:00+00:00,2021,9,Sep,2021Q3,Fear,37.285714285714285,55.0,-4.285714285714285,159,4,Fear
1632547800,28,Fear,2021-09-25,2021-09-25 05:30:00+00:00,2021,9,Sep,2021Q3,Fear,34.142857142857146,53.43333333333333,-6.142857142857146,159,5,Fear
1632634200,27,Fear,2021-09-26,2021-09-26 05:30:00+00:00,2021,9,Sep,2021Q3,Fear,30.428571428571427,51.96666666666667,-3.428571428571427,159,6,Fear
1632720600,26,Fear,2021-09-27,2021-09-27 05:30:00+00:00,2021,9,Sep,2021Q3,Fear,27.0,50.233333333333334,-1.0,159,7,Fear
1632807000,25,Fear,2021-09-28,2021-09-28 05:30:00+00:00,2021,9,Sep,2021Q3,Fear,26.714285714285715,48.666666666666664,-1.7142857142857153,159,8,Fear
1632893400,24,Extreme Fear,2021-09-29,2021-09-29 05:30:00+00:00,2021,9,Sep,2021Q3,Fear,27.142857142857142,47.03333333333333,-3.1428571428571423,159,9,Fear
1632979800,20,Extreme Fear,2021-09-30,2021-09-30 05:30:00+00:00,2021,9,Sep,2021Q3,Fear,26.142857142857142,45.266666666666666,-6.142857142857142,159,10,Fear
1633066200,27,Fear,2021-10-01,2021-10-01 05:30:00+00:00,2021,10,Oct,2021Q4,Fear,25.285714285714285,43.8,1.7142857142857153,159,11,Neutral
1633152600,54,Neutral,2021-10-02,2021-10-02 05:30:00+00:00,2021,10,Oct,2021Q4,Neutral,29.0,43.13333333333333,25.0,160,1,Neutral
1633239000,49,Neutral,2021-10-03,2021-10-03 05:30:00+00:00,2021,10,Oct,2021Q4,Neutral,32.142857142857146,42.3,16.857142857142854,160,2,Neutral
1633325400,54,Neutral,2021-10-04,2021-10-04 05:30:00+00:00,2021,10,Oct,2021Q4,Neutral,36.142857142857146,41.7,17.857142857142854,160,3,Greed
1633411800,59,Greed,2021-10-05,2021-10-05 05:30:00+00:00,2021,10,Oct,2021Q4,Greed,41.0,41.233333333333334,18.0,161,1,Greed
1633498200,68,Greed,2021-10-06,2021-10-06 05:30:00+00:00,2021,10,Oct,2021Q4,Greed,47.285714285714285,40.86666666666667,20.714285714285715,161,2,Greed
1633584600,76,Extreme Greed,2021-10-07,2021-10-07 05:30:00+00:00,2021,10,Oct,2021Q4,Greed,55.285714285714285,40.766666666666666,20.714285714285715,161,3,Greed
1633671000,74,Greed,2021-10-08,2021-10-08 05:30:00+00:00,2021,10,Oct,2021Q4,Greed,62.0,41.666666666666664,12.0,161,4,Greed
1633757400,72,Greed,2021-10-09,2021-10-09 05:30:00+00:00,2021,10,Oct,2021Q4,Greed,64.57142857142857,42.56666666666667,7.428571428571431,161,5,Greed
1633843800,71,Greed,2021-10-10,2021-10-10 05:30:00+00:00,2021,10,Oct,2021Q4,Greed,67.71428571428571,43.4,3.285714285714292,161,6,Greed
1633930200,71,Greed,2021-10-11,2021-10-11 05:30:00+00:00,2021,10,Oct,2021Q4,Greed,70.14285714285714,44.733333333333334,0.8571428571428612,161,7,Greed
1634016600,78,Extreme Greed,2021-10-12,2021-10-12 05:30:00+00:00,2021,10,Oct,2021Q4,Greed,72.85714285714286,46.266666666666666,5.142857142857139,161,8,Greed
1634103000,70,Greed,2021-10-13,2021-10-13 05:30:00+00:00,2021,10,Oct,2021Q4,Greed,73.14285714285714,47.13333333333333,-3.142857142857139,161,9,Greed
1634189400,70,Greed,2021-10-14,2021-10-14 05:30:00+00:00,2021,10,Oct,2021Q4,Greed,72.28571428571429,48.46666666666667,-2.285714285714292,161,10,Greed
1634275800,71,Greed,2021-10-15,2021-10-15 05:30:00+00:00,2021,10,Oct,2021Q4,Greed,71.85714285714286,49.2,-0.8571428571428612,161,11,Greed
1634362200,78,Extreme Greed,2021-10-16,2021-10-16 05:30:00+00:00,2021,10,Oct,2021Q4,Greed,72.71428571428571,50.03333333333333,5.285714285714292,161,12,Greed
1634448600,79,Extreme Greed,2021-10-17,2021-10-17 05:30:00+00:00,2021,10,Oct,2021Q4,Greed,73.85714285714286,51.06666666666667,5.142857142857139,161,13,Greed
1634535000,78,Extreme Greed,2021-10-18,2021-10-18 05:30:00+00:00,2021,10,Oct,2021Q4,Greed,74.85714285714286,52.0,3.142857142857139,161,14,Greed
1634621400,75,Extreme Greed,2021-10-19,2021-10-19 05:30:00+00:00,2021,10,Oct,2021Q4,Greed,74.42857142857143,52.733333333333334,0.5714285714285694,161,15,Greed
1634707800,82,Extreme Greed,2021-10-20,2021-10-20 05:30:00+00:00,2021,10,Oct,2021Q4,Greed,76.14285714285714,53.8,5.857142857142861,161,16,Greed
1634794200,84,Extreme Greed,2021-10-21,2021-10-21 05:30:00+00:00,2021,10,Oct,2021Q4,Greed,78.14285714285714,55.7,5.857142857142861,161,17,Greed
1634880600,75,Extreme Greed,2021-10-22,2021-10-22 05:30:00+00:00,2021,10,Oct,2021Q4,Greed,78.71428571428571,57.5,-3.714285714285708,161,18,Greed
1634967000,74,Greed,2021-10-23,2021-10-23 05:30:00+00:00,2021,10,Oct,2021Q4,Greed,78.14285714285714,59.06666666666667,-4.142857142857139,161,19,Greed
1635053400,73,Greed,2021-10-24,2021-10-24 05:30:00+00:00,2021,10,Oct,2021Q4,Greed,77.28571428571429,60.4,-4.285714285714292,161,20,Greed
1635139800,72,Greed,2021-10-25,2021-10-25 05:30:00+00:00,2021,10,Oct,2021Q4,Greed,76.42857142857143,61.86666666666667,-4.428571428571431,161,21,Greed
1635226200,76,Extreme Greed,2021-10-26,2021-10-26 05:30:00+00:00,2021,10,Oct,2021Q4,Greed,76.57142857142857,63.5,-0.5714285714285694,161,22,Greed
1635312600,73,Greed,2021-10-27,2021-10-27 05:30:00+00:00,2021,10,Oct,2021Q4,Greed,75.28571428571429,65.06666666666666,-2.285714285714292,161,23,Greed
1635399000,66,Greed,2021-10-28,2021-10-28 05:30:00+00:00,2021,10,Oct,2021Q4,Greed,72.71428571428571,66.43333333333334,-6.714285714285708,161,24,Greed
1635485400,70,Greed,2021-10-29,2021-10-29 05:30:00+00:00,2021,10,Oct,2021Q4,Greed,72.0,67.96666666666667,-2.0,161,25,Greed
1635571800,73,Greed,2021-10-30,2021-10-30 05:30:00+00:00,2021,10,Oct,2021Q4,Greed,71.85714285714286,69.73333333333333,1.1428571428571388,161,26,Greed
1635658200,74,Greed,2021-10-31,2021-10-31 05:30:00+00:00,2021,10,Oct,2021Q4,Greed,72.0,71.3,2.0,161,27,Greed
1635744600,74,Greed,2021-11-01,2021-11-01 05:30:00+00:00,2021,11,Nov,2021Q4,Greed,72.28571428571429,71.96666666666667,1.7142857142857082,161,28,Greed
1635831000,73,Greed,2021-11-02,2021-11-02 05:30:00+00:00,2021,11,Nov,2021Q4,Greed,71.85714285714286,72.76666666666667,1.1428571428571388,161,29,Greed
1635917400,76,Extreme Greed,2021-11-03,2021-11-03 05:30:00+00:00,2021,11,Nov,2021Q4,Greed,72.28571428571429,73.5,3.714285714285708,161,30,Greed
1636003800,73,Greed,2021-11-04,2021-11-04 05:30:00+00:00,2021,11,Nov,2021Q4,Greed,73.28571428571429,73.96666666666667,-0.2857142857142918,161,31,Greed
1636090200,73,Greed,2021-11-05,2021-11-05 05:30:00+00:00,2021,11,Nov,2021Q4,Greed,73.71428571428571,74.13333333333334,-0.7142857142857082,161,32,Greed
1636176600,71,Greed,2021-11-06,2021-11-06 05:30:00+00:00,2021,11,Nov,2021Q4,Greed,73.42857142857143,73.96666666666667,-2.4285714285714306,161,33,Greed
1636263000,73,Greed,2021-11-07,2021-11-07 05:30:00+00:00,2021,11,Nov,2021Q4,Greed,73.28571428571429,73.93333333333334,-0.2857142857142918,161,34,Greed
1636349400,75,Extreme Greed,2021-11-08,2021-11-08 05:30:00+00:00,2021,11,Nov,2021Q4,Greed,73.42857142857143,74.03333333333333,1.5714285714285694,161,35,Greed
1636435800,84,Extreme Greed,2021-11-09,2021-11-09 05:30:00+00:00,2021,11,Nov,2021Q4,Greed,75.0,74.46666666666667,9.0,161,36,Greed
1636522200,75,Extreme Greed,2021-11-10,2021-11-10 05:30:00+00:00,2021,11,Nov,2021Q4,Greed,74.85714285714286,74.6,0.1428571428571388,161,37,Greed
1636608600,77,Extreme Greed,2021-11-11,2021-11-11 05:30:00+00:00,2021,11,Nov,2021Q4,Greed,75.42857142857143,74.56666666666666,1.5714285714285694,161,38,Greed
1636695000,74,Greed,2021-11-12,2021-11-12 05:30:00+00:00,2021,11,Nov,2021Q4,Greed,75.57142857142857,74.7,-1.5714285714285694,161,39,Greed
1636781400,72,Greed,2021-11-13,2021-11-13 05:30:00+00:00,2021,11,Nov,2021Q4,Greed,75.71428571428571,74.76666666666667,-3.714285714285708,161,40,Greed
1636867800,74,Greed,2021-11-14,2021-11-14 05:30:00+00:00,2021,11,Nov,2021Q4,Greed,75.85714285714286,74.86666666666666,-1.8571428571428612,161,41,Greed
1636954200,72,Greed,2021-11-15,2021-11-15 05:30:00+00:00,2021,11,Nov,2021Q4,Greed,75.42857142857143,74.66666666666667,-3.4285714285714306,161,42,Greed
1637040600,71,Greed,2021-11-16,2021-11-16 05:30:00+00:00,2021,11,Nov,2021Q4,Greed,73.57142857142857,74.4,-2.5714285714285694,161,43,Neutral
1637127000,52,Neutral,2021-11-17,2021-11-17 05:30:00+00:00,2021,11,Nov,2021Q4,Neutral,70.28571428571429,73.53333333333333,-18.285714285714292,162,1,Neutral
1637213400,54,Neutral,2021-11-18,2021-11-18 05:30:00+00:00,2021,11,Nov,2021Q4,Neutral,67.0,72.83333333333333,-13.0,162,2,Fear
1637299800,34,Fear,2021-11-19,2021-11-19 05:30:00+00:00,2021,11,Nov,2021Q4,Fear,61.285714285714285,71.23333333333333,-27.285714285714285,163,1,Fear
1637386200,43,Fear,2021-11-20,2021-11-20 05:30:00+00:00,2021,11,Nov,2021Q4,Fear,57.142857142857146,69.86666666666666,-14.142857142857146,163,2,Neutral
1637472600,49,Neutral,2021-11-21,2021-11-21 05:30:00+00:00,2021,11,Nov,2021Q4,Neutral,53.57142857142857,69.0,-4.571428571428569,164,1,Neutral
1637559000,50,Neutral,2021-11-22,2021-11-22 05:30:00+00:00,2021,11,Nov,2021Q4,Neutral,50.42857142857143,68.2,-0.4285714285714306,164,2,Fear
1637645400,33,Fear,2021-11-23,2021-11-23 05:30:00+00:00,2021,11,Nov,2021Q4,Fear,45.0,66.86666666666666,-12.0,165,1,Fear
1637731800,42,Fear,2021-11-24,2021-11-24 05:30:00+00:00,2021,11,Nov,2021Q4,Fear,43.57142857142857,65.86666666666666,-1.5714285714285694,165,2,Fear
1637818200,32,Fear,2021-11-25,2021-11-25 05:30:00+00:00,2021,11,Nov,2021Q4,Fear,40.42857142857143,64.4,-8.42857142857143,165,3,Neutral
1637904600,47,Neutral,2021-11-26,2021-11-26 05:30:00+00:00,2021,11,Nov,2021Q4,Neutral,42.285714285714285,63.53333333333333,4.714285714285715,166,1,Fear
1637991000,21,Extreme Fear,2021-11-27,2021-11-27 05:30:00+00:00,2021,11,Nov,2021Q4,Fear,39.142857142857146,62.03333333333333,-18.142857142857146,167,1,Fear
1638077400,27,Fear,2021-11-28,2021-11-28 05:30:00+00:00,2021,11,Nov,2021Q4,Fear,36.0,60.6,-9.0,167,2,Fear
1638163800,33,Fear,2021-11-29,2021-11-29 05:30:00+00:00,2021,11,Nov,2021Q4,Fear,33.57142857142857,59.266666666666666,-0.5714285714285694,167,3,Fear
1638250200,40,Fear,2021-11-30,2021-11-30 05:30:00+00:00,2021,11,Nov,2021Q4,Fear,34.57142857142857,58.13333333333333,5.428571428571431,167,4,Fear
1638336600,34,Fear,2021-12-01,2021-12-01 05:30:00+00:00,2021,12,Dec,2021Q4,Fear,33.42857142857143,56.8,0.5714285714285694,167,5,Fear
1638423000,32,Fear,2021-12-02,2021-12-02 05:30:00+00:00,2021,12,Dec,2021Q4,Fear,33.42857142857143,55.43333333333333,-1.4285714285714306,167,6,Fear
1638509400,31,Fear,2021-12-03,2021-12-03 05:30:00+00:00,2021,12,Dec,2021Q4,Fear,31.142857142857142,53.93333333333333,-0.14285714285714235,167,7,Fear
1638595800,25,Fear,2021-12-04,2021-12-04 05:30:00+00:00,2021,12,Dec,2021Q4,Fear,31.714285714285715,52.333333333333336,-6.714285714285715,167,8,Fear
1638682200,18,Extreme Fear,2021-12-05,2021-12-05 05:30:00+00:00,2021,12,Dec,2021Q4,Fear,30.428571428571427,50.5,-12.428571428571427,167,9,Fear
1638768600,16,Extreme Fear,2021-12-06,2021-12-06 05:30:00+00:00,2021,12,Dec,2021Q4,Fear,28.0,48.666666666666664,-12.0,167,10,Fear
1638855000,25,Fear,2021-12-07,2021-12-07 05:30:00+00:00,2021,12,Dec,2021Q4,Fear,25.857142857142858,47.06666666666667,-0.8571428571428577,167,11,Fear
1638941400,28,Fear,2021-12-08,2021-12-08 05:30:00+00:00,2021,12,Dec,2021Q4,Fear,25.0,45.5,3.0,167,12,Fear
1639027800,29,Fear,2021-12-09,2021-12-09 05:30:00+00:00,2021,12,Dec,2021Q4,Fear,24.571428571428573,43.666666666666664,4.428571428571427,167,13,Fear
1639114200,24,Extreme Fear,2021-12-10,2021-12-10 05:30:00+00:00,2021,12,Dec,2021Q4,Fear,23.571428571428573,41.96666666666667,0.42857142857142705,167,14,Fear
1639200600,16,Extreme Fear,2021-12-11,2021-12-11 05:30:00+00:00,2021,12,Dec,2021Q4,Fear,22.285714285714285,39.93333333333333,-6.285714285714285,167,15,Fear
1639287000,27,Fear,2021-12-12,2021-12-12 05:30:00+00:00,2021,12,Dec,2021Q4,Fear,23.571428571428573,38.36666666666667,3.428571428571427,167,16,Fear
1639373400,28,Fear,2021-12-13,2021-12-13 05:30:00+00:00,2021,12,Dec,2021Q4,Fear,25.285714285714285,36.9,2.7142857142857153,167,17,Fear
1639459800,21,Extreme Fear,2021-12-14,2021-12-14 05:30:00+00:00,2021,12,Dec,2021Q4,Fear,24.714285714285715,35.13333333333333,-3.7142857142857153,167,18,Fear
1639546200,28,Fear,2021-12-15,2021-12-15 05:30:00+00:00,2021,12,Dec,2021Q4,Fear,24.714285714285715,33.666666666666664,3.2857142857142847,167,19,Fear
1639632600,29,Fear,2021-12-16,2021-12-16 05:30:00+00:00,2021,12,Dec,2021Q4,Fear,24.714285714285715,32.266666666666666,4.285714285714285,167,20,Fear
1639719000,23,Extreme Fear,2021-12-17,2021-12-17 05:30:00+00:00,2021,12,Dec,2021Q4,Fear,24.571428571428573,31.3,-1.571428571428573,167,21,Fear
1639805400,24,Extreme Fear,2021-12-18,2021-12-18 05:30:00+00:00,2021,12,Dec,2021Q4,Fear,25.714285714285715,30.3,-1.7142857142857153,167,22,Fear
1639891800,29,Fear,2021-12-19,2021-12-19 05:30:00+00:00,2021,12,Dec,2021Q4,Fear,26.0,30.133333333333333,3.0,167,23,Fear
1639978200,25,Fear,2021-12-20,2021-12-20 05:30:00+00:00,2021,12,Dec,2021Q4,Fear,25.571428571428573,29.533333333333335,-0.571428571428573,167,24,Fear
1640064600,27,Fear,2021-12-21,2021-12-21 05:30:00+00:00,2021,12,Dec,2021Q4,Fear,26.428571428571427,28.8,0.571428571428573,167,25,Neutral
1640151000,45,Neutral,2021-12-22,2021-12-22 05:30:00+00:00,2021,12,Dec,2021Q4,Neutral,28.857142857142858,28.633333333333333,16.142857142857142,168,1,Fear
1640237400,34,Fear,2021-12-23,2021-12-23 05:30:00+00:00,2021,12,Dec,2021Q4,Fear,29.571428571428573,28.666666666666668,4.428571428571427,169,1,Fear
1640323800,41,Fear,2021-12-24,2021-12-24 05:30:00+00:00,2021,12,Dec,2021Q4,Fear,32.142857142857146,28.633333333333333,8.857142857142854,169,2,Fear
1640410200,39,Fear,2021-12-25,2021-12-25 05:30:00+00:00,2021,12,Dec,2021Q4,Fear,34.285714285714285,28.866666666666667,4.714285714285715,169,3,Fear
1640496600,37,Fear,2021-12-26,2021-12-26 05:30:00+00:00,2021,12,Dec,2021Q4,Fear,35.42857142857143,28.533333333333335,1.5714285714285694,169,4,Fear
1640583000,40,Fear,2021-12-27,2021-12-27 05:30:00+00:00,2021,12,Dec,2021Q4,Fear,37.57142857142857,29.166666666666668,2.4285714285714306,169,5,Fear
1640669400,41,Fear,2021-12-28,2021-12-28 05:30:00+00:00,2021,12,Dec,2021Q4,Fear,39.57142857142857,29.633333333333333,1.4285714285714306,169,6,Fear
1640755800,27,Fear,2021-12-29,2021-12-29 05:30:00+00:00,2021,12,Dec,2021Q4,Fear,37.0,29.433333333333334,-10.0,169,7,Fear
1640842200,22,Extreme Fear,2021-12-30,2021-12-30 05:30:00+00:00,2021,12,Dec,2021Q4,Fear,35.285714285714285,28.833333333333332,-13.285714285714285,169,8,Fear
1640928600,28,Fear,2021-12-31,2021-12-31 05:30:00+00:00,2021,12,Dec,2021Q4,Fear,33.42857142857143,28.633333333333333,-5.428571428571431,169,9,Fear
1641015000,21,Extreme Fear,2022-01-01,2022-01-01 05:30:00+00:00,2022,1,Jan,2022Q1,Fear,30.857142857142858,28.266666666666666,-9.857142857142858,169,10,Fear
1641101400,29,Fear,2022-01-02,2022-01-02 05:30:00+00:00,2022,1,Jan,2022Q1,Fear,29.714285714285715,28.2,-0.7142857142857153,169,11,Fear
1641187800,29,Fear,2022-01-03,2022-01-03 05:30:00+00:00,2022,1,Jan,2022Q1,Fear,28.142857142857142,28.333333333333332,0.8571428571428577,169,12,Fear
1641274200,23,Extreme Fear,2022-01-04,2022-01-04 05:30:00+00:00,2022,1,Jan,2022Q1,Fear,25.571428571428573,28.5,-2.571428571428573,169,13,Fear
1641360600,24,Extreme Fear,2022-01-05,2022-01-05 05:30:00+00:00,2022,1,Jan,2022Q1,Fear,25.142857142857142,28.766666666666666,-1.1428571428571423,169,14,Fear
1641447000,15,Extreme Fear,2022-01-06,2022-01-06 05:30:00+00:00,2022,1,Jan,2022Q1,Fear,24.142857142857142,28.433333333333334,-9.142857142857142,169,15,Fear
1641533400,18,Extreme Fear,2022-01-07,2022-01-07 05:30:00+00:00,2022,1,Jan,2022Q1,Fear,22.714285714285715,28.1,-4.714285714285715,169,16,Fear
1641619800,10,Extreme Fear,2022-01-08,2022-01-08 05:30:00+00:00,2022,1,Jan,2022Q1,Fear,21.142857142857142,27.466666666666665,-11.142857142857142,169,17,Fear
1641706200,23,Extreme Fear,2022-01-09,2022-01-09 05:30:00+00:00,2022,1,Jan,2022Q1,Fear,20.285714285714285,27.433333333333334,2.7142857142857153,169,18,Fear
1641792600,23,Extreme Fear,2022-01-10,2022-01-10 05:30:00+00:00,2022,1,Jan,2022Q1,Fear,19.428571428571427,27.666666666666668,3.571428571428573,169,19,Fear
1641879000,21,Extreme Fear,2022-01-11,2022-01-11 05:30:00+00:00,2022,1,Jan,2022Q1,Fear,19.142857142857142,27.466666666666665,1.8571428571428577,169,20,Fear
1641965400,22,Extreme Fear,2022-01-12,2022-01-12 05:30:00+00:00,2022,1,Jan,2022Q1,Fear,18.857142857142858,27.266666666666666,3.1428571428571423,169,21,Fear
1642051800,21,Extreme Fear,2022-01-13,2022-01-13 05:30:00+00:00,2022,1,Jan,2022Q1,Fear,19.714285714285715,27.266666666666666,1.2857142857142847,169,22,Fear
1642138200,21,Extreme Fear,2022-01-14,2022-01-14 05:30:00+00:00,2022,1,Jan,2022Q1,Fear,20.142857142857142,27.033333333333335,0.8571428571428577,169,23,Fear
1642224600,23,Extreme Fear,2022-01-15,2022-01-15 05:30:00+00:00,2022,1,Jan,2022Q1,Fear,22.0,26.833333333333332,1.0,169,24,Fear
1642311000,21,Extreme Fear,2022-01-16,2022-01-16 05:30:00+00:00,2022,1,Jan,2022Q1,Fear,21.714285714285715,26.766666666666666,-0.7142857142857153,169,25,Fear
1642397400,22,Extreme Fear,2022-01-17,2022-01-17 05:30:00+00:00,2022,1,Jan,2022Q1,Fear,21.571428571428573,26.7,0.42857142857142705,169,26,Fear
1642483800,24,Extreme Fear,2022-01-18,2022-01-18 05:30:00+00:00,2022,1,Jan,2022Q1,Fear,22.0,26.533333333333335,2.0,169,27,Fear
1642570200,24,Extreme Fear,2022-01-19,2022-01-19 05:30:00+00:00,2022,1,Jan,2022Q1,Fear,22.285714285714285,26.5,1.7142857142857153,169,28,Fear
1642656600,24,Extreme Fear,2022-01-20,2022-01-20 05:30:00+00:00,2022,1,Jan,2022Q1,Fear,22.714285714285715,26.4,1.2857142857142847,169,29,Fear
1642743000,19,Extreme Fear,2022-01-21,2022-01-21 05:30:00+00:00,2022,1,Jan,2022Q1,Fear,22.428571428571427,25.533333333333335,-3.428571428571427,169,30,Fear
1642829400,13,Extreme Fear,2022-01-22,2022-01-22 05:30:00+00:00,2022,1,Jan,2022Q1,Fear,21.0,24.833333333333332,-8.0,169,31,Fear
1642915800,11,Extreme Fear,2022-01-23,2022-01-23 05:30:00+00:00,2022,1,Jan,2022Q1,Fear,19.571428571428573,23.833333333333332,-8.571428571428573,169,32,Fear
1643002200,13,Extreme Fear,2022-01-24,2022-01-24 05:30:00+00:00,2022,1,Jan,2022Q1,Fear,18.285714285714285,22.966666666666665,-5.285714285714285,169,33,Fear
1643088600,12,Extreme Fear,2022-01-25,2022-01-25 05:30:00+00:00,2022,1,Jan,2022Q1,Fear,16.571428571428573,22.133333333333333,-4.571428571428573,169,34,Fear
1643175000,23,Extreme Fear,2022-01-26,2022-01-26 05:30:00+00:00,2022,1,Jan,2022Q1,Fear,16.428571428571427,21.566666666666666,6.571428571428573,169,35,Fear
1643261400,20,Extreme Fear,2022-01-27,2022-01-27 05:30:00+00:00,2022,1,Jan,2022Q1,Fear,15.857142857142858,20.866666666666667,4.142857142857142,169,36,Fear
1643347800,24,Extreme Fear,2022-01-28,2022-01-28 05:30:00+00:00,2022,1,Jan,2022Q1,Fear,16.571428571428573,20.766666666666666,7.428571428571427,169,37,Fear
1643434200,24,Extreme Fear,2022-01-29,2022-01-29 05:30:00+00:00,2022,1,Jan,2022Q1,Fear,18.142857142857142,20.833333333333332,5.857142857142858,169,38,Fear
1643520600,29,Fear,2022-01-30,2022-01-30 05:30:00+00:00,2022,1,Jan,2022Q1,Fear,20.714285714285715,20.866666666666667,8.285714285714285,169,39,Fear
1643607000,20,Extreme Fear,2022-01-31,2022-01-31 05:30:00+00:00,2022,1,Jan,2022Q1,Fear,21.714285714285715,20.833333333333332,-1.7142857142857153,169,40,Fear
1643693400,26,Fear,2022-02-01,2022-02-01 05:30:00+00:00,2022,2,Feb,2022Q1,Fear,23.714285714285715,20.733333333333334,2.2857142857142847,169,41,Fear
1643779800,28,Fear,2022-02-02,2022-02-02 05:30:00+00:00,2022,2,Feb,2022Q1,Fear,24.428571428571427,20.7,3.571428571428573,169,42,Fear
1643866200,20,Extreme Fear,2022-02-03,2022-02-03 05:30:00+00:00,2022,2,Feb,2022Q1,Fear,24.428571428571427,20.6,-4.428571428571427,169,43,Fear
1643952600,20,Extreme Fear,2022-02-04,2022-02-04 05:30:00+00:00,2022,2,Feb,2022Q1,Fear,23.857142857142858,20.466666666666665,-3.8571428571428577,169,44,Fear
1644039000,33,Fear,2022-02-05,2022-02-05 05:30:00+00:00,2022,2,Feb,2022Q1,Fear,25.142857142857142,21.066666666666666,7.857142857142858,169,45,Fear
1644125400,37,Fear,2022-02-06,2022-02-06 05:30:00+00:00,2022,2,Feb,2022Q1,Fear,26.285714285714285,21.7,10.714285714285715,169,46,Neutral
1644211800,45,Neutral,2022-02-07,2022-02-07 05:30:00+00:00,2022,2,Feb,2022Q1,Neutral,29.857142857142858,22.866666666666667,15.142857142857142,170,1,Neutral
1644298200,48,Neutral,2022-02-08,2022-02-08 05:30:00+00:00,2022,2,Feb,2022Q1,Neutral,33.0,23.7,15.0,170,2,Neutral
1644384600,54,Neutral,2022-02-09,2022-02-09 05:30:00+00:00,2022,2,Feb,2022Q1,Neutral,36.714285714285715,24.733333333333334,17.285714285714285,170,3,Neutral
1644471000,50,Neutral,2022-02-10,2022-02-10 05:30:00+00:00,2022,2,Feb,2022Q1,Neutral,41.0,25.7,9.0,170,4,Neutral
1644557400,50,Neutral,2022-02-11,2022-02-11 05:30:00+00:00,2022,2,Feb,2022Q1,Neutral,45.285714285714285,26.633333333333333,4.714285714285715,170,5,Fear
1644643800,44,Fear,2022-02-12,2022-02-12 05:30:00+00:00,2022,2,Feb,2022Q1,Fear,46.857142857142854,27.4,-2.857142857142854,171,1,Fear
1644730200,44,Fear,2022-02-13,2022-02-13 05:30:00+00:00,2022,2,Feb,2022Q1,Fear,47.857142857142854,28.166666666666668,-3.857142857142854,171,2,Neutral
1644816600,46,Neutral,2022-02-14,2022-02-14 05:30:00+00:00,2022,2,Feb,2022Q1,Neutral,48.0,28.933333333333334,-2.0,172,1,Neutral
1644903000,46,Neutral,2022-02-15,2022-02-15 05:30:00+00:00,2022,2,Feb,2022Q1,Neutral,47.714285714285715,29.766666666666666,-1.7142857142857153,172,2,Neutral
1644989400,51,Neutral,2022-02-16,2022-02-16 05:30:00+00:00,2022,2,Feb,2022Q1,Neutral,47.285714285714285,30.733333333333334,3.7142857142857153,172,3,Neutral
1645075800,52,Neutral,2022-02-17,2022-02-17 05:30:00+00:00,2022,2,Feb,2022Q1,Neutral,47.57142857142857,31.666666666666668,4.428571428571431,172,4,Fear
1645162200,30,Fear,2022-02-18,2022-02-18 05:30:00+00:00,2022,2,Feb,2022Q1,Fear,44.714285714285715,31.866666666666667,-14.714285714285715,173,1,Fear
1645248600,25,Fear,2022-02-19,2022-02-19 05:30:00+00:00,2022,2,Feb,2022Q1,Fear,42.0,31.9,-17.0,173,2,Fear
1645335000,27,Fear,2022-02-20,2022-02-20 05:30:00+00:00,2022,2,Feb,2022Q1,Fear,39.57142857142857,32.166666666666664,-12.57142857142857,173,3,Fear
1645421400,25,Fear,2022-02-21,2022-02-21 05:30:00+00:00,2022,2,Feb,2022Q1,Fear,36.57142857142857,32.56666666666667,-11.57142857142857,173,4,Fear
1645507800,20,Extreme Fear,2022-02-22,2022-02-22 05:30:00+00:00,2022,2,Feb,2022Q1,Fear,32.857142857142854,32.86666666666667,-12.857142857142854,173,5,Fear
1645594200,25,Fear,2022-02-23,2022-02-23 05:30:00+00:00,2022,2,Feb,2022Q1,Fear,29.142857142857142,33.266666666666666,-4.142857142857142,173,6,Fear
1645680600,23,Extreme Fear,2022-02-24,2022-02-24 05:30:00+00:00,2022,2,Feb,2022Q1,Fear,25.0,33.63333333333333,-2.0,173,7,Fear
1645767000,27,Fear,2022-02-25,2022-02-25 05:30:00+00:00,2022,2,Feb,2022Q1,Fear,24.571428571428573,33.766666666666666,2.428571428571427,173,8,Fear
1645853400,26,Fear,2022-02-26,2022-02-26 05:30:00+00:00,2022,2,Feb,2022Q1,Fear,24.714285714285715,33.96666666666667,1.2857142857142847,173,9,Fear
1645939800,26,Fear,2022-02-27,2022-02-27 05:30:00+00:00,2022,2,Feb,2022Q1,Fear,24.571428571428573,34.03333333333333,1.428571428571427,173,10,Fear
1646026200,20,Extreme Fear,2022-02-28,2022-02-28 05:30:00+00:00,2022,2,Feb,2022Q1,Fear,23.857142857142858,33.9,-3.8571428571428577,173,11,Neutral
1646112600,51,Neutral,2022-03-01,2022-03-01 05:30:00+00:00,2022,3,Mar,2022Q1,Neutral,28.285714285714285,34.63333333333333,22.714285714285715,174,1,Neutral
1646199000,52,Neutral,2022-03-02,2022-03-02 05:30:00+00:00,2022,3,Mar,2022Q1,Neutral,32.142857142857146,35.7,19.857142857142854,174,2,Fear
1646285400,39,Fear,2022-03-03,2022-03-03 05:30:00+00:00,2022,3,Mar,2022Q1,Fear,34.42857142857143,36.13333333333333,4.571428571428569,175,1,Fear
1646371800,33,Fear,2022-03-04,2022-03-04 05:30:00+00:00,2022,3,Mar,2022Q1,Fear,35.285714285714285,36.3,-2.2857142857142847,175,2,Fear
1646458200,22,Extreme Fear,2022-03-05,2022-03-05 05:30:00+00:00,2022,3,Mar,2022Q1,Fear,34.714285714285715,36.36666666666667,-12.714285714285715,175,3,Fear
1646544600,22,Extreme Fear,2022-03-06,2022-03-06 05:30:00+00:00,2022,3,Mar,2022Q1,Fear,34.142857142857146,36.43333333333333,-12.142857142857146,175,4,Fear
1646631000,23,Extreme Fear,2022-03-07,2022-03-07 05:30:00+00:00,2022,3,Mar,2022Q1,Fear,34.57142857142857,36.1,-11.57142857142857,175,5,Fear
1646717400,21,Extreme Fear,2022-03-08,2022-03-08 05:30:00+00:00,2022,3,Mar,2022Q1,Fear,30.285714285714285,35.56666666666667,-9.285714285714285,175,6,Fear
1646803800,22,Extreme Fear,2022-03-09,2022-03-09 05:30:00+00:00,2022,3,Mar,2022Q1,Fear,26.0,34.8,-4.0,175,7,Fear
1646890200,28,Fear,2022-03-10,2022-03-10 05:30:00+00:00,2022,3,Mar,2022Q1,Fear,24.428571428571427,34.13333333333333,3.571428571428573,175,8,Fear
1646976600,22,Extreme Fear,2022-03-11,2022-03-11 05:30:00+00:00,2022,3,Mar,2022Q1,Fear,22.857142857142858,33.06666666666667,-0.8571428571428577,175,9,Fear
1647063000,22,Extreme Fear,2022-03-12,2022-03-12 05:30:00+00:00,2022,3,Mar,2022Q1,Fear,22.857142857142858,32.13333333333333,-0.8571428571428577,175,10,Fear
1647149400,21,Extreme Fear,2022-03-13,2022-03-13 05:30:00+00:00,2022,3,Mar,2022Q1,Fear,22.714285714285715,31.166666666666668,-1.7142857142857153,175,11,Fear
1647235800,23,Extreme Fear,2022-03-14,2022-03-14 05:30:00+00:00,2022,3,Mar,2022Q1,Fear,22.714285714285715,30.466666666666665,0.2857142857142847,175,12,Fear
1647322200,21,Extreme Fear,2022-03-15,2022-03-15 05:30:00+00:00,2022,3,Mar,2022Q1,Fear,22.714285714285715,29.7,-1.7142857142857153,175,13,Fear
1647408600,24,Extreme Fear,2022-03-16,2022-03-16 05:30:00+00:00,2022,3,Mar,2022Q1,Fear,23.0,28.966666666666665,1.0,175,14,Fear
1647495000,27,Fear,2022-03-17,2022-03-17 05:30:00+00:00,2022,3,Mar,2022Q1,Fear,22.857142857142858,28.333333333333332,4.142857142857142,175,15,Fear
1647581400,25,Fear,2022-03-18,2022-03-18 05:30:00+00:00,2022,3,Mar,2022Q1,Fear,23.285714285714285,27.466666666666665,1.7142857142857153,175,16,Fear
1647667800,28,Fear,2022-03-19,2022-03-19 05:30:00+00:00,2022,3,Mar,2022Q1,Fear,24.142857142857142,26.666666666666668,3.8571428571428577,175,17,Fear
1647754200,31,Fear,2022-03-20,2022-03-20 05:30:00+00:00,2022,3,Mar,2022Q1,Fear,25.571428571428573,26.7,5.428571428571427,175,18,Fear
1647840600,30,Fear,2022-03-21,2022-03-21 05:30:00+00:00,2022,3,Mar,2022Q1,Fear,26.571428571428573,26.866666666666667,3.428571428571427,175,19,Fear
1647927000,26,Fear,2022-03-22,2022-03-22 05:30:00+00:00,2022,3,Mar,2022Q1,Fear,27.285714285714285,26.833333333333332,-1.2857142857142847,175,20,Fear
1648013400,31,Fear,2022-03-23,2022-03-23 05:30:00+00:00,2022,3,Mar,2022Q1,Fear,28.285714285714285,27.033333333333335,2.7142857142857153,175,21,Fear
1648099800,40,Fear,2022-03-24,2022-03-24 05:30:00+00:00,2022,3,Mar,2022Q1,Fear,30.142857142857142,27.7,9.857142857142858,175,22,Neutral
1648186200,47,Neutral,2022-03-25,2022-03-25 05:30:00+00:00,2022,3,Mar,2022Q1,Neutral,33.285714285714285,28.433333333333334,13.714285714285715,176,1,Neutral
1648272600,51,Neutral,2022-03-26,2022-03-26 05:30:00+00:00,2022,3,Mar,2022Q1,Neutral,36.57142857142857,29.366666666666667,14.42857142857143,176,2,Neutral
1648359000,49,Neutral,2022-03-27,2022-03-27 05:30:00+00:00,2022,3,Mar,2022Q1,Neutral,39.142857142857146,30.1,9.857142857142854,176,3,Greed
1648445400,60,Greed,2022-03-28,2022-03-28 05:30:00+00:00,2022,3,Mar,2022Q1,Greed,43.42857142857143,31.233333333333334,16.57142857142857,177,1,Greed
1648531800,56,Greed,2022-03-29,2022-03-29 05:30:00+00:00,2022,3,Mar,2022Q1,Greed,47.714285714285715,32.233333333333334,8.285714285714285,177,2,Greed
1648618200,55,Greed,2022-03-30,2022-03-30 05:30:00+00:00,2022,3,Mar,2022Q1,Greed,51.142857142857146,33.4,3.857142857142854,177,3,Neutral
1648704600,52,Neutral,2022-03-31,2022-03-31 05:30:00+00:00,2022,3,Mar,2022Q1,Neutral,52.857142857142854,33.43333333333333,-0.8571428571428541,178,1,Neutral
1648791000,50,Neutral,2022-04-01,2022-04-01 05:30:00+00:00,2022,4,Apr,2022Q2,Neutral,53.285714285714285,33.36666666666667,-3.2857142857142847,178,2,Neutral
1648877400,52,Neutral,2022-04-02,2022-04-02 05:30:00+00:00,2022,4,Apr,2022Q2,Neutral,53.42857142857143,33.8,-1.4285714285714306,178,3,Neutral
1648963800,48,Neutral,2022-04-03,2022-04-03 05:30:00+00:00,2022,4,Apr,2022Q2,Neutral,53.285714285714285,34.3,-5.285714285714285,178,4,Neutral
1649050200,52,Neutral,2022-04-04,2022-04-04 05:30:00+00:00,2022,4,Apr,2022Q2,Neutral,52.142857142857146,35.3,-0.1428571428571459,178,5,Neutral
1649136600,53,Neutral,2022-04-05,2022-04-05 05:30:00+00:00,2022,4,Apr,2022Q2,Neutral,51.714285714285715,36.333333333333336,1.2857142857142847,178,6,Neutral
1649223000,48,Neutral,2022-04-06,2022-04-06 05:30:00+00:00,2022,4,Apr,2022Q2,Neutral,50.714285714285715,37.166666666666664,-2.7142857142857153,178,7,Fear
1649309400,34,Fear,2022-04-07,2022-04-07 05:30:00+00:00,2022,4,Apr,2022Q2,Fear,48.142857142857146,37.6,-14.142857142857146,179,1,Fear
1649395800,37,Fear,2022-04-08,2022-04-08 05:30:00+00:00,2022,4,Apr,2022Q2,Fear,46.285714285714285,38.1,-9.285714285714285,179,2,Fear
1649482200,30,Fear,2022-04-09,2022-04-09 05:30:00+00:00,2022,4,Apr,2022Q2,Fear,43.142857142857146,38.166666666666664,-13.142857142857146,179,3,Fear
1649568600,34,Fear,2022-04-10,2022-04-10 05:30:00+00:00,2022,4,Apr,2022Q2,Fear,41.142857142857146,38.56666666666667,-7.142857142857146,179,4,Fear
1649655000,32,Fear,2022-04-11,2022-04-11 05:30:00+00:00,2022,4,Apr,2022Q2,Fear,38.285714285714285,38.9,-6.285714285714285,179,5,Fear
1649741400,20,Extreme Fear,2022-04-12,2022-04-12 05:30:00+00:00,2022,4,Apr,2022Q2,Fear,33.57142857142857,38.86666666666667,-13.57142857142857,179,6,Fear
1649827800,25,Fear,2022-04-13,2022-04-13 05:30:00+00:00,2022,4,Apr,2022Q2,Fear,30.285714285714285,38.93333333333333,-5.285714285714285,179,7,Fear
1649914200,28,Fear,2022-04-14,2022-04-14 05:30:00+00:00,2022,4,Apr,2022Q2,Fear,29.428571428571427,39.166666666666664,-1.428571428571427,179,8,Fear
1650000600,22,Extreme Fear,2022-04-15,2022-04-15 05:30:00+00:00,2022,4,Apr,2022Q2,Fear,27.285714285714285,39.1,-5.285714285714285,179,9,Fear
1650087000,28,Fear,2022-04-16,2022-04-16 05:30:00+00:00,2022,4,Apr,2022Q2,Fear,27.0,39.13333333333333,1.0,179,10,Fear
1650173400,28,Fear,2022-04-17,2022-04-17 05:30:00+00:00,2022,4,Apr,2022Q2,Fear,26.142857142857142,39.233333333333334,1.8571428571428577,179,11,Fear
1650259800,24,Extreme Fear,2022-04-18,2022-04-18 05:30:00+00:00,2022,4,Apr,2022Q2,Fear,25.0,39.1,-1.0,179,12,Fear
1650346200,27,Fear,2022-04-19,2022-04-19 05:30:00+00:00,2022,4,Apr,2022Q2,Fear,26.0,38.96666666666667,1.0,179,13,Fear
1650432600,27,Fear,2022-04-20,2022-04-20 05:30:00+00:00,2022,4,Apr,2022Q2,Fear,26.285714285714285,38.86666666666667,0.7142857142857153,179,14,Fear
1650519000,27,Fear,2022-04-21,2022-04-21 05:30:00+00:00,2022,4,Apr,2022Q2,Fear,26.142857142857142,38.9,0.8571428571428577,179,15,Fear
1650605400,26,Fear,2022-04-22,2022-04-22 05:30:00+00:00,2022,4,Apr,2022Q2,Fear,26.714285714285715,38.733333333333334,-0.7142857142857153,179,16,Fear
1650691800,24,Extreme Fear,2022-04-23,2022-04-23 05:30:00+00:00,2022,4,Apr,2022Q2,Fear,26.142857142857142,38.2,-2.1428571428571423,179,17,Fear
1650778200,24,Extreme Fear,2022-04-24,2022-04-24 05:30:00+00:00,2022,4,Apr,2022Q2,Fear,25.571428571428573,37.43333333333333,-1.571428571428573,179,18,Fear
1650864600,23,Extreme Fear,2022-04-25,2022-04-25 05:30:00+00:00,2022,4,Apr,2022Q2,Fear,25.428571428571427,36.5,-2.428571428571427,179,19,Fear
1650951000,27,Fear,2022-04-26,2022-04-26 05:30:00+00:00,2022,4,Apr,2022Q2,Fear,25.428571428571427,35.766666666666666,1.571428571428573,179,20,Fear
1651037400,21,Extreme Fear,2022-04-27,2022-04-27 05:30:00+00:00,2022,4,Apr,2022Q2,Fear,24.571428571428573,34.46666666666667,-3.571428571428573,179,21,Fear
1651123800,24,Extreme Fear,2022-04-28,2022-04-28 05:30:00+00:00,2022,4,Apr,2022Q2,Fear,24.142857142857142,33.4,-0.14285714285714235,179,22,Fear
1651210200,23,Extreme Fear,2022-04-29,2022-04-29 05:30:00+00:00,2022,4,Apr,2022Q2,Fear,23.714285714285715,32.333333333333336,-0.7142857142857153,179,23,Fear
1651296600,20,Extreme Fear,2022-04-30,2022-04-30 05:30:00+00:00,2022,4,Apr,2022Q2,Fear,23.142857142857142,31.266666666666666,-3.1428571428571423,179,24,Fear
1651383000,22,Extreme Fear,2022-05-01,2022-05-01 05:30:00+00:00,2022,5,May,2022Q2,Fear,22.857142857142858,30.333333333333332,-0.8571428571428577,179,25,Fear
1651469400,28,Fear,2022-05-02,2022-05-02 05:30:00+00:00,2022,5,May,2022Q2,Fear,23.571428571428573,29.533333333333335,4.428571428571427,179,26,Fear
1651555800,27,Fear,2022-05-03,2022-05-03 05:30:00+00:00,2022,5,May,2022Q2,Fear,23.571428571428573,28.833333333333332,3.428571428571427,179,27,Fear
1651642200,21,Extreme Fear,2022-05-04,2022-05-04 05:30:00+00:00,2022,5,May,2022Q2,Fear,23.571428571428573,27.8,-2.571428571428573,179,28,Fear
1651728600,27,Fear,2022-05-05,2022-05-05 05:30:00+00:00,2022,5,May,2022Q2,Fear,24.0,26.933333333333334,3.0,179,29,Fear
1651815000,22,Extreme Fear,2022-05-06,2022-05-06 05:30:00+00:00,2022,5,May,2022Q2,Fear,23.857142857142858,26.066666666666666,-1.8571428571428577,179,30,Fear
1651901400,23,Extreme Fear,2022-05-07,2022-05-07 05:30:00+00:00,2022,5,May,2022Q2,Fear,24.285714285714285,25.7,-1.2857142857142847,179,31,Fear
1651987800,18,Extreme Fear,2022-05-08,2022-05-08 05:30:00+00:00,2022,5,May,2022Q2,Fear,23.714285714285715,25.066666666666666,-5.714285714285715,179,32,Fear
1652074200,11,Extreme Fear,2022-05-09,2022-05-09 05:30:00+00:00,2022,5,May,2022Q2,Fear,21.285714285714285,24.433333333333334,-10.285714285714285,179,33,Fear
1652160600,10,Extreme Fear,2022-05-10,2022-05-10 05:30:00+00:00,2022,5,May,2022Q2,Fear,18.857142857142858,23.633333333333333,-8.857142857142858,179,34,Fear
1652247000,12,Extreme Fear,2022-05-11,2022-05-11 05:30:00+00:00,2022,5,May,2022Q2,Fear,17.571428571428573,22.966666666666665,-5.571428571428573,179,35,Fear
1652333400,12,Extreme Fear,2022-05-12,2022-05-12 05:30:00+00:00,2022,5,May,2022Q2,Fear,15.428571428571429,22.7,-3.428571428571429,179,36,Fear
1652419800,10,Extreme Fear,2022-05-13,2022-05-13 05:30:00+00:00,2022,5,May,2022Q2,Fear,13.714285714285714,22.2,-3.7142857142857135,179,37,Fear
1652506200,9,Extreme Fear,2022-05-14,2022-05-14 05:30:00+00:00,2022,5,May,2022Q2,Fear,11.714285714285714,21.566666666666666,-2.7142857142857135,179,38,Fear
1652592600,10,Extreme Fear,2022-05-15,2022-05-15 05:30:00+00:00,2022,5,May,2022Q2,Fear,10.571428571428571,21.166666666666668,-0.5714285714285712,179,39,Fear
1652679000,14,Extreme Fear,2022-05-16,2022-05-16 05:30:00+00:00,2022,5,May,2022Q2,Fear,11.0,20.7,3.0,179,40,Fear
1652765400,8,Extreme Fear,2022-05-17,2022-05-17 05:30:00+00:00,2022,5,May,2022Q2,Fear,10.714285714285714,20.033333333333335,-2.7142857142857135,179,41,Fear
1652851800,12,Extreme Fear,2022-05-18,2022-05-18 05:30:00+00:00,2022,5,May,2022Q2,Fear,10.714285714285714,19.633333333333333,1.2857142857142865,179,42,Fear
1652938200,13,Extreme Fear,2022-05-19,2022-05-19 05:30:00+00:00,2022,5,May,2022Q2,Fear,10.857142857142858,19.166666666666668,2.1428571428571423,179,43,Fear
1653024600,13,Extreme Fear,2022-05-20,2022-05-20 05:30:00+00:00,2022,5,May,2022Q2,Fear,11.285714285714286,18.7,1.7142857142857135,179,44,Fear
1653111000,13,Extreme Fear,2022-05-21,2022-05-21 05:30:00+00:00,2022,5,May,2022Q2,Fear,11.857142857142858,18.233333333333334,1.1428571428571423,179,45,Fear
1653197400,14,Extreme Fear,2022-05-22,2022-05-22 05:30:00+00:00,2022,5,May,2022Q2,Fear,12.428571428571429,17.833333333333332,1.5714285714285712,179,46,Fear
1653283800,10,Extreme Fear,2022-05-23,2022-05-23 05:30:00+00:00,2022,5,May,2022Q2,Fear,11.857142857142858,17.366666666666667,-1.8571428571428577,179,47,Fear
1653370200,12,Extreme Fear,2022-05-24,2022-05-24 05:30:00+00:00,2022,5,May,2022Q2,Fear,12.428571428571429,16.966666666666665,-0.4285714285714288,179,48,Fear
1653456600,11,Extreme Fear,2022-05-25,2022-05-25 05:30:00+00:00,2022,5,May,2022Q2,Fear,12.285714285714286,16.566666666666666,-1.2857142857142865,179,49,Fear
1653543000,12,Extreme Fear,2022-05-26,2022-05-26 05:30:00+00:00,2022,5,May,2022Q2,Fear,12.142857142857142,16.066666666666666,-0.14285714285714235,179,50,Fear
1653629400,12,Extreme Fear,2022-05-27,2022-05-27 05:30:00+00:00,2022,5,May,2022Q2,Fear,12.0,15.766666666666667,0.0,179,51,Fear
1653715800,13,Extreme Fear,2022-05-28,2022-05-28 05:30:00+00:00,2022,5,May,2022Q2,Fear,12.0,15.4,1.0,179,52,Fear
1653802200,14,Extreme Fear,2022-05-29,2022-05-29 05:30:00+00:00,2022,5,May,2022Q2,Fear,12.0,15.1,2.0,179,53,Fear
1653888600,10,Extreme Fear,2022-05-30,2022-05-30 05:30:00+00:00,2022,5,May,2022Q2,Fear,12.0,14.766666666666667,-2.0,179,54,Fear
1653975000,16,Extreme Fear,2022-05-31,2022-05-31 05:30:00+00:00,2022,5,May,2022Q2,Fear,12.571428571428571,14.566666666666666,3.428571428571429,179,55,Fear
1654061400,17,Extreme Fear,2022-06-01,2022-06-01 05:30:00+00:00,2022,6,Jun,2022Q2,Fear,13.428571428571429,14.2,3.571428571428571,179,56,Fear
1654147800,13,Extreme Fear,2022-06-02,2022-06-02 05:30:00+00:00,2022,6,Jun,2022Q2,Fear,13.571428571428571,13.733333333333333,-0.5714285714285712,179,57,Fear
1654234200,10,Extreme Fear,2022-06-03,2022-06-03 05:30:00+00:00,2022,6,Jun,2022Q2,Fear,13.285714285714286,13.366666666666667,-3.2857142857142865,179,58,Fear
1654320600,14,Extreme Fear,2022-06-04,2022-06-04 05:30:00+00:00,2022,6,Jun,2022Q2,Fear,13.428571428571429,12.933333333333334,0.5714285714285712,179,59,Fear
1654407000,10,Extreme Fear,2022-06-05,2022-06-05 05:30:00+00:00,2022,6,Jun,2022Q2,Fear,12.857142857142858,12.533333333333333,-2.8571428571428577,179,60,Fear
1654493400,13,Extreme Fear,2022-06-06,2022-06-06 05:30:00+00:00,2022,6,Jun,2022Q2,Fear,13.285714285714286,12.2,-0.2857142857142865,179,61,Fear
1654579800,15,Extreme Fear,2022-06-07,2022-06-07 05:30:00+00:00,2022,6,Jun,2022Q2,Fear,13.142857142857142,12.1,1.8571428571428577,179,62,Fear
1654666200,17,Extreme Fear,2022-06-08,2022-06-08 05:30:00+00:00,2022,6,Jun,2022Q2,Fear,13.142857142857142,12.3,3.8571428571428577,179,63,Fear
1654752600,11,Extreme Fear,2022-06-09,2022-06-09 05:30:00+00:00,2022,6,Jun,2022Q2,Fear,12.857142857142858,12.333333333333334,-1.8571428571428577,179,64,Fear
1654839000,13,Extreme Fear,2022-06-10,2022-06-10 05:30:00+00:00,2022,6,Jun,2022Q2,Fear,13.285714285714286,12.366666666666667,-0.2857142857142865,179,65,Fear
1654925400,12,Extreme Fear,2022-06-11,2022-06-11 05:30:00+00:00,2022,6,Jun,2022Q2,Fear,13.0,12.366666666666667,-1.0,179,66,Fear
1655011800,14,Extreme Fear,2022-06-12,2022-06-12 05:30:00+00:00,2022,6,Jun,2022Q2,Fear,13.571428571428571,12.5,0.4285714285714288,179,67,Fear
1655098200,11,Extreme Fear,2022-06-13,2022-06-13 05:30:00+00:00,2022,6,Jun,2022Q2,Fear,13.285714285714286,12.566666666666666,-2.2857142857142865,179,68,Fear
1655184600,8,Extreme Fear,2022-06-14,2022-06-14 05:30:00+00:00,2022,6,Jun,2022Q2,Fear,12.285714285714286,12.5,-4.2857142857142865,179,69,Fear
1655271000,7,Extreme Fear,2022-06-15,2022-06-15 05:30:00+00:00,2022,6,Jun,2022Q2,Fear,10.857142857142858,12.266666666666667,-3.8571428571428577,179,70,Fear
1655357400,7,Extreme Fear,2022-06-16,2022-06-16 05:30:00+00:00,2022,6,Jun,2022Q2,Fear,10.285714285714286,12.233333333333333,-3.2857142857142865,179,71,Fear
1655443800,9,Extreme Fear,2022-06-17,2022-06-17 05:30:00+00:00,2022,6,Jun,2022Q2,Fear,9.714285714285714,12.133333333333333,-0.7142857142857135,179,72,Fear
1655530200,6,Extreme Fear,2022-06-18,2022-06-18 05:30:00+00:00,2022,6,Jun,2022Q2,Fear,8.857142857142858,11.9,-2.8571428571428577,179,73,Fear
1655616600,6,Extreme Fear,2022-06-19,2022-06-19 05:30:00+00:00,2022,6,Jun,2022Q2,Fear,7.714285714285714,11.666666666666666,-1.7142857142857144,179,74,Fear
1655703000,9,Extreme Fear,2022-06-20,2022-06-20 05:30:00+00:00,2022,6,Jun,2022Q2,Fear,7.428571428571429,11.533333333333333,1.5714285714285712,179,75,Fear
1655789400,9,Extreme Fear,2022-06-21,2022-06-21 05:30:00+00:00,2022,6,Jun,2022Q2,Fear,7.571428571428571,11.366666666666667,1.4285714285714288,179,76,Fear
1655875800,11,Extreme Fear,2022-06-22,2022-06-22 05:30:00+00:00,2022,6,Jun,2022Q2,Fear,8.142857142857142,11.4,2.8571428571428577,179,77,Fear
1655962200,11,Extreme Fear,2022-06-23,2022-06-23 05:30:00+00:00,2022,6,Jun,2022Q2,Fear,8.714285714285714,11.366666666666667,2.2857142857142865,179,78,Fear
1656048600,11,Extreme Fear,2022-06-24,2022-06-24 05:30:00+00:00,2022,6,Jun,2022Q2,Fear,9.0,11.366666666666667,2.0,179,79,Fear
1656135000,14,Extreme Fear,2022-06-25,2022-06-25 05:30:00+00:00,2022,6,Jun,2022Q2,Fear,10.142857142857142,11.433333333333334,3.8571428571428577,179,80,Fear
1656221400,14,Extreme Fear,2022-06-26,2022-06-26 05:30:00+00:00,2022,6,Jun,2022Q2,Fear,11.285714285714286,11.5,2.7142857142857135,179,81,Fear
1656307800,12,Extreme Fear,2022-06-27,2022-06-27 05:30:00+00:00,2022,6,Jun,2022Q2,Fear,11.714285714285714,11.466666666666667,0.2857142857142865,179,82,Fear
1656394200,10,Extreme Fear,2022-06-28,2022-06-28 05:30:00+00:00,2022,6,Jun,2022Q2,Fear,11.857142857142858,11.333333333333334,-1.8571428571428577,179,83,Fear
1656480600,13,Extreme Fear,2022-06-29,2022-06-29 05:30:00+00:00,2022,6,Jun,2022Q2,Fear,12.142857142857142,11.433333333333334,0.8571428571428577,179,84,Fear
1656567000,11,Extreme Fear,2022-06-30,2022-06-30 05:30:00+00:00,2022,6,Jun,2022Q2,Fear,12.142857142857142,11.266666666666667,-1.1428571428571423,179,85,Fear
1656653400,11,Extreme Fear,2022-07-01,2022-07-01 05:30:00+00:00,2022,7,Jul,2022Q3,Fear,12.142857142857142,11.066666666666666,-1.1428571428571423,179,86,Fear
1656739800,14,Extreme Fear,2022-07-02,2022-07-02 05:30:00+00:00,2022,7,Jul,2022Q3,Fear,12.142857142857142,11.1,1.8571428571428577,179,87,Fear
1656826200,11,Extreme Fear,2022-07-03,2022-07-03 05:30:00+00:00,2022,7,Jul,2022Q3,Fear,11.714285714285714,11.133333333333333,-0.7142857142857135,179,88,Fear
1656912600,14,Extreme Fear,2022-07-04,2022-07-04 05:30:00+00:00,2022,7,Jul,2022Q3,Fear,12.0,11.133333333333333,2.0,179,89,Fear
1656999000,19,Extreme Fear,2022-07-05,2022-07-05 05:30:00+00:00,2022,7,Jul,2022Q3,Fear,13.285714285714286,11.433333333333334,5.7142857142857135,179,90,Fear
1657085400,18,Extreme Fear,2022-07-06,2022-07-06 05:30:00+00:00,2022,7,Jul,2022Q3,Fear,14.0,11.6,4.0,179,91,Fear
1657171800,18,Extreme Fear,2022-07-07,2022-07-07 05:30:00+00:00,2022,7,Jul,2022Q3,Fear,15.0,11.7,3.0,179,92,Fear
1657258200,20,Extreme Fear,2022-07-08,2022-07-08 05:30:00+00:00,2022,7,Jul,2022Q3,Fear,16.285714285714285,11.8,3.7142857142857153,179,93,Fear
1657344600,24,Extreme Fear,2022-07-09,2022-07-09 05:30:00+00:00,2022,7,Jul,2022Q3,Fear,17.714285714285715,12.233333333333333,6.285714285714285,179,94,Fear
1657431000,24,Extreme Fear,2022-07-10,2022-07-10 05:30:00+00:00,2022,7,Jul,2022Q3,Fear,19.571428571428573,12.6,4.428571428571427,179,95,Fear
1657517400,22,Extreme Fear,2022-07-11,2022-07-11 05:30:00+00:00,2022,7,Jul,2022Q3,Fear,20.714285714285715,12.933333333333334,1.2857142857142847,179,96,Fear
1657603800,16,Extreme Fear,2022-07-12,2022-07-12 05:30:00+00:00,2022,7,Jul,2022Q3,Fear,20.285714285714285,13.0,-4.285714285714285,179,97,Fear
1657690200,15,Extreme Fear,2022-07-13,2022-07-13 05:30:00+00:00,2022,7,Jul,2022Q3,Fear,19.857142857142858,13.133333333333333,-4.857142857142858,179,98,Fear
1657776600,18,Extreme Fear,2022-07-14,2022-07-14 05:30:00+00:00,2022,7,Jul,2022Q3,Fear,19.857142857142858,13.466666666666667,-1.8571428571428577,179,99,Fear
1657863000,15,Extreme Fear,2022-07-15,2022-07-15 05:30:00+00:00,2022,7,Jul,2022Q3,Fear,19.142857142857142,13.733333333333333,-4.142857142857142,179,100,Fear
1657949400,21,Extreme Fear,2022-07-16,2022-07-16 05:30:00+00:00,2022,7,Jul,2022Q3,Fear,18.714285714285715,14.2,2.2857142857142847,179,101,Fear
1658035800,24,Extreme Fear,2022-07-17,2022-07-17 05:30:00+00:00,2022,7,Jul,2022Q3,Fear,18.714285714285715,14.7,5.285714285714285,179,102,Fear
1658122200,20,Extreme Fear,2022-07-18,2022-07-18 05:30:00+00:00,2022,7,Jul,2022Q3,Fear,18.428571428571427,15.166666666666666,1.571428571428573,179,103,Fear
1658208600,30,Fear,2022-07-19,2022-07-19 05:30:00+00:00,2022,7,Jul,2022Q3,Fear,20.428571428571427,15.966666666666667,9.571428571428573,179,104,Fear
1658295000,31,Fear,2022-07-20,2022-07-20 05:30:00+00:00,2022,7,Jul,2022Q3,Fear,22.714285714285715,16.7,8.285714285714285,179,105,Fear
1658381400,34,Fear,2022-07-21,2022-07-21 05:30:00+00:00,2022,7,Jul,2022Q3,Fear,25.0,17.533333333333335,9.0,179,106,Fear
1658467800,33,Fear,2022-07-22,2022-07-22 05:30:00+00:00,2022,7,Jul,2022Q3,Fear,27.571428571428573,18.266666666666666,5.428571428571427,179,107,Fear
1658554200,31,Fear,2022-07-23,2022-07-23 05:30:00+00:00,2022,7,Jul,2022Q3,Fear,29.0,18.933333333333334,2.0,179,108,Fear
1658640600,30,Fear,2022-07-24,2022-07-24 05:30:00+00:00,2022,7,Jul,2022Q3,Fear,29.857142857142858,19.566666666666666,0.14285714285714235,179,109,Fear
1658727000,30,Fear,2022-07-25,2022-07-25 05:30:00+00:00,2022,7,Jul,2022Q3,Fear,31.285714285714285,20.1,-1.2857142857142847,179,110,Fear
1658813400,26,Fear,2022-07-26,2022-07-26 05:30:00+00:00,2022,7,Jul,2022Q3,Fear,30.714285714285715,20.5,-4.714285714285715,179,111,Fear
1658899800,28,Fear,2022-07-27,2022-07-27 05:30:00+00:00,2022,7,Jul,2022Q3,Fear,30.285714285714285,21.033333333333335,-2.2857142857142847,179,112,Fear
1658986200,32,Fear,2022-07-28,2022-07-28 05:30:00+00:00,2022,7,Jul,2022Q3,Fear,30.0,21.766666666666666,2.0,179,113,Fear
1659072600,39,Fear,2022-07-29,2022-07-29 05:30:00+00:00,2022,7,Jul,2022Q3,Fear,30.857142857142858,22.633333333333333,8.142857142857142,179,114,Fear
1659159000,42,Fear,2022-07-30,2022-07-30 05:30:00+00:00,2022,7,Jul,2022Q3,Fear,32.42857142857143,23.666666666666668,9.57142857142857,179,115,Fear
1659245400,39,Fear,2022-07-31,2022-07-31 05:30:00+00:00,2022,7,Jul,2022Q3,Fear,33.714285714285715,24.6,5.285714285714285,179,116,Fear
1659331800,33,Fear,2022-08-01,2022-08-01 05:30:00+00:00,2022,8,Aug,2022Q3,Fear,34.142857142857146,25.233333333333334,-1.142857142857146,179,117,Fear
1659418200,31,Fear,2022-08-02,2022-08-02 05:30:00+00:00,2022,8,Aug,2022Q3,Fear,34.857142857142854,25.9,-3.857142857142854,179,118,Fear
1659504600,34,Fear,2022-08-03,2022-08-03 05:30:00+00:00,2022,8,Aug,2022Q3,Fear,35.714285714285715,26.566666666666666,-1.7142857142857153,179,119,Fear
1659591000,30,Fear,2022-08-04,2022-08-04 05:30:00+00:00,2022,8,Aug,2022Q3,Fear,35.42857142857143,26.933333333333334,-5.428571428571431,179,120,Fear
1659677400,31,Fear,2022-08-05,2022-08-05 05:30:00+00:00,2022,8,Aug,2022Q3,Fear,34.285714285714285,27.366666666666667,-3.2857142857142847,179,121,Fear
1659763800,31,Fear,2022-08-06,2022-08-06 05:30:00+00:00,2022,8,Aug,2022Q3,Fear,32.714285714285715,27.8,-1.7142857142857153,179,122,Fear
1659850200,30,Fear,2022-08-07,2022-08-07 05:30:00+00:00,2022,8,Aug,2022Q3,Fear,31.428571428571427,28.133333333333333,-1.428571428571427,179,123,Fear
1659936600,30,Fear,2022-08-08,2022-08-08 05:30:00+00:00,2022,8,Aug,2022Q3,Fear,31.0,28.333333333333332,-1.0,179,124,Fear
1660023000,42,Fear,2022-08-09,2022-08-09 05:30:00+00:00,2022,8,Aug,2022Q3,Fear,32.57142857142857,28.933333333333334,9.42857142857143,179,125,Fear
1660109400,31,Fear,2022-08-10,2022-08-10 05:30:00+00:00,2022,8,Aug,2022Q3,Fear,32.142857142857146,29.233333333333334,-1.142857142857146,179,126,Fear
1660195800,41,Fear,2022-08-11,2022-08-11 05:30:00+00:00,2022,8,Aug,2022Q3,Fear,33.714285714285715,30.066666666666666,7.285714285714285,179,127,Fear
1660282200,42,Fear,2022-08-12,2022-08-12 05:30:00+00:00,2022,8,Aug,2022Q3,Fear,35.285714285714285,30.966666666666665,6.714285714285715,179,128,Neutral
1660368600,46,Neutral,2022-08-13,2022-08-13 05:30:00+00:00,2022,8,Aug,2022Q3,Neutral,37.42857142857143,31.9,8.57142857142857,180,1,Neutral
1660455000,47,Neutral,2022-08-14,2022-08-14 05:30:00+00:00,2022,8,Aug,2022Q3,Neutral,39.857142857142854,32.96666666666667,7.142857142857146,180,2,Neutral
1660541400,45,Neutral,2022-08-15,2022-08-15 05:30:00+00:00,2022,8,Aug,2022Q3,Neutral,42.0,33.766666666666666,3.0,180,3,Fear
1660627800,44,Fear,2022-08-16,2022-08-16 05:30:00+00:00,2022,8,Aug,2022Q3,Fear,42.285714285714285,34.43333333333333,1.7142857142857153,181,1,Fear
1660714200,41,Fear,2022-08-17,2022-08-17 05:30:00+00:00,2022,8,Aug,2022Q3,Fear,43.714285714285715,35.13333333333333,-2.7142857142857153,181,2,Fear
1660800600,30,Fear,2022-08-18,2022-08-18 05:30:00+00:00,2022,8,Aug,2022Q3,Fear,42.142857142857146,35.13333333333333,-12.142857142857146,181,3,Fear
1660887000,33,Fear,2022-08-19,2022-08-19 05:30:00+00:00,2022,8,Aug,2022Q3,Fear,40.857142857142854,35.2,-7.857142857142854,181,4,Fear
1660973400,29,Fear,2022-08-20,2022-08-20 05:30:00+00:00,2022,8,Aug,2022Q3,Fear,38.42857142857143,35.03333333333333,-9.42857142857143,181,5,Fear
1661059800,27,Fear,2022-08-21,2022-08-21 05:30:00+00:00,2022,8,Aug,2022Q3,Fear,35.57142857142857,34.833333333333336,-8.57142857142857,181,6,Fear
1661146200,29,Fear,2022-08-22,2022-08-22 05:30:00+00:00,2022,8,Aug,2022Q3,Fear,33.285714285714285,34.766666666666666,-4.285714285714285,181,7,Fear
1661232600,28,Fear,2022-08-23,2022-08-23 05:30:00+00:00,2022,8,Aug,2022Q3,Fear,31.0,34.7,-3.0,181,8,Fear
1661319000,25,Fear,2022-08-24,2022-08-24 05:30:00+00:00,2022,8,Aug,2022Q3,Fear,28.714285714285715,34.53333333333333,-3.7142857142857153,181,9,Fear
1661405400,25,Fear,2022-08-25,2022-08-25 05:30:00+00:00,2022,8,Aug,2022Q3,Fear,28.0,34.5,-3.0,181,10,Fear
1661491800,27,Fear,2022-08-26,2022-08-26 05:30:00+00:00,2022,8,Aug,2022Q3,Fear,27.142857142857142,34.46666666666667,-0.14285714285714235,181,11,Fear
1661578200,28,Fear,2022-08-27,2022-08-27 05:30:00+00:00,2022,8,Aug,2022Q3,Fear,27.0,34.333333333333336,1.0,181,12,Fear
1661664600,28,Fear,2022-08-28,2022-08-28 05:30:00+00:00,2022,8,Aug,2022Q3,Fear,27.142857142857142,33.96666666666667,0.8571428571428577,181,13,Fear
1661751000,24,Extreme Fear,2022-08-29,2022-08-29 05:30:00+00:00,2022,8,Aug,2022Q3,Fear,26.428571428571427,33.36666666666667,-2.428571428571427,181,14,Fear
1661837400,27,Fear,2022-08-30,2022-08-30 05:30:00+00:00,2022,8,Aug,2022Q3,Fear,26.285714285714285,32.96666666666667,0.7142857142857153,181,15,Fear
1661923800,23,Extreme Fear,2022-08-31,2022-08-31 05:30:00+00:00,2022,8,Aug,2022Q3,Fear,26.0,32.63333333333333,-3.0,181,16,Fear
1662010200,20,Extreme Fear,2022-09-01,2022-09-01 05:30:00+00:00,2022,9,Sep,2022Q3,Fear,25.285714285714285,32.266666666666666,-5.285714285714285,181,17,Fear
1662096600,25,Fear,2022-09-02,2022-09-02 05:30:00+00:00,2022,9,Sep,2022Q3,Fear,25.0,31.966666666666665,0.0,181,18,Fear
1662183000,21,Extreme Fear,2022-09-03,2022-09-03 05:30:00+00:00,2022,9,Sep,2022Q3,Fear,24.0,31.666666666666668,-3.0,181,19,Fear
1662269400,20,Extreme Fear,2022-09-04,2022-09-04 05:30:00+00:00,2022,9,Sep,2022Q3,Fear,22.857142857142858,31.3,-2.8571428571428577,181,20,Fear
1662355800,23,Extreme Fear,2022-09-05,2022-09-05 05:30:00+00:00,2022,9,Sep,2022Q3,Fear,22.714285714285715,31.033333333333335,0.2857142857142847,181,21,Fear
1662442200,22,Extreme Fear,2022-09-06,2022-09-06 05:30:00+00:00,2022,9,Sep,2022Q3,Fear,22.0,30.766666666666666,0.0,181,22,Fear
1662528600,24,Extreme Fear,2022-09-07,2022-09-07 05:30:00+00:00,2022,9,Sep,2022Q3,Fear,22.142857142857142,30.566666666666666,1.8571428571428577,181,23,Fear
1662615000,20,Extreme Fear,2022-09-08,2022-09-08 05:30:00+00:00,2022,9,Sep,2022Q3,Fear,22.142857142857142,29.833333333333332,-2.1428571428571423,181,24,Fear
1662701400,22,Extreme Fear,2022-09-09,2022-09-09 05:30:00+00:00,2022,9,Sep,2022Q3,Fear,21.714285714285715,29.533333333333335,0.2857142857142847,181,25,Fear
1662787800,28,Fear,2022-09-10,2022-09-10 05:30:00+00:00,2022,9,Sep,2022Q3,Fear,22.714285714285715,29.1,5.285714285714285,181,26,Fear
1662874200,26,Fear,2022-09-11,2022-09-11 05:30:00+00:00,2022,9,Sep,2022Q3,Fear,23.571428571428573,28.566666666666666,2.428571428571427,181,27,Fear
1662960600,25,Fear,2022-09-12,2022-09-12 05:30:00+00:00,2022,9,Sep,2022Q3,Fear,23.857142857142858,27.866666666666667,1.1428571428571423,181,28,Fear
1663047000,34,Fear,2022-09-13,2022-09-13 05:30:00+00:00,2022,9,Sep,2022Q3,Fear,25.571428571428573,27.433333333333334,8.428571428571427,181,29,Fear
1663133400,27,Fear,2022-09-14,2022-09-14 05:30:00+00:00,2022,9,Sep,2022Q3,Fear,26.0,26.833333333333332,1.0,181,30,Fear
1663219800,28,Fear,2022-09-15,2022-09-15 05:30:00+00:00,2022,9,Sep,2022Q3,Fear,27.142857142857142,26.3,0.8571428571428577,181,31,Fear
1663306200,20,Extreme Fear,2022-09-16,2022-09-16 05:30:00+00:00,2022,9,Sep,2022Q3,Fear,26.857142857142858,25.6,-6.857142857142858,181,32,Fear
1663392600,22,Extreme Fear,2022-09-17,2022-09-17 05:30:00+00:00,2022,9,Sep,2022Q3,Fear,26.0,25.333333333333332,-4.0,181,33,Fear
1663479000,27,Fear,2022-09-18,2022-09-18 05:30:00+00:00,2022,9,Sep,2022Q3,Fear,26.142857142857142,25.133333333333333,0.8571428571428577,181,34,Fear
1663565400,21,Extreme Fear,2022-09-19,2022-09-19 05:30:00+00:00,2022,9,Sep,2022Q3,Fear,25.571428571428573,24.866666666666667,-4.571428571428573,181,35,Fear
1663651800,23,Extreme Fear,2022-09-20,2022-09-20 05:30:00+00:00,2022,9,Sep,2022Q3,Fear,24.0,24.733333333333334,-1.0,181,36,Fear
1663738200,23,Extreme Fear,2022-09-21,2022-09-21 05:30:00+00:00,2022,9,Sep,2022Q3,Fear,23.428571428571427,24.533333333333335,-0.42857142857142705,181,37,Fear
1663824600,22,Extreme Fear,2022-09-22,2022-09-22 05:30:00+00:00,2022,9,Sep,2022Q3,Fear,22.571428571428573,24.333333333333332,-0.571428571428573,181,38,Fear
1663911000,20,Extreme Fear,2022-09-23,2022-09-23 05:30:00+00:00,2022,9,Sep,2022Q3,Fear,22.571428571428573,24.166666666666668,-2.571428571428573,181,39,Fear
1663997400,24,Extreme Fear,2022-09-24,2022-09-24 05:30:00+00:00,2022,9,Sep,2022Q3,Fear,22.857142857142858,24.133333333333333,1.1428571428571423,181,40,Fear
1664083800,24,Extreme Fear,2022-09-25,2022-09-25 05:30:00+00:00,2022,9,Sep,2022Q3,Fear,22.428571428571427,24.033333333333335,1.571428571428573,181,41,Fear
1664170200,21,Extreme Fear,2022-09-26,2022-09-26 05:30:00+00:00,2022,9,Sep,2022Q3,Fear,22.428571428571427,23.8,-1.428571428571427,181,42,Fear
1664256600,20,Extreme Fear,2022-09-27,2022-09-27 05:30:00+00:00,2022,9,Sep,2022Q3,Fear,22.0,23.533333333333335,-2.0,181,43,Fear
1664343000,20,Extreme Fear,2022-09-28,2022-09-28 05:30:00+00:00,2022,9,Sep,2022Q3,Fear,21.571428571428573,23.4,-1.571428571428573,181,44,Fear
1664429400,22,Extreme Fear,2022-09-29,2022-09-29 05:30:00+00:00,2022,9,Sep,2022Q3,Fear,21.571428571428573,23.233333333333334,0.42857142857142705,181,45,Fear
1664515800,21,Extreme Fear,2022-09-30,2022-09-30 05:30:00+00:00,2022,9,Sep,2022Q3,Fear,21.714285714285715,23.166666666666668,-0.7142857142857153,181,46,Fear
1664602200,20,Extreme Fear,2022-10-01,2022-10-01 05:30:00+00:00,2022,10,Oct,2022Q4,Fear,21.142857142857142,23.166666666666668,-1.1428571428571423,181,47,Fear
1664688600,24,Extreme Fear,2022-10-02,2022-10-02 05:30:00+00:00,2022,10,Oct,2022Q4,Fear,21.142857142857142,23.133333333333333,2.8571428571428577,181,48,Fear
1664775000,24,Extreme Fear,2022-10-03,2022-10-03 05:30:00+00:00,2022,10,Oct,2022Q4,Fear,21.571428571428573,23.233333333333334,2.428571428571427,181,49,Fear
1664861400,20,Extreme Fear,2022-10-04,2022-10-04 05:30:00+00:00,2022,10,Oct,2022Q4,Fear,21.571428571428573,23.233333333333334,-1.571428571428573,181,50,Fear
1664947800,25,Fear,2022-10-05,2022-10-05 05:30:00+00:00,2022,10,Oct,2022Q4,Fear,22.285714285714285,23.3,2.7142857142857153,181,51,Fear
1665034200,26,Fear,2022-10-06,2022-10-06 05:30:00+00:00,2022,10,Oct,2022Q4,Fear,22.857142857142858,23.433333333333334,3.1428571428571423,181,52,Fear
1665120600,23,Extreme Fear,2022-10-07,2022-10-07 05:30:00+00:00,2022,10,Oct,2022Q4,Fear,23.142857142857142,23.4,-0.14285714285714235,181,53,Fear
1665207000,24,Extreme Fear,2022-10-08,2022-10-08 05:30:00+00:00,2022,10,Oct,2022Q4,Fear,23.714285714285715,23.533333333333335,0.2857142857142847,181,54,Fear
1665293400,22,Extreme Fear,2022-10-09,2022-10-09 05:30:00+00:00,2022,10,Oct,2022Q4,Fear,23.428571428571427,23.533333333333335,-1.428571428571427,181,55,Fear
1665379800,22,Extreme Fear,2022-10-10,2022-10-10 05:30:00+00:00,2022,10,Oct,2022Q4,Fear,23.142857142857142,23.333333333333332,-1.1428571428571423,181,56,Fear
1665466200,24,Extreme Fear,2022-10-11,2022-10-11 05:30:00+00:00,2022,10,Oct,2022Q4,Fear,23.714285714285715,23.266666666666666,0.2857142857142847,181,57,Fear
1665552600,20,Extreme Fear,2022-10-12,2022-10-12 05:30:00+00:00,2022,10,Oct,2022Q4,Fear,23.0,23.1,-3.0,181,58,Fear
1665639000,20,Extreme Fear,2022-10-13,2022-10-13 05:30:00+00:00,2022,10,Oct,2022Q4,Fear,22.142857142857142,22.633333333333333,-2.1428571428571423,181,59,Fear
1665725400,24,Extreme Fear,2022-10-14,2022-10-14 05:30:00+00:00,2022,10,Oct,2022Q4,Fear,22.285714285714285,22.533333333333335,1.7142857142857153,181,60,Fear
1665811800,24,Extreme Fear,2022-10-15,2022-10-15 05:30:00+00:00,2022,10,Oct,2022Q4,Fear,22.285714285714285,22.4,1.7142857142857153,181,61,Fear
1665898200,24,Extreme Fear,2022-10-16,2022-10-16 05:30:00+00:00,2022,10,Oct,2022Q4,Fear,22.571428571428573,22.533333333333335,1.428571428571427,181,62,Fear
1665984600,20,Extreme Fear,2022-10-17,2022-10-17 05:30:00+00:00,2022,10,Oct,2022Q4,Fear,22.285714285714285,22.466666666666665,-2.2857142857142847,181,63,Fear
1666071000,22,Extreme Fear,2022-10-18,2022-10-18 05:30:00+00:00,2022,10,Oct,2022Q4,Fear,22.0,22.3,0.0,181,64,Fear
1666157400,23,Extreme Fear,2022-10-19,2022-10-19 05:30:00+00:00,2022,10,Oct,2022Q4,Fear,22.428571428571427,22.366666666666667,0.571428571428573,181,65,Fear
1666243800,23,Extreme Fear,2022-10-20,2022-10-20 05:30:00+00:00,2022,10,Oct,2022Q4,Fear,22.857142857142858,22.366666666666667,0.14285714285714235,181,66,Fear
1666330200,23,Extreme Fear,2022-10-21,2022-10-21 05:30:00+00:00,2022,10,Oct,2022Q4,Fear,22.714285714285715,22.366666666666667,0.2857142857142847,181,67,Fear
1666416600,20,Extreme Fear,2022-10-22,2022-10-22 05:30:00+00:00,2022,10,Oct,2022Q4,Fear,22.142857142857142,22.3,-2.1428571428571423,181,68,Fear
1666503000,23,Extreme Fear,2022-10-23,2022-10-23 05:30:00+00:00,2022,10,Oct,2022Q4,Fear,22.0,22.4,1.0,181,69,Fear
1666589400,22,Extreme Fear,2022-10-24,2022-10-24 05:30:00+00:00,2022,10,Oct,2022Q4,Fear,22.285714285714285,22.333333333333332,-0.2857142857142847,181,70,Fear
1666675800,20,Extreme Fear,2022-10-25,2022-10-25 05:30:00+00:00,2022,10,Oct,2022Q4,Fear,22.0,22.2,-2.0,181,71,Fear
1666762200,33,Fear,2022-10-26,2022-10-26 05:30:00+00:00,2022,10,Oct,2022Q4,Fear,23.428571428571427,22.6,9.571428571428573,181,72,Fear
1666848600,32,Fear,2022-10-27,2022-10-27 05:30:00+00:00,2022,10,Oct,2022Q4,Fear,24.714285714285715,23.0,7.285714285714285,181,73,Fear
1666935000,30,Fear,2022-10-28,2022-10-28 05:30:00+00:00,2022,10,Oct,2022Q4,Fear,25.714285714285715,23.333333333333332,4.285714285714285,181,74,Fear
1667021400,34,Fear,2022-10-29,2022-10-29 05:30:00+00:00,2022,10,Oct,2022Q4,Fear,27.714285714285715,23.733333333333334,6.285714285714285,181,75,Fear
1667107800,34,Fear,2022-10-30,2022-10-30 05:30:00+00:00,2022,10,Oct,2022Q4,Fear,29.285714285714285,24.166666666666668,4.714285714285715,181,76,Fear
1667194200,31,Fear,2022-10-31,2022-10-31 05:30:00+00:00,2022,10,Oct,2022Q4,Fear,30.571428571428573,24.533333333333335,0.42857142857142705,181,77,Fear
1667280600,30,Fear,2022-11-01,2022-11-01 05:30:00+00:00,2022,11,Nov,2022Q4,Fear,32.0,24.733333333333334,-2.0,181,78,Fear
1667367000,30,Fear,2022-11-02,2022-11-02 05:30:00+00:00,2022,11,Nov,2022Q4,Fear,31.571428571428573,24.933333333333334,-1.571428571428573,181,79,Fear
1667453400,30,Fear,2022-11-03,2022-11-03 05:30:00+00:00,2022,11,Nov,2022Q4,Fear,31.285714285714285,25.266666666666666,-1.2857142857142847,181,80,Fear
1667539800,30,Fear,2022-11-04,2022-11-04 05:30:00+00:00,2022,11,Nov,2022Q4,Fear,31.285714285714285,25.433333333333334,-1.2857142857142847,181,81,Fear
1667626200,38,Fear,2022-11-05,2022-11-05 05:30:00+00:00,2022,11,Nov,2022Q4,Fear,31.857142857142858,25.833333333333332,6.142857142857142,181,82,Fear
1667712600,40,Fear,2022-11-06,2022-11-06 05:30:00+00:00,2022,11,Nov,2022Q4,Fear,32.714285714285715,26.4,7.285714285714285,181,83,Fear
1667799000,33,Fear,2022-11-07,2022-11-07 05:30:00+00:00,2022,11,Nov,2022Q4,Fear,33.0,26.7,0.0,181,84,Fear
1667885400,31,Fear,2022-11-08,2022-11-08 05:30:00+00:00,2022,11,Nov,2022Q4,Fear,33.142857142857146,27.0,-2.142857142857146,181,85,Fear
1667971800,29,Fear,2022-11-09,2022-11-09 05:30:00+00:00,2022,11,Nov,2022Q4,Fear,33.0,27.233333333333334,-4.0,181,86,Fear
1668058200,22,Extreme Fear,2022-11-10,2022-11-10 05:30:00+00:00,2022,11,Nov,2022Q4,Fear,31.857142857142858,27.166666666666668,-9.857142857142858,181,87,Fear
1668144600,25,Fear,2022-11-11,2022-11-11 05:30:00+00:00,2022,11,Nov,2022Q4,Fear,31.142857142857142,27.333333333333332,-6.142857142857142,181,88,Fear
1668231000,21,Extreme Fear,2022-11-12,2022-11-12 05:30:00+00:00,2022,11,Nov,2022Q4,Fear,28.714285714285715,27.366666666666667,-7.714285714285715,181,89,Fear
1668317400,22,Extreme Fear,2022-11-13,2022-11-13 05:30:00+00:00,2022,11,Nov,2022Q4,Fear,26.142857142857142,27.3,-4.142857142857142,181,90,Fear
1668403800,24,Extreme Fear,2022-11-14,2022-11-14 05:30:00+00:00,2022,11,Nov,2022Q4,Fear,24.857142857142858,27.3,-0.8571428571428577,181,91,Fear
1668490200,22,Extreme Fear,2022-11-15,2022-11-15 05:30:00+00:00,2022,11,Nov,2022Q4,Fear,23.571428571428573,27.233333333333334,-1.571428571428573,181,92,Fear
1668576600,23,Extreme Fear,2022-11-16,2022-11-16 05:30:00+00:00,2022,11,Nov,2022Q4,Fear,22.714285714285715,27.333333333333332,0.2857142857142847,181,93,Fear
1668663000,20,Extreme Fear,2022-11-17,2022-11-17 05:30:00+00:00,2022,11,Nov,2022Q4,Fear,22.428571428571427,27.266666666666666,-2.428571428571427,181,94,Fear
1668749400,23,Extreme Fear,2022-11-18,2022-11-18 05:30:00+00:00,2022,11,Nov,2022Q4,Fear,22.142857142857142,27.266666666666666,0.8571428571428577,181,95,Fear
1668835800,23,Extreme Fear,2022-11-19,2022-11-19 05:30:00+00:00,2022,11,Nov,2022Q4,Fear,22.428571428571427,27.266666666666666,0.571428571428573,181,96,Fear
1668922200,24,Extreme Fear,2022-11-20,2022-11-20 05:30:00+00:00,2022,11,Nov,2022Q4,Fear,22.714285714285715,27.3,1.2857142857142847,181,97,Fear
1669008600,21,Extreme Fear,2022-11-21,2022-11-21 05:30:00+00:00,2022,11,Nov,2022Q4,Fear,22.285714285714285,27.333333333333332,-1.2857142857142847,181,98,Fear
1669095000,22,Extreme Fear,2022-11-22,2022-11-22 05:30:00+00:00,2022,11,Nov,2022Q4,Fear,22.285714285714285,27.3,-0.2857142857142847,181,99,Fear
1669181400,22,Extreme Fear,2022-11-23,2022-11-23 05:30:00+00:00,2022,11,Nov,2022Q4,Fear,22.142857142857142,27.3,-0.14285714285714235,181,100,Fear
1669267800,20,Extreme Fear,2022-11-24,2022-11-24 05:30:00+00:00,2022,11,Nov,2022Q4,Fear,22.142857142857142,27.3,-2.1428571428571423,181,101,Fear
1669354200,20,Extreme Fear,2022-11-25,2022-11-25 05:30:00+00:00,2022,11,Nov,2022Q4,Fear,21.714285714285715,26.866666666666667,-1.7142857142857153,181,102,Fear
1669440600,22,Extreme Fear,2022-11-26,2022-11-26 05:30:00+00:00,2022,11,Nov,2022Q4,Fear,21.571428571428573,26.533333333333335,0.42857142857142705,181,103,Fear
1669527000,26,Fear,2022-11-27,2022-11-27 05:30:00+00:00,2022,11,Nov,2022Q4,Fear,21.857142857142858,26.4,4.142857142857142,181,104,Fear
1669613400,28,Fear,2022-11-28,2022-11-28 05:30:00+00:00,2022,11,Nov,2022Q4,Fear,22.857142857142858,26.2,5.142857142857142,181,105,Fear
1669699800,26,Fear,2022-11-29,2022-11-29 05:30:00+00:00,2022,11,Nov,2022Q4,Fear,23.428571428571427,25.933333333333334,2.571428571428573,181,106,Fear
1669786200,29,Fear,2022-11-30,2022-11-30 05:30:00+00:00,2022,11,Nov,2022Q4,Fear,24.428571428571427,25.866666666666667,4.571428571428573,181,107,Fear
1669872600,27,Fear,2022-12-01,2022-12-01 05:30:00+00:00,2022,12,Dec,2022Q4,Fear,25.428571428571427,25.766666666666666,1.571428571428573,181,108,Fear
1669959000,27,Fear,2022-12-02,2022-12-02 05:30:00+00:00,2022,12,Dec,2022Q4,Fear,26.428571428571427,25.666666666666668,0.571428571428573,181,109,Fear
1670045400,27,Fear,2022-12-03,2022-12-03 05:30:00+00:00,2022,12,Dec,2022Q4,Fear,27.142857142857142,25.566666666666666,-0.14285714285714235,181,110,Fear
1670131800,26,Fear,2022-12-04,2022-12-04 05:30:00+00:00,2022,12,Dec,2022Q4,Fear,27.142857142857142,25.433333333333334,-1.1428571428571423,181,111,Fear
1670218200,26,Fear,2022-12-05,2022-12-05 05:30:00+00:00,2022,12,Dec,2022Q4,Fear,26.857142857142858,25.033333333333335,-0.8571428571428577,181,112,Fear
1670304600,25,Fear,2022-12-06,2022-12-06 05:30:00+00:00,2022,12,Dec,2022Q4,Fear,26.714285714285715,24.533333333333335,-1.7142857142857153,181,113,Fear
1670391000,29,Fear,2022-12-07,2022-12-07 05:30:00+00:00,2022,12,Dec,2022Q4,Fear,26.714285714285715,24.4,2.2857142857142847,181,114,Fear
1670477400,25,Fear,2022-12-08,2022-12-08 05:30:00+00:00,2022,12,Dec,2022Q4,Fear,26.428571428571427,24.2,-1.428571428571427,181,115,Fear
1670563800,26,Fear,2022-12-09,2022-12-09 05:30:00+00:00,2022,12,Dec,2022Q4,Fear,26.285714285714285,24.1,-0.2857142857142847,181,116,Fear
1670650200,27,Fear,2022-12-10,2022-12-10 05:30:00+00:00,2022,12,Dec,2022Q4,Fear,26.285714285714285,24.266666666666666,0.7142857142857153,181,117,Fear
1670736600,26,Fear,2022-12-11,2022-12-11 05:30:00+00:00,2022,12,Dec,2022Q4,Fear,26.285714285714285,24.3,-0.2857142857142847,181,118,Fear
1670823000,27,Fear,2022-12-12,2022-12-12 05:30:00+00:00,2022,12,Dec,2022Q4,Fear,26.428571428571427,24.5,0.571428571428573,181,119,Fear
1670909400,27,Fear,2022-12-13,2022-12-13 05:30:00+00:00,2022,12,Dec,2022Q4,Fear,26.714285714285715,24.666666666666668,0.2857142857142847,181,120,Fear
1670995800,30,Fear,2022-12-14,2022-12-14 05:30:00+00:00,2022,12,Dec,2022Q4,Fear,26.857142857142858,24.866666666666667,3.1428571428571423,181,121,Fear
1671082200,31,Fear,2022-12-15,2022-12-15 05:30:00+00:00,2022,12,Dec,2022Q4,Fear,27.714285714285715,25.166666666666668,3.2857142857142847,181,122,Fear
1671168600,29,Fear,2022-12-16,2022-12-16 05:30:00+00:00,2022,12,Dec,2022Q4,Fear,28.142857142857142,25.366666666666667,0.8571428571428577,181,123,Fear
1671255000,28,Fear,2022-12-17,2022-12-17 05:30:00+00:00,2022,12,Dec,2022Q4,Fear,28.285714285714285,25.633333333333333,-0.2857142857142847,181,124,Fear
1671341400,26,Fear,2022-12-18,2022-12-18 05:30:00+00:00,2022,12,Dec,2022Q4,Fear,28.285714285714285,25.733333333333334,-2.2857142857142847,181,125,Fear
1671427800,29,Fear,2022-12-19,2022-12-19 05:30:00+00:00,2022,12,Dec,2022Q4,Fear,28.571428571428573,25.933333333333334,0.42857142857142705,181,126,Fear
1671514200,29,Fear,2022-12-20,2022-12-20 05:30:00+00:00,2022,12,Dec,2022Q4,Fear,28.857142857142858,26.1,0.14285714285714235,181,127,Fear
1671600600,26,Fear,2022-12-21,2022-12-21 05:30:00+00:00,2022,12,Dec,2022Q4,Fear,28.285714285714285,26.266666666666666,-2.2857142857142847,181,128,Fear
1671687000,28,Fear,2022-12-22,2022-12-22 05:30:00+00:00,2022,12,Dec,2022Q4,Fear,27.857142857142858,26.466666666666665,0.14285714285714235,181,129,Fear
1671773400,27,Fear,2022-12-23,2022-12-23 05:30:00+00:00,2022,12,Dec,2022Q4,Fear,27.571428571428573,26.633333333333333,-0.571428571428573,181,130,Fear
1671859800,29,Fear,2022-12-24,2022-12-24 05:30:00+00:00,2022,12,Dec,2022Q4,Fear,27.714285714285715,26.933333333333334,1.2857142857142847,181,131,Fear
1671946200,29,Fear,2022-12-25,2022-12-25 05:30:00+00:00,2022,12,Dec,2022Q4,Fear,28.142857142857142,27.233333333333334,0.8571428571428577,181,132,Fear
1672032600,28,Fear,2022-12-26,2022-12-26 05:30:00+00:00,2022,12,Dec,2022Q4,Fear,28.0,27.433333333333334,0.0,181,133,Fear
1672119000,27,Fear,2022-12-27,2022-12-27 05:30:00+00:00,2022,12,Dec,2022Q4,Fear,27.714285714285715,27.466666666666665,-0.7142857142857153,181,134,Fear
1672205400,28,Fear,2022-12-28,2022-12-28 05:30:00+00:00,2022,12,Dec,2022Q4,Fear,28.0,27.466666666666665,0.0,181,135,Fear
1672291800,28,Fear,2022-12-29,2022-12-29 05:30:00+00:00,2022,12,Dec,2022Q4,Fear,28.0,27.533333333333335,0.0,181,136,Fear
1672378200,28,Fear,2022-12-30,2022-12-30 05:30:00+00:00,2022,12,Dec,2022Q4,Fear,28.142857142857142,27.5,-0.14285714285714235,181,137,Fear
1672464600,25,Fear,2022-12-31,2022-12-31 05:30:00+00:00,2022,12,Dec,2022Q4,Fear,27.571428571428573,27.433333333333334,-2.571428571428573,181,138,Fear
1672551000,26,Fear,2023-01-01,2023-01-01 05:30:00+00:00,2023,1,Jan,2023Q1,Fear,27.142857142857142,27.4,-1.1428571428571423,181,139,Fear
1672637400,27,Fear,2023-01-02,2023-01-02 05:30:00+00:00,2023,1,Jan,2023Q1,Fear,27.0,27.4,0.0,181,140,Fear
1672723800,26,Fear,2023-01-03,2023-01-03 05:30:00+00:00,2023,1,Jan,2023Q1,Fear,26.857142857142858,27.4,-0.8571428571428577,181,141,Fear
1672810200,29,Fear,2023-01-04,2023-01-04 05:30:00+00:00,2023,1,Jan,2023Q1,Fear,27.0,27.5,2.0,181,142,Fear
1672896600,29,Fear,2023-01-05,2023-01-05 05:30:00+00:00,2023,1,Jan,2023Q1,Fear,27.142857142857142,27.633333333333333,1.8571428571428577,181,143,Fear
1672983000,26,Fear,2023-01-06,2023-01-06 05:30:00+00:00,2023,1,Jan,2023Q1,Fear,26.857142857142858,27.533333333333335,-0.8571428571428577,181,144,Fear
1673069400,25,Fear,2023-01-07,2023-01-07 05:30:00+00:00,2023,1,Jan,2023Q1,Fear,26.857142857142858,27.533333333333335,-1.8571428571428577,181,145,Fear
1673155800,25,Fear,2023-01-08,2023-01-08 05:30:00+00:00,2023,1,Jan,2023Q1,Fear,26.714285714285715,27.5,-1.7142857142857153,181,146,Fear
1673242200,25,Fear,2023-01-09,2023-01-09 05:30:00+00:00,2023,1,Jan,2023Q1,Fear,26.428571428571427,27.433333333333334,-1.428571428571427,181,147,Fear
1673328600,26,Fear,2023-01-10,2023-01-10 05:30:00+00:00,2023,1,Jan,2023Q1,Fear,26.428571428571427,27.433333333333334,-0.42857142857142705,181,148,Fear
1673415000,26,Fear,2023-01-11,2023-01-11 05:30:00+00:00,2023,1,Jan,2023Q1,Fear,26.0,27.4,0.0,181,149,Fear
1673501400,30,Fear,2023-01-12,2023-01-12 05:30:00+00:00,2023,1,Jan,2023Q1,Fear,26.142857142857142,27.5,3.8571428571428577,181,150,Fear
1673587800,31,Fear,2023-01-13,2023-01-13 05:30:00+00:00,2023,1,Jan,2023Q1,Fear,26.857142857142858,27.533333333333335,4.142857142857142,181,151,Neutral
1673674200,46,Neutral,2023-01-14,2023-01-14 05:30:00+00:00,2023,1,Jan,2023Q1,Neutral,29.857142857142858,28.033333333333335,16.142857142857142,182,1,Neutral
1673760600,52,Neutral,2023-01-15,2023-01-15 05:30:00+00:00,2023,1,Jan,2023Q1,Neutral,33.714285714285715,28.8,18.285714285714285,182,2,Neutral
1673847000,45,Neutral,2023-01-16,2023-01-16 05:30:00+00:00,2023,1,Jan,2023Q1,Neutral,36.57142857142857,29.366666666666667,8.42857142857143,182,3,Neutral
1673933400,51,Neutral,2023-01-17,2023-01-17 05:30:00+00:00,2023,1,Jan,2023Q1,Neutral,40.142857142857146,30.2,10.857142857142854,182,4,Neutral
1674019800,52,Neutral,2023-01-18,2023-01-18 05:30:00+00:00,2023,1,Jan,2023Q1,Neutral,43.857142857142854,30.966666666666665,8.142857142857146,182,5,Neutral
1674106200,45,Neutral,2023-01-19,2023-01-19 05:30:00+00:00,2023,1,Jan,2023Q1,Neutral,46.0,31.5,-1.0,182,6,Neutral
1674192600,51,Neutral,2023-01-20,2023-01-20 05:30:00+00:00,2023,1,Jan,2023Q1,Neutral,48.857142857142854,32.333333333333336,2.142857142857146,182,7,Neutral
1674279000,53,Neutral,2023-01-21,2023-01-21 05:30:00+00:00,2023,1,Jan,2023Q1,Neutral,49.857142857142854,33.166666666666664,3.142857142857146,182,8,Neutral
1674365400,53,Neutral,2023-01-22,2023-01-22 05:30:00+00:00,2023,1,Jan,2023Q1,Neutral,50.0,34.03333333333333,3.0,182,9,Neutral
1674451800,50,Neutral,2023-01-23,2023-01-23 05:30:00+00:00,2023,1,Jan,2023Q1,Neutral,50.714285714285715,34.733333333333334,-0.7142857142857153,182,10,Neutral
1674538200,52,Neutral,2023-01-24,2023-01-24 05:30:00+00:00,2023,1,Jan,2023Q1,Neutral,50.857142857142854,35.5,1.142857142857146,182,11,Neutral
1674624600,51,Neutral,2023-01-25,2023-01-25 05:30:00+00:00,2023,1,Jan,2023Q1,Neutral,50.714285714285715,36.266666666666666,0.2857142857142847,182,12,Neutral
1674711000,54,Neutral,2023-01-26,2023-01-26 05:30:00+00:00,2023,1,Jan,2023Q1,Neutral,52.0,37.166666666666664,2.0,182,13,Greed
1674797400,55,Greed,2023-01-27,2023-01-27 05:30:00+00:00,2023,1,Jan,2023Q1,Greed,52.57142857142857,38.06666666666667,2.4285714285714306,183,1,Neutral
1674883800,52,Neutral,2023-01-28,2023-01-28 05:30:00+00:00,2023,1,Jan,2023Q1,Neutral,52.42857142857143,38.86666666666667,-0.4285714285714306,184,1,Greed
1674970200,55,Greed,2023-01-29,2023-01-29 05:30:00+00:00,2023,1,Jan,2023Q1,Greed,52.714285714285715,39.766666666666666,2.2857142857142847,185,1,Greed
1675056600,61,Greed,2023-01-30,2023-01-30 05:30:00+00:00,2023,1,Jan,2023Q1,Greed,54.285714285714285,40.96666666666667,6.714285714285715,185,2,Neutral
1675143000,51,Neutral,2023-01-31,2023-01-31 05:30:00+00:00,2023,1,Jan,2023Q1,Neutral,54.142857142857146,41.8,-3.142857142857146,186,1,Greed
1675229400,56,Greed,2023-02-01,2023-02-01 05:30:00+00:00,2023,2,Feb,2023Q1,Greed,54.857142857142854,42.766666666666666,1.142857142857146,187,1,Greed
1675315800,60,Greed,2023-02-02,2023-02-02 05:30:00+00:00,2023,2,Feb,2023Q1,Greed,55.714285714285715,43.9,4.285714285714285,187,2,Greed
1675402200,60,Greed,2023-02-03,2023-02-03 05:30:00+00:00,2023,2,Feb,2023Q1,Greed,56.42857142857143,44.93333333333333,3.5714285714285694,187,3,Greed
1675488600,58,Greed,2023-02-04,2023-02-04 05:30:00+00:00,2023,2,Feb,2023Q1,Greed,57.285714285714285,45.9,0.7142857142857153,187,4,Greed
1675575000,58,Greed,2023-02-05,2023-02-05 05:30:00+00:00,2023,2,Feb,2023Q1,Greed,57.714285714285715,46.96666666666667,0.2857142857142847,187,5,Greed
1675661400,56,Greed,2023-02-06,2023-02-06 05:30:00+00:00,2023,2,Feb,2023Q1,Greed,57.0,48.0,-1.0,187,6,Neutral
1675747800,54,Neutral,2023-02-07,2023-02-07 05:30:00+00:00,2023,2,Feb,2023Q1,Neutral,57.42857142857143,48.96666666666667,-3.4285714285714306,188,1,Greed
1675834200,58,Greed,2023-02-08,2023-02-08 05:30:00+00:00,2023,2,Feb,2023Q1,Greed,57.714285714285715,50.06666666666667,0.2857142857142847,189,1,Greed
1675920600,55,Greed,2023-02-09,2023-02-09 05:30:00+00:00,2023,2,Feb,2023Q1,Greed,57.0,51.03333333333333,-2.0,189,2,Neutral
1676007000,48,Neutral,2023-02-10,2023-02-10 05:30:00+00:00,2023,2,Feb,2023Q1,Neutral,55.285714285714285,51.766666666666666,-7.285714285714285,190,1,Neutral
1676093400,49,Neutral,2023-02-11,2023-02-11 05:30:00+00:00,2023,2,Feb,2023Q1,Neutral,54.0,52.4,-5.0,190,2,Neutral
1676179800,50,Neutral,2023-02-12,2023-02-12 05:30:00+00:00,2023,2,Feb,2023Q1,Neutral,52.857142857142854,53.03333333333333,-2.857142857142854,190,3,Neutral
1676266200,48,Neutral,2023-02-13,2023-02-13 05:30:00+00:00,2023,2,Feb,2023Q1,Neutral,51.714285714285715,53.1,-3.7142857142857153,190,4,Neutral
1676352600,50,Neutral,2023-02-14,2023-02-14 05:30:00+00:00,2023,2,Feb,2023Q1,Neutral,51.142857142857146,53.03333333333333,-1.142857142857146,190,5,Neutral
1676439000,53,Neutral,2023-02-15,2023-02-15 05:30:00+00:00,2023,2,Feb,2023Q1,Neutral,50.42857142857143,53.3,2.5714285714285694,190,6,Greed
1676525400,62,Greed,2023-02-16,2023-02-16 05:30:00+00:00,2023,2,Feb,2023Q1,Greed,51.42857142857143,53.666666666666664,10.57142857142857,191,1,Greed
1676611800,61,Greed,2023-02-17,2023-02-17 05:30:00+00:00,2023,2,Feb,2023Q1,Greed,53.285714285714285,53.96666666666667,7.714285714285715,191,2,Greed
1676698200,60,Greed,2023-02-18,2023-02-18 05:30:00+00:00,2023,2,Feb,2023Q1,Greed,54.857142857142854,54.46666666666667,5.142857142857146,191,3,Greed
1676784600,60,Greed,2023-02-19,2023-02-19 05:30:00+00:00,2023,2,Feb,2023Q1,Greed,56.285714285714285,54.766666666666666,3.7142857142857153,191,4,Greed
1676871000,58,Greed,2023-02-20,2023-02-20 05:30:00+00:00,2023,2,Feb,2023Q1,Greed,57.714285714285715,54.93333333333333,0.2857142857142847,191,5,Greed
1676957400,60,Greed,2023-02-21,2023-02-21 05:30:00+00:00,2023,2,Feb,2023Q1,Greed,59.142857142857146,55.166666666666664,0.8571428571428541,191,6,Greed
1677043800,59,Greed,2023-02-22,2023-02-22 05:30:00+00:00,2023,2,Feb,2023Q1,Greed,60.0,55.46666666666667,-1.0,191,7,Greed
1677130200,56,Greed,2023-02-23,2023-02-23 05:30:00+00:00,2023,2,Feb,2023Q1,Greed,59.142857142857146,55.6,-3.142857142857146,191,8,Neutral
1677216600,53,Neutral,2023-02-24,2023-02-24 05:30:00+00:00,2023,2,Feb,2023Q1,Neutral,58.0,55.666666666666664,-5.0,192,1,Neutral
1677303000,52,Neutral,2023-02-25,2023-02-25 05:30:00+00:00,2023,2,Feb,2023Q1,Neutral,56.857142857142854,55.6,-4.857142857142854,192,2,Neutral
1677389400,51,Neutral,2023-02-26,2023-02-26 05:30:00+00:00,2023,2,Feb,2023Q1,Neutral,55.57142857142857,55.46666666666667,-4.571428571428569,192,3,Neutral
1677475800,50,Neutral,2023-02-27,2023-02-27 05:30:00+00:00,2023,2,Feb,2023Q1,Neutral,54.42857142857143,55.4,-4.428571428571431,192,4,Neutral
1677562200,53,Neutral,2023-02-28,2023-02-28 05:30:00+00:00,2023,2,Feb,2023Q1,Neutral,53.42857142857143,55.333333333333336,-0.4285714285714306,192,5,Neutral
1677648600,50,Neutral,2023-03-01,2023-03-01 05:30:00+00:00,2023,3,Mar,2023Q1,Neutral,52.142857142857146,54.96666666666667,-2.142857142857146,192,6,Neutral
1677735000,51,Neutral,2023-03-02,2023-03-02 05:30:00+00:00,2023,3,Mar,2023Q1,Neutral,51.42857142857143,54.96666666666667,-0.4285714285714306,192,7,Neutral
1677821400,50,Neutral,2023-03-03,2023-03-03 05:30:00+00:00,2023,3,Mar,2023Q1,Neutral,51.0,54.766666666666666,-1.0,192,8,Neutral
1677907800,50,Neutral,2023-03-04,2023-03-04 05:30:00+00:00,2023,3,Mar,2023Q1,Neutral,50.714285714285715,54.43333333333333,-0.7142857142857153,192,9,Neutral
1677994200,47,Neutral,2023-03-05,2023-03-05 05:30:00+00:00,2023,3,Mar,2023Q1,Neutral,50.142857142857146,54.0,-3.142857142857146,192,10,Neutral
1678080600,48,Neutral,2023-03-06,2023-03-06 05:30:00+00:00,2023,3,Mar,2023Q1,Neutral,49.857142857142854,53.666666666666664,-1.857142857142854,192,11,Neutral
1678167000,49,Neutral,2023-03-07,2023-03-07 05:30:00+00:00,2023,3,Mar,2023Q1,Neutral,49.285714285714285,53.36666666666667,-0.2857142857142847,192,12,Neutral
1678253400,50,Neutral,2023-03-08,2023-03-08 05:30:00+00:00,2023,3,Mar,2023Q1,Neutral,49.285714285714285,53.166666666666664,0.7142857142857153,192,13,Fear
1678339800,44,Fear,2023-03-09,2023-03-09 05:30:00+00:00,2023,3,Mar,2023Q1,Fear,48.285714285714285,52.833333333333336,-4.285714285714285,193,1,Fear
1678426200,34,Fear,2023-03-10,2023-03-10 05:30:00+00:00,2023,3,Mar,2023Q1,Fear,46.0,52.03333333333333,-12.0,193,2,Fear
1678512600,33,Fear,2023-03-11,2023-03-11 05:30:00+00:00,2023,3,Mar,2023Q1,Fear,43.57142857142857,51.3,-10.57142857142857,193,3,Fear
1678599000,33,Fear,2023-03-12,2023-03-12 05:30:00+00:00,2023,3,Mar,2023Q1,Fear,41.57142857142857,50.8,-8.57142857142857,193,4,Neutral
1678685400,49,Neutral,2023-03-13,2023-03-13 05:30:00+00:00,2023,3,Mar,2023Q1,Neutral,41.714285714285715,50.8,7.285714285714285,194,1,Greed
1678771800,56,Greed,2023-03-14,2023-03-14 05:30:00+00:00,2023,3,Mar,2023Q1,Greed,42.714285714285715,51.0,13.285714285714285,195,1,Neutral
1678858200,50,Neutral,2023-03-15,2023-03-15 05:30:00+00:00,2023,3,Mar,2023Q1,Neutral,42.714285714285715,51.06666666666667,7.285714285714285,196,1,Neutral
1678944600,52,Neutral,2023-03-16,2023-03-16 05:30:00+00:00,2023,3,Mar,2023Q1,Neutral,43.857142857142854,51.13333333333333,8.142857142857146,196,2,Neutral
1679031000,51,Neutral,2023-03-17,2023-03-17 05:30:00+00:00,2023,3,Mar,2023Q1,Neutral,46.285714285714285,51.06666666666667,4.714285714285715,196,3,Greed
1679117400,64,Greed,2023-03-18,2023-03-18 05:30:00+00:00,2023,3,Mar,2023Q1,Greed,50.714285714285715,51.13333333333333,13.285714285714285,197,1,Greed
1679203800,63,Greed,2023-03-19,2023-03-19 05:30:00+00:00,2023,3,Mar,2023Q1,Greed,55.0,51.2,8.0,197,2,Greed
1679290200,66,Greed,2023-03-20,2023-03-20 05:30:00+00:00,2023,3,Mar,2023Q1,Greed,57.42857142857143,51.4,8.57142857142857,197,3,Greed
1679376600,68,Greed,2023-03-21,2023-03-21 05:30:00+00:00,2023,3,Mar,2023Q1,Greed,59.142857142857146,51.666666666666664,8.857142857142854,197,4,Greed
1679463000,62,Greed,2023-03-22,2023-03-22 05:30:00+00:00,2023,3,Mar,2023Q1,Greed,60.857142857142854,51.8,1.142857142857146,197,5,Greed
1679549400,57,Greed,2023-03-23,2023-03-23 05:30:00+00:00,2023,3,Mar,2023Q1,Greed,61.57142857142857,51.7,-4.571428571428569,197,6,Greed
1679635800,61,Greed,2023-03-24,2023-03-24 05:30:00+00:00,2023,3,Mar,2023Q1,Greed,63.0,51.766666666666666,-2.0,197,7,Greed
1679722200,64,Greed,2023-03-25,2023-03-25 05:30:00+00:00,2023,3,Mar,2023Q1,Greed,63.0,52.03333333333333,1.0,197,8,Greed
1679808600,64,Greed,2023-03-26,2023-03-26 05:30:00+00:00,2023,3,Mar,2023Q1,Greed,63.142857142857146,52.4,0.8571428571428541,197,9,Greed
1679895000,64,Greed,2023-03-27,2023-03-27 05:30:00+00:00,2023,3,Mar,2023Q1,Greed,62.857142857142854,52.8,1.142857142857146,197,10,Greed
1679981400,59,Greed,2023-03-28,2023-03-28 05:30:00+00:00,2023,3,Mar,2023Q1,Greed,61.57142857142857,53.06666666666667,-2.5714285714285694,197,11,Greed
1680067800,57,Greed,2023-03-29,2023-03-29 05:30:00+00:00,2023,3,Mar,2023Q1,Greed,60.857142857142854,53.3,-3.857142857142854,197,12,Greed
1680154200,60,Greed,2023-03-30,2023-03-30 05:30:00+00:00,2023,3,Mar,2023Q1,Greed,61.285714285714285,53.53333333333333,-1.2857142857142847,197,13,Greed
1680240600,63,Greed,2023-03-31,2023-03-31 05:30:00+00:00,2023,3,Mar,2023Q1,Greed,61.57142857142857,53.96666666666667,1.4285714285714306,197,14,Greed
1680327000,61,Greed,2023-04-01,2023-04-01 05:30:00+00:00,2023,4,Apr,2023Q2,Greed,61.142857142857146,54.3,-0.1428571428571459,197,15,Greed
1680413400,63,Greed,2023-04-02,2023-04-02 05:30:00+00:00,2023,4,Apr,2023Q2,Greed,61.0,54.733333333333334,2.0,197,16,Greed
1680499800,63,Greed,2023-04-03,2023-04-03 05:30:00+00:00,2023,4,Apr,2023Q2,Greed,60.857142857142854,55.166666666666664,2.142857142857146,197,17,Greed
1680586200,62,Greed,2023-04-04,2023-04-04 05:30:00+00:00,2023,4,Apr,2023Q2,Greed,61.285714285714285,55.666666666666664,0.7142857142857153,197,18,Greed
1680672600,62,Greed,2023-04-05,2023-04-05 05:30:00+00:00,2023,4,Apr,2023Q2,Greed,62.0,56.13333333333333,0.0,197,19,Greed
1680759000,63,Greed,2023-04-06,2023-04-06 05:30:00+00:00,2023,4,Apr,2023Q2,Greed,62.42857142857143,56.6,0.5714285714285694,197,20,Greed
1680845400,64,Greed,2023-04-07,2023-04-07 05:30:00+00:00,2023,4,Apr,2023Q2,Greed,62.57142857142857,57.06666666666667,1.4285714285714306,197,21,Greed
1680931800,61,Greed,2023-04-08,2023-04-08 05:30:00+00:00,2023,4,Apr,2023Q2,Greed,62.57142857142857,57.63333333333333,-1.5714285714285694,197,22,Greed
1681018200,61,Greed,2023-04-09,2023-04-09 05:30:00+00:00,2023,4,Apr,2023Q2,Greed,62.285714285714285,58.53333333333333,-1.2857142857142847,197,23,Greed
1681104600,62,Greed,2023-04-10,2023-04-10 05:30:00+00:00,2023,4,Apr,2023Q2,Greed,62.142857142857146,59.5,-0.1428571428571459,197,24,Greed
1681191000,68,Greed,2023-04-11,2023-04-11 05:30:00+00:00,2023,4,Apr,2023Q2,Greed,63.0,60.666666666666664,5.0,197,25,Greed
1681277400,65,Greed,2023-04-12,2023-04-12 05:30:00+00:00,2023,4,Apr,2023Q2,Greed,63.42857142857143,61.2,1.5714285714285694,197,26,Greed
1681363800,61,Greed,2023-04-13,2023-04-13 05:30:00+00:00,2023,4,Apr,2023Q2,Greed,63.142857142857146,61.36666666666667,-2.142857142857146,197,27,Greed
1681450200,68,Greed,2023-04-14,2023-04-14 05:30:00+00:00,2023,4,Apr,2023Q2,Greed,63.714285714285715,61.96666666666667,4.285714285714285,197,28,Greed
1681536600,68,Greed,2023-04-15,2023-04-15 05:30:00+00:00,2023,4,Apr,2023Q2,Greed,64.71428571428571,62.5,3.285714285714292,197,29,Greed
1681623000,68,Greed,2023-04-16,2023-04-16 05:30:00+00:00,2023,4,Apr,2023Q2,Greed,65.71428571428571,63.06666666666667,2.285714285714292,197,30,Greed
1681709400,69,Greed,2023-04-17,2023-04-17 05:30:00+00:00,2023,4,Apr,2023Q2,Greed,66.71428571428571,63.233333333333334,2.285714285714292,197,31,Greed
1681795800,58,Greed,2023-04-18,2023-04-18 05:30:00+00:00,2023,4,Apr,2023Q2,Greed,65.28571428571429,63.06666666666667,-7.285714285714292,197,32,Greed
1681882200,63,Greed,2023-04-19,2023-04-19 05:30:00+00:00,2023,4,Apr,2023Q2,Greed,65.0,62.96666666666667,-2.0,197,33,Neutral
1681968600,52,Neutral,2023-04-20,2023-04-20 05:30:00+00:00,2023,4,Apr,2023Q2,Neutral,63.714285714285715,62.43333333333333,-11.714285714285715,198,1,Neutral
1682055000,50,Neutral,2023-04-21,2023-04-21 05:30:00+00:00,2023,4,Apr,2023Q2,Neutral,61.142857142857146,62.03333333333333,-11.142857142857146,198,2,Neutral
1682141400,53,Neutral,2023-04-22,2023-04-22 05:30:00+00:00,2023,4,Apr,2023Q2,Neutral,59.0,61.9,-6.0,198,3,Greed
1682227800,56,Greed,2023-04-23,2023-04-23 05:30:00+00:00,2023,4,Apr,2023Q2,Greed,57.285714285714285,61.733333333333334,-1.2857142857142847,199,1,Neutral
1682314200,53,Neutral,2023-04-24,2023-04-24 05:30:00+00:00,2023,4,Apr,2023Q2,Neutral,55.0,61.36666666666667,-2.0,200,1,Neutral
1682400600,53,Neutral,2023-04-25,2023-04-25 05:30:00+00:00,2023,4,Apr,2023Q2,Neutral,54.285714285714285,61.0,-1.2857142857142847,200,2,Greed
1682487000,56,Greed,2023-04-26,2023-04-26 05:30:00+00:00,2023,4,Apr,2023Q2,Greed,53.285714285714285,60.733333333333334,2.7142857142857153,201,1,Greed
1682573400,59,Greed,2023-04-27,2023-04-27 05:30:00+00:00,2023,4,Apr,2023Q2,Greed,54.285714285714285,60.733333333333334,4.714285714285715,201,2,Greed
1682659800,64,Greed,2023-04-28,2023-04-28 05:30:00+00:00,2023,4,Apr,2023Q2,Greed,56.285714285714285,60.96666666666667,7.714285714285715,201,3,Greed
1682746200,64,Greed,2023-04-29,2023-04-29 05:30:00+00:00,2023,4,Apr,2023Q2,Greed,57.857142857142854,61.1,6.142857142857146,201,4,Greed
1682832600,60,Greed,2023-04-30,2023-04-30 05:30:00+00:00,2023,4,Apr,2023Q2,Greed,58.42857142857143,61.0,1.5714285714285694,201,5,Greed
1682919000,63,Greed,2023-05-01,2023-05-01 05:30:00+00:00,2023,5,May,2023Q2,Greed,59.857142857142854,61.06666666666667,3.142857142857146,201,6,Greed
1683005400,55,Greed,2023-05-02,2023-05-02 05:30:00+00:00,2023,5,May,2023Q2,Greed,60.142857142857146,60.8,-5.142857142857146,201,7,Greed
1683091800,64,Greed,2023-05-03,2023-05-03 05:30:00+00:00,2023,5,May,2023Q2,Greed,61.285714285714285,60.833333333333336,2.7142857142857153,201,8,Greed
1683178200,64,Greed,2023-05-04,2023-05-04 05:30:00+00:00,2023,5,May,2023Q2,Greed,62.0,60.9,2.0,201,9,Greed
1683264600,61,Greed,2023-05-05,2023-05-05 05:30:00+00:00,2023,5,May,2023Q2,Greed,61.57142857142857,60.86666666666667,-0.5714285714285694,201,10,Greed
1683351000,60,Greed,2023-05-06,2023-05-06 05:30:00+00:00,2023,5,May,2023Q2,Greed,61.0,60.766666666666666,-1.0,201,11,Greed
1683437400,64,Greed,2023-05-07,2023-05-07 05:30:00+00:00,2023,5,May,2023Q2,Greed,61.57142857142857,60.766666666666666,2.4285714285714306,201,12,Greed
1683523800,60,Greed,2023-05-08,2023-05-08 05:30:00+00:00,2023,5,May,2023Q2,Greed,61.142857142857146,60.733333333333334,-1.142857142857146,201,13,Neutral
1683610200,51,Neutral,2023-05-09,2023-05-09 05:30:00+00:00,2023,5,May,2023Q2,Neutral,60.57142857142857,60.4,-9.57142857142857,202,1,Neutral
1683696600,52,Neutral,2023-05-10,2023-05-10 05:30:00+00:00,2023,5,May,2023Q2,Neutral,58.857142857142854,60.06666666666667,-6.857142857142854,202,2,Neutral
1683783000,52,Neutral,2023-05-11,2023-05-11 05:30:00+00:00,2023,5,May,2023Q2,Neutral,57.142857142857146,59.53333333333333,-5.142857142857146,202,3,Neutral
1683869400,49,Neutral,2023-05-12,2023-05-12 05:30:00+00:00,2023,5,May,2023Q2,Neutral,55.42857142857143,59.0,-6.428571428571431,202,4,Neutral
1683955800,48,Neutral,2023-05-13,2023-05-13 05:30:00+00:00,2023,5,May,2023Q2,Neutral,53.714285714285715,58.56666666666667,-5.714285714285715,202,5,Neutral
1684042200,48,Neutral,2023-05-14,2023-05-14 05:30:00+00:00,2023,5,May,2023Q2,Neutral,51.42857142857143,57.9,-3.4285714285714306,202,6,Neutral
1684128600,50,Neutral,2023-05-15,2023-05-15 05:30:00+00:00,2023,5,May,2023Q2,Neutral,50.0,57.3,0.0,202,7,Neutral
1684215000,54,Neutral,2023-05-16,2023-05-16 05:30:00+00:00,2023,5,May,2023Q2,Neutral,50.42857142857143,56.833333333333336,3.5714285714285694,202,8,Neutral
1684301400,50,Neutral,2023-05-17,2023-05-17 05:30:00+00:00,2023,5,May,2023Q2,Neutral,50.142857142857146,56.2,-0.1428571428571459,202,9,Neutral
1684387800,51,Neutral,2023-05-18,2023-05-18 05:30:00+00:00,2023,5,May,2023Q2,Neutral,50.0,55.96666666666667,1.0,202,10,Neutral
1684474200,48,Neutral,2023-05-19,2023-05-19 05:30:00+00:00,2023,5,May,2023Q2,Neutral,49.857142857142854,55.46666666666667,-1.857142857142854,202,11,Neutral
1684560600,48,Neutral,2023-05-20,2023-05-20 05:30:00+00:00,2023,5,May,2023Q2,Neutral,49.857142857142854,55.333333333333336,-1.857142857142854,202,12,Neutral
1684647000,52,Neutral,2023-05-21,2023-05-21 05:30:00+00:00,2023,5,May,2023Q2,Neutral,50.42857142857143,55.4,1.5714285714285694,202,13,Neutral
1684733400,49,Neutral,2023-05-22,2023-05-22 05:30:00+00:00,2023,5,May,2023Q2,Neutral,50.285714285714285,55.266666666666666,-1.2857142857142847,202,14,Neutral
1684819800,50,Neutral,2023-05-23,2023-05-23 05:30:00+00:00,2023,5,May,2023Q2,Neutral,49.714285714285715,55.06666666666667,0.2857142857142847,202,15,Neutral
1684906200,50,Neutral,2023-05-24,2023-05-24 05:30:00+00:00,2023,5,May,2023Q2,Neutral,49.714285714285715,54.96666666666667,0.2857142857142847,202,16,Neutral
1684992600,51,Neutral,2023-05-25,2023-05-25 05:30:00+00:00,2023,5,May,2023Q2,Neutral,49.714285714285715,54.9,1.2857142857142847,202,17,Neutral
1685079000,49,Neutral,2023-05-26,2023-05-26 05:30:00+00:00,2023,5,May,2023Q2,Neutral,49.857142857142854,54.666666666666664,-0.8571428571428541,202,18,Neutral
1685165400,48,Neutral,2023-05-27,2023-05-27 05:30:00+00:00,2023,5,May,2023Q2,Neutral,49.857142857142854,54.3,-1.857142857142854,202,19,Neutral
1685251800,50,Neutral,2023-05-28,2023-05-28 05:30:00+00:00,2023,5,May,2023Q2,Neutral,49.57142857142857,53.833333333333336,0.4285714285714306,202,20,Neutral
1685338200,52,Neutral,2023-05-29,2023-05-29 05:30:00+00:00,2023,5,May,2023Q2,Neutral,50.0,53.43333333333333,2.0,202,21,Neutral
1685424600,51,Neutral,2023-05-30,2023-05-30 05:30:00+00:00,2023,5,May,2023Q2,Neutral,50.142857142857146,53.13333333333333,0.8571428571428541,202,22,Neutral
1685511000,51,Neutral,2023-05-31,2023-05-31 05:30:00+00:00,2023,5,May,2023Q2,Neutral,50.285714285714285,52.733333333333334,0.7142857142857153,202,23,Neutral
1685597400,52,Neutral,2023-06-01,2023-06-01 05:30:00+00:00,2023,6,Jun,2023Q2,Neutral,50.42857142857143,52.63333333333333,1.5714285714285694,202,24,Neutral
1685683800,50,Neutral,2023-06-02,2023-06-02 05:30:00+00:00,2023,6,Jun,2023Q2,Neutral,50.57142857142857,52.166666666666664,-0.5714285714285694,202,25,Neutral
1685770200,53,Neutral,2023-06-03,2023-06-03 05:30:00+00:00,2023,6,Jun,2023Q2,Neutral,51.285714285714285,51.8,1.7142857142857153,202,26,Neutral
1685856600,52,Neutral,2023-06-04,2023-06-04 05:30:00+00:00,2023,6,Jun,2023Q2,Neutral,51.57142857142857,51.5,0.4285714285714306,202,27,Neutral
1685943000,53,Neutral,2023-06-05,2023-06-05 05:30:00+00:00,2023,6,Jun,2023Q2,Neutral,51.714285714285715,51.266666666666666,1.2857142857142847,202,28,Fear
1686029400,44,Fear,2023-06-06,2023-06-06 05:30:00+00:00,2023,6,Jun,2023Q2,Fear,50.714285714285715,50.6,-6.714285714285715,203,1,Neutral
1686115800,53,Neutral,2023-06-07,2023-06-07 05:30:00+00:00,2023,6,Jun,2023Q2,Neutral,51.0,50.36666666666667,2.0,204,1,Neutral
1686202200,50,Neutral,2023-06-08,2023-06-08 05:30:00+00:00,2023,6,Jun,2023Q2,Neutral,50.714285714285715,50.333333333333336,-0.7142857142857153,204,2,Neutral
1686288600,50,Neutral,2023-06-09,2023-06-09 05:30:00+00:00,2023,6,Jun,2023Q2,Neutral,50.714285714285715,50.266666666666666,-0.7142857142857153,204,3,Neutral
1686375000,49,Neutral,2023-06-10,2023-06-10 05:30:00+00:00,2023,6,Jun,2023Q2,Neutral,50.142857142857146,50.166666666666664,-1.142857142857146,204,4,Neutral
1686461400,47,Neutral,2023-06-11,2023-06-11 05:30:00+00:00,2023,6,Jun,2023Q2,Neutral,49.42857142857143,50.1,-2.4285714285714306,204,5,Neutral
1686547800,47,Neutral,2023-06-12,2023-06-12 05:30:00+00:00,2023,6,Jun,2023Q2,Neutral,48.57142857142857,50.06666666666667,-1.5714285714285694,204,6,Neutral
1686634200,45,Neutral,2023-06-13,2023-06-13 05:30:00+00:00,2023,6,Jun,2023Q2,Neutral,48.714285714285715,49.96666666666667,-3.7142857142857153,204,7,Neutral
1686720600,46,Neutral,2023-06-14,2023-06-14 05:30:00+00:00,2023,6,Jun,2023Q2,Neutral,47.714285714285715,49.833333333333336,-1.7142857142857153,204,8,Fear
1686807000,41,Fear,2023-06-15,2023-06-15 05:30:00+00:00,2023,6,Jun,2023Q2,Fear,46.42857142857143,49.4,-5.428571428571431,205,1,Neutral
1686893400,47,Neutral,2023-06-16,2023-06-16 05:30:00+00:00,2023,6,Jun,2023Q2,Neutral,46.0,49.3,1.0,206,1,Neutral
1686979800,47,Neutral,2023-06-17,2023-06-17 05:30:00+00:00,2023,6,Jun,2023Q2,Neutral,45.714285714285715,49.166666666666664,1.2857142857142847,206,2,Neutral
1687066200,49,Neutral,2023-06-18,2023-06-18 05:30:00+00:00,2023,6,Jun,2023Q2,Neutral,46.0,49.2,3.0,206,3,Neutral
1687152600,47,Neutral,2023-06-19,2023-06-19 05:30:00+00:00,2023,6,Jun,2023Q2,Neutral,46.0,49.166666666666664,1.0,206,4,Neutral
1687239000,49,Neutral,2023-06-20,2023-06-20 05:30:00+00:00,2023,6,Jun,2023Q2,Neutral,46.57142857142857,49.06666666666667,2.4285714285714306,206,5,Greed
1687325400,59,Greed,2023-06-21,2023-06-21 05:30:00+00:00,2023,6,Jun,2023Q2,Greed,48.42857142857143,49.4,10.57142857142857,207,1,Greed
1687411800,65,Greed,2023-06-22,2023-06-22 05:30:00+00:00,2023,6,Jun,2023Q2,Greed,51.857142857142854,49.9,13.142857142857146,207,2,Greed
1687498200,65,Greed,2023-06-23,2023-06-23 05:30:00+00:00,2023,6,Jun,2023Q2,Greed,54.42857142857143,50.4,10.57142857142857,207,3,Greed
1687584600,62,Greed,2023-06-24,2023-06-24 05:30:00+00:00,2023,6,Jun,2023Q2,Greed,56.57142857142857,50.766666666666666,5.428571428571431,207,4,Greed
1687671000,64,Greed,2023-06-25,2023-06-25 05:30:00+00:00,2023,6,Jun,2023Q2,Greed,58.714285714285715,51.266666666666666,5.285714285714285,207,5,Greed
1687757400,55,Greed,2023-06-26,2023-06-26 05:30:00+00:00,2023,6,Jun,2023Q2,Greed,59.857142857142854,51.5,-4.857142857142854,207,6,Greed
1687843800,59,Greed,2023-06-27,2023-06-27 05:30:00+00:00,2023,6,Jun,2023Q2,Greed,61.285714285714285,51.8,-2.2857142857142847,207,7,Greed
1687930200,62,Greed,2023-06-28,2023-06-28 05:30:00+00:00,2023,6,Jun,2023Q2,Greed,61.714285714285715,52.13333333333333,0.2857142857142847,207,8,Neutral
1688016600,54,Neutral,2023-06-29,2023-06-29 05:30:00+00:00,2023,6,Jun,2023Q2,Neutral,60.142857142857146,52.233333333333334,-6.142857142857146,208,1,Greed
1688103000,56,Greed,2023-06-30,2023-06-30 05:30:00+00:00,2023,6,Jun,2023Q2,Greed,58.857142857142854,52.4,-2.857142857142854,209,1,Greed
1688189400,59,Greed,2023-07-01,2023-07-01 05:30:00+00:00,2023,7,Jul,2023Q3,Greed,58.42857142857143,52.63333333333333,0.5714285714285694,209,2,Greed
1688275800,63,Greed,2023-07-02,2023-07-02 05:30:00+00:00,2023,7,Jul,2023Q3,Greed,58.285714285714285,53.06666666666667,4.714285714285715,209,3,Greed
1688362200,62,Greed,2023-07-03,2023-07-03 05:30:00+00:00,2023,7,Jul,2023Q3,Greed,59.285714285714285,53.36666666666667,2.7142857142857153,209,4,Greed
1688448600,64,Greed,2023-07-04,2023-07-04 05:30:00+00:00,2023,7,Jul,2023Q3,Greed,60.0,53.766666666666666,4.0,209,5,Greed
1688535000,61,Greed,2023-07-05,2023-07-05 05:30:00+00:00,2023,7,Jul,2023Q3,Greed,59.857142857142854,54.03333333333333,1.142857142857146,209,6,Greed
1688621400,56,Greed,2023-07-06,2023-07-06 05:30:00+00:00,2023,7,Jul,2023Q3,Greed,60.142857142857146,54.43333333333333,-4.142857142857146,209,7,Greed
1688707800,55,Greed,2023-07-07,2023-07-07 05:30:00+00:00,2023,7,Jul,2023Q3,Greed,60.0,54.5,-5.0,209,8,Greed
1688794200,58,Greed,2023-07-08,2023-07-08 05:30:00+00:00,2023,7,Jul,2023Q3,Greed,59.857142857142854,54.766666666666666,-1.857142857142854,209,9,Greed
1688880600,55,Greed,2023-07-09,2023-07-09 05:30:00+00:00,2023,7,Jul,2023Q3,Greed,58.714285714285715,54.93333333333333,-3.7142857142857153,209,10,Greed
1688967000,56,Greed,2023-07-10,2023-07-10 05:30:00+00:00,2023,7,Jul,2023Q3,Greed,57.857142857142854,55.166666666666664,-1.857142857142854,209,11,Greed
1689053400,57,Greed,2023-07-11,2023-07-11 05:30:00+00:00,2023,7,Jul,2023Q3,Greed,56.857142857142854,55.5,0.1428571428571459,209,12,Greed
1689139800,64,Greed,2023-07-12,2023-07-12 05:30:00+00:00,2023,7,Jul,2023Q3,Greed,57.285714285714285,56.06666666666667,6.714285714285715,209,13,Greed
1689226200,57,Greed,2023-07-13,2023-07-13 05:30:00+00:00,2023,7,Jul,2023Q3,Greed,57.42857142857143,56.46666666666667,-0.4285714285714306,209,14,Greed
1689312600,60,Greed,2023-07-14,2023-07-14 05:30:00+00:00,2023,7,Jul,2023Q3,Greed,58.142857142857146,56.93333333333333,1.857142857142854,209,15,Greed
1689399000,56,Greed,2023-07-15,2023-07-15 05:30:00+00:00,2023,7,Jul,2023Q3,Greed,57.857142857142854,57.43333333333333,-1.857142857142854,209,16,Greed
1689485400,57,Greed,2023-07-16,2023-07-16 05:30:00+00:00,2023,7,Jul,2023Q3,Greed,58.142857142857146,57.766666666666666,-1.142857142857146,209,17,Neutral
1689571800,54,Neutral,2023-07-17,2023-07-17 05:30:00+00:00,2023,7,Jul,2023Q3,Neutral,57.857142857142854,58.0,-3.857142857142854,210,1,Greed
1689658200,56,Greed,2023-07-18,2023-07-18 05:30:00+00:00,2023,7,Jul,2023Q3,Greed,57.714285714285715,58.233333333333334,-1.7142857142857153,211,1,Neutral
1689744600,50,Neutral,2023-07-19,2023-07-19 05:30:00+00:00,2023,7,Jul,2023Q3,Neutral,55.714285714285715,58.333333333333336,-5.714285714285715,212,1,Greed
1689831000,56,Greed,2023-07-20,2023-07-20 05:30:00+00:00,2023,7,Jul,2023Q3,Greed,55.57142857142857,58.56666666666667,0.4285714285714306,213,1,Neutral
1689917400,50,Neutral,2023-07-21,2023-07-21 05:30:00+00:00,2023,7,Jul,2023Q3,Neutral,54.142857142857146,58.266666666666666,-4.142857142857146,214,1,Neutral
1690003800,52,Neutral,2023-07-22,2023-07-22 05:30:00+00:00,2023,7,Jul,2023Q3,Neutral,53.57142857142857,57.833333333333336,-1.5714285714285694,214,2,Neutral
1690090200,54,Neutral,2023-07-23,2023-07-23 05:30:00+00:00,2023,7,Jul,2023Q3,Neutral,53.142857142857146,57.46666666666667,0.8571428571428541,214,3,Greed
1690176600,55,Greed,2023-07-24,2023-07-24 05:30:00+00:00,2023,7,Jul,2023Q3,Greed,53.285714285714285,57.233333333333334,1.7142857142857153,215,1,Neutral
1690263000,50,Neutral,2023-07-25,2023-07-25 05:30:00+00:00,2023,7,Jul,2023Q3,Neutral,52.42857142857143,56.766666666666666,-2.4285714285714306,216,1,Neutral
1690349400,51,Neutral,2023-07-26,2023-07-26 05:30:00+00:00,2023,7,Jul,2023Q3,Neutral,52.57142857142857,56.63333333333333,-1.5714285714285694,216,2,Neutral
1690435800,51,Neutral,2023-07-27,2023-07-27 05:30:00+00:00,2023,7,Jul,2023Q3,Neutral,51.857142857142854,56.36666666666667,-0.8571428571428541,216,3,Neutral
1690522200,52,Neutral,2023-07-28,2023-07-28 05:30:00+00:00,2023,7,Jul,2023Q3,Neutral,52.142857142857146,56.03333333333333,-0.1428571428571459,216,4,Neutral
1690608600,52,Neutral,2023-07-29,2023-07-29 05:30:00+00:00,2023,7,Jul,2023Q3,Neutral,52.142857142857146,55.96666666666667,-0.1428571428571459,216,5,Neutral
1690695000,52,Neutral,2023-07-30,2023-07-30 05:30:00+00:00,2023,7,Jul,2023Q3,Neutral,51.857142857142854,55.833333333333336,0.1428571428571459,216,6,Neutral
1690781400,50,Neutral,2023-07-31,2023-07-31 05:30:00+00:00,2023,7,Jul,2023Q3,Neutral,51.142857142857146,55.53333333333333,-1.142857142857146,216,7,Neutral
1690867800,53,Neutral,2023-08-01,2023-08-01 05:30:00+00:00,2023,8,Aug,2023Q3,Neutral,51.57142857142857,55.2,1.4285714285714306,216,8,Neutral
1690954200,53,Neutral,2023-08-02,2023-08-02 05:30:00+00:00,2023,8,Aug,2023Q3,Neutral,51.857142857142854,54.9,1.142857142857146,216,9,Neutral
1691040600,52,Neutral,2023-08-03,2023-08-03 05:30:00+00:00,2023,8,Aug,2023Q3,Neutral,52.0,54.5,0.0,216,10,Neutral
1691127000,54,Neutral,2023-08-04,2023-08-04 05:30:00+00:00,2023,8,Aug,2023Q3,Neutral,52.285714285714285,54.266666666666666,1.7142857142857153,216,11,Neutral
1691213400,50,Neutral,2023-08-05,2023-08-05 05:30:00+00:00,2023,8,Aug,2023Q3,Neutral,52.0,54.06666666666667,-2.0,216,12,Neutral
1691299800,49,Neutral,2023-08-06,2023-08-06 05:30:00+00:00,2023,8,Aug,2023Q3,Neutral,51.57142857142857,53.86666666666667,-2.5714285714285694,216,13,Neutral
1691386200,49,Neutral,2023-08-07,2023-08-07 05:30:00+00:00,2023,8,Aug,2023Q3,Neutral,51.42857142857143,53.56666666666667,-2.4285714285714306,216,14,Neutral
1691472600,54,Neutral,2023-08-08,2023-08-08 05:30:00+00:00,2023,8,Aug,2023Q3,Neutral,51.57142857142857,53.53333333333333,2.4285714285714306,216,15,Neutral
1691559000,50,Neutral,2023-08-09,2023-08-09 05:30:00+00:00,2023,8,Aug,2023Q3,Neutral,51.142857142857146,53.333333333333336,-1.142857142857146,216,16,Neutral
1691645400,53,Neutral,2023-08-10,2023-08-10 05:30:00+00:00,2023,8,Aug,2023Q3,Neutral,51.285714285714285,53.2,1.7142857142857153,216,17,Neutral
1691731800,51,Neutral,2023-08-11,2023-08-11 05:30:00+00:00,2023,8,Aug,2023Q3,Neutral,50.857142857142854,52.766666666666666,0.1428571428571459,216,18,Neutral
1691818200,54,Neutral,2023-08-12,2023-08-12 05:30:00+00:00,2023,8,Aug,2023Q3,Neutral,51.42857142857143,52.666666666666664,2.5714285714285694,216,19,Neutral
1691904600,54,Neutral,2023-08-13,2023-08-13 05:30:00+00:00,2023,8,Aug,2023Q3,Neutral,52.142857142857146,52.46666666666667,1.857142857142854,216,20,Neutral
1691991000,50,Neutral,2023-08-14,2023-08-14 05:30:00+00:00,2023,8,Aug,2023Q3,Neutral,52.285714285714285,52.266666666666666,-2.2857142857142847,216,21,Neutral
1692077400,53,Neutral,2023-08-15,2023-08-15 05:30:00+00:00,2023,8,Aug,2023Q3,Neutral,52.142857142857146,52.13333333333333,0.8571428571428541,216,22,Neutral
1692163800,52,Neutral,2023-08-16,2023-08-16 05:30:00+00:00,2023,8,Aug,2023Q3,Neutral,52.42857142857143,52.06666666666667,-0.4285714285714306,216,23,Neutral
1692250200,50,Neutral,2023-08-17,2023-08-17 05:30:00+00:00,2023,8,Aug,2023Q3,Neutral,52.0,51.86666666666667,-2.0,216,24,Fear
1692336600,37,Fear,2023-08-18,2023-08-18 05:30:00+00:00,2023,8,Aug,2023Q3,Fear,50.0,51.43333333333333,-13.0,217,1,Fear
1692423000,39,Fear,2023-08-19,2023-08-19 05:30:00+00:00,2023,8,Aug,2023Q3,Fear,47.857142857142854,50.86666666666667,-8.857142857142854,217,2,Fear
1692509400,37,Fear,2023-08-20,2023-08-20 05:30:00+00:00,2023,8,Aug,2023Q3,Fear,45.42857142857143,50.43333333333333,-8.42857142857143,217,3,Fear
1692595800,38,Fear,2023-08-21,2023-08-21 05:30:00+00:00,2023,8,Aug,2023Q3,Fear,43.714285714285715,49.96666666666667,-5.714285714285715,217,4,Fear
1692682200,37,Fear,2023-08-22,2023-08-22 05:30:00+00:00,2023,8,Aug,2023Q3,Fear,41.42857142857143,49.4,-4.428571428571431,217,5,Fear
1692768600,37,Fear,2023-08-23,2023-08-23 05:30:00+00:00,2023,8,Aug,2023Q3,Fear,39.285714285714285,48.8,-2.2857142857142847,217,6,Fear
1692855000,41,Fear,2023-08-24,2023-08-24 05:30:00+00:00,2023,8,Aug,2023Q3,Fear,38.0,48.5,3.0,217,7,Fear
1692941400,39,Fear,2023-08-25,2023-08-25 05:30:00+00:00,2023,8,Aug,2023Q3,Fear,38.285714285714285,48.1,0.7142857142857153,217,8,Fear
1693027800,38,Fear,2023-08-26,2023-08-26 05:30:00+00:00,2023,8,Aug,2023Q3,Fear,38.142857142857146,47.666666666666664,-0.1428571428571459,217,9,Fear
1693114200,38,Fear,2023-08-27,2023-08-27 05:30:00+00:00,2023,8,Aug,2023Q3,Fear,38.285714285714285,47.2,-0.2857142857142847,217,10,Fear
1693200600,39,Fear,2023-08-28,2023-08-28 05:30:00+00:00,2023,8,Aug,2023Q3,Fear,38.42857142857143,46.766666666666666,0.5714285714285694,217,11,Fear
1693287000,39,Fear,2023-08-29,2023-08-29 05:30:00+00:00,2023,8,Aug,2023Q3,Fear,38.714285714285715,46.333333333333336,0.2857142857142847,217,12,Neutral
1693373400,49,Neutral,2023-08-30,2023-08-30 05:30:00+00:00,2023,8,Aug,2023Q3,Neutral,40.42857142857143,46.3,8.57142857142857,218,1,Neutral
1693459800,52,Neutral,2023-08-31,2023-08-31 05:30:00+00:00,2023,8,Aug,2023Q3,Neutral,42.0,46.266666666666666,10.0,218,2,Fear
1693546200,40,Fear,2023-09-01,2023-09-01 05:30:00+00:00,2023,9,Sep,2023Q3,Fear,42.142857142857146,45.833333333333336,-2.142857142857146,219,1,Fear
1693632600,39,Fear,2023-09-02,2023-09-02 05:30:00+00:00,2023,9,Sep,2023Q3,Fear,42.285714285714285,45.4,-3.2857142857142847,219,2,Fear
1693719000,40,Fear,2023-09-03,2023-09-03 05:30:00+00:00,2023,9,Sep,2023Q3,Fear,42.57142857142857,44.93333333333333,-2.5714285714285694,219,3,Fear
1693805400,40,Fear,2023-09-04,2023-09-04 05:30:00+00:00,2023,9,Sep,2023Q3,Fear,42.714285714285715,44.6,-2.7142857142857153,219,4,Fear
1693891800,40,Fear,2023-09-05,2023-09-05 05:30:00+00:00,2023,9,Sep,2023Q3,Fear,42.857142857142854,44.3,-2.857142857142854,219,5,Fear
1693978200,42,Fear,2023-09-06,2023-09-06 05:30:00+00:00,2023,9,Sep,2023Q3,Fear,41.857142857142854,44.06666666666667,0.1428571428571459,219,6,Fear
1694064600,41,Fear,2023-09-07,2023-09-07 05:30:00+00:00,2023,9,Sep,2023Q3,Fear,40.285714285714285,43.63333333333333,0.7142857142857153,219,7,Neutral
1694151000,46,Neutral,2023-09-08,2023-09-08 05:30:00+00:00,2023,9,Sep,2023Q3,Neutral,41.142857142857146,43.5,4.857142857142854,220,1,Fear
1694237400,41,Fear,2023-09-09,2023-09-09 05:30:00+00:00,2023,9,Sep,2023Q3,Fear,41.42857142857143,43.1,-0.4285714285714306,221,1,Fear
1694323800,40,Fear,2023-09-10,2023-09-10 05:30:00+00:00,2023,9,Sep,2023Q3,Fear,41.42857142857143,42.733333333333334,-1.4285714285714306,221,2,Fear
1694410200,40,Fear,2023-09-11,2023-09-11 05:30:00+00:00,2023,9,Sep,2023Q3,Fear,41.42857142857143,42.266666666666666,-1.4285714285714306,221,3,Fear
1694496600,30,Fear,2023-09-12,2023-09-12 05:30:00+00:00,2023,9,Sep,2023Q3,Fear,40.0,41.46666666666667,-10.0,221,4,Fear
1694583000,41,Fear,2023-09-13,2023-09-13 05:30:00+00:00,2023,9,Sep,2023Q3,Fear,39.857142857142854,41.166666666666664,1.142857142857146,221,5,Neutral
1694669400,45,Neutral,2023-09-14,2023-09-14 05:30:00+00:00,2023,9,Sep,2023Q3,Neutral,40.42857142857143,40.9,4.571428571428569,222,1,Neutral
1694755800,45,Neutral,2023-09-15,2023-09-15 05:30:00+00:00,2023,9,Sep,2023Q3,Neutral,40.285714285714285,40.666666666666664,4.714285714285715,222,2,Fear
1694842200,43,Fear,2023-09-16,2023-09-16 05:30:00+00:00,2023,9,Sep,2023Q3,Fear,40.57142857142857,40.43333333333333,2.4285714285714306,223,1,Neutral
1694928600,46,Neutral,2023-09-17,2023-09-17 05:30:00+00:00,2023,9,Sep,2023Q3,Neutral,41.42857142857143,40.733333333333334,4.571428571428569,224,1,Neutral
1695015000,46,Neutral,2023-09-18,2023-09-18 05:30:00+00:00,2023,9,Sep,2023Q3,Neutral,42.285714285714285,40.96666666666667,3.7142857142857153,224,2,Neutral
1695101400,46,Neutral,2023-09-19,2023-09-19 05:30:00+00:00,2023,9,Sep,2023Q3,Neutral,44.57142857142857,41.266666666666666,1.4285714285714306,224,3,Neutral
1695187800,47,Neutral,2023-09-20,2023-09-20 05:30:00+00:00,2023,9,Sep,2023Q3,Neutral,45.42857142857143,41.56666666666667,1.5714285714285694,224,4,Neutral
1695274200,47,Neutral,2023-09-21,2023-09-21 05:30:00+00:00,2023,9,Sep,2023Q3,Neutral,45.714285714285715,41.9,1.2857142857142847,224,5,Fear
1695360600,43,Fear,2023-09-22,2023-09-22 05:30:00+00:00,2023,9,Sep,2023Q3,Fear,45.42857142857143,42.1,-2.4285714285714306,225,1,Neutral
1695447000,47,Neutral,2023-09-23,2023-09-23 05:30:00+00:00,2023,9,Sep,2023Q3,Neutral,46.0,42.3,1.0,226,1,Fear
1695533400,44,Fear,2023-09-24,2023-09-24 05:30:00+00:00,2023,9,Sep,2023Q3,Fear,45.714285714285715,42.46666666666667,-1.7142857142857153,227,1,Neutral
1695619800,47,Neutral,2023-09-25,2023-09-25 05:30:00+00:00,2023,9,Sep,2023Q3,Neutral,45.857142857142854,42.766666666666666,1.142857142857146,228,1,Neutral
1695706200,46,Neutral,2023-09-26,2023-09-26 05:30:00+00:00,2023,9,Sep,2023Q3,Neutral,45.857142857142854,43.03333333333333,0.1428571428571459,228,2,Fear
1695792600,44,Fear,2023-09-27,2023-09-27 05:30:00+00:00,2023,9,Sep,2023Q3,Fear,45.42857142857143,43.2,-1.4285714285714306,229,1,Neutral
1695879000,46,Neutral,2023-09-28,2023-09-28 05:30:00+00:00,2023,9,Sep,2023Q3,Neutral,45.285714285714285,43.43333333333333,0.7142857142857153,230,1,Neutral
1695965400,48,Neutral,2023-09-29,2023-09-29 05:30:00+00:00,2023,9,Sep,2023Q3,Neutral,46.0,43.4,2.0,230,2,Neutral
1696051800,47,Neutral,2023-09-30,2023-09-30 05:30:00+00:00,2023,9,Sep,2023Q3,Neutral,46.0,43.233333333333334,1.0,230,3,Neutral
1696138200,48,Neutral,2023-10-01,2023-10-01 05:30:00+00:00,2023,10,Oct,2023Q4,Neutral,46.57142857142857,43.5,1.4285714285714306,230,4,Neutral
1696224600,50,Neutral,2023-10-02,2023-10-02 05:30:00+00:00,2023,10,Oct,2023Q4,Neutral,47.0,43.86666666666667,3.0,230,5,Neutral
1696311000,50,Neutral,2023-10-03,2023-10-03 05:30:00+00:00,2023,10,Oct,2023Q4,Neutral,47.57142857142857,44.2,2.4285714285714306,230,6,Neutral
1696397400,49,Neutral,2023-10-04,2023-10-04 05:30:00+00:00,2023,10,Oct,2023Q4,Neutral,48.285714285714285,44.5,0.7142857142857153,230,7,Neutral
1696483800,48,Neutral,2023-10-05,2023-10-05 05:30:00+00:00,2023,10,Oct,2023Q4,Neutral,48.57142857142857,44.766666666666666,-0.5714285714285694,230,8,Neutral
1696570200,50,Neutral,2023-10-06,2023-10-06 05:30:00+00:00,2023,10,Oct,2023Q4,Neutral,48.857142857142854,45.03333333333333,1.142857142857146,230,9,Neutral
1696656600,49,Neutral,2023-10-07,2023-10-07 05:30:00+00:00,2023,10,Oct,2023Q4,Neutral,49.142857142857146,45.3,-0.1428571428571459,230,10,Neutral
1696743000,50,Neutral,2023-10-08,2023-10-08 05:30:00+00:00,2023,10,Oct,2023Q4,Neutral,49.42857142857143,45.43333333333333,0.5714285714285694,230,11,Neutral
1696829400,50,Neutral,2023-10-09,2023-10-09 05:30:00+00:00,2023,10,Oct,2023Q4,Neutral,49.42857142857143,45.733333333333334,0.5714285714285694,230,12,Neutral
1696915800,50,Neutral,2023-10-10,2023-10-10 05:30:00+00:00,2023,10,Oct,2023Q4,Neutral,49.42857142857143,46.06666666666667,0.5714285714285694,230,13,Neutral
1697002200,47,Neutral,2023-10-11,2023-10-11 05:30:00+00:00,2023,10,Oct,2023Q4,Neutral,49.142857142857146,46.3,-2.142857142857146,230,14,Neutral
1697088600,45,Neutral,2023-10-12,2023-10-12 05:30:00+00:00,2023,10,Oct,2023Q4,Neutral,48.714285714285715,46.8,-3.7142857142857153,230,15,Fear
1697175000,44,Fear,2023-10-13,2023-10-13 05:30:00+00:00,2023,10,Oct,2023Q4,Fear,47.857142857142854,46.9,-3.857142857142854,231,1,Neutral
1697261400,47,Neutral,2023-10-14,2023-10-14 05:30:00+00:00,2023,10,Oct,2023Q4,Neutral,47.57142857142857,46.96666666666667,-0.5714285714285694,232,1,Neutral
1697347800,45,Neutral,2023-10-15,2023-10-15 05:30:00+00:00,2023,10,Oct,2023Q4,Neutral,46.857142857142854,46.96666666666667,-1.857142857142854,232,2,Neutral
1697434200,47,Neutral,2023-10-16,2023-10-16 05:30:00+00:00,2023,10,Oct,2023Q4,Neutral,46.42857142857143,47.1,0.5714285714285694,232,3,Neutral
1697520600,52,Neutral,2023-10-17,2023-10-17 05:30:00+00:00,2023,10,Oct,2023Q4,Neutral,46.714285714285715,47.3,5.285714285714285,232,4,Neutral
1697607000,50,Neutral,2023-10-18,2023-10-18 05:30:00+00:00,2023,10,Oct,2023Q4,Neutral,47.142857142857146,47.43333333333333,2.857142857142854,232,5,Neutral
1697693400,52,Neutral,2023-10-19,2023-10-19 05:30:00+00:00,2023,10,Oct,2023Q4,Neutral,48.142857142857146,47.63333333333333,3.857142857142854,232,6,Neutral
1697779800,53,Neutral,2023-10-20,2023-10-20 05:30:00+00:00,2023,10,Oct,2023Q4,Neutral,49.42857142857143,47.833333333333336,3.5714285714285694,232,7,Greed
1697866200,63,Greed,2023-10-21,2023-10-21 05:30:00+00:00,2023,10,Oct,2023Q4,Greed,51.714285714285715,48.36666666666667,11.285714285714285,233,1,Neutral
1697952600,53,Neutral,2023-10-22,2023-10-22 05:30:00+00:00,2023,10,Oct,2023Q4,Neutral,52.857142857142854,48.7,0.1428571428571459,234,1,Neutral
1698039000,53,Neutral,2023-10-23,2023-10-23 05:30:00+00:00,2023,10,Oct,2023Q4,Neutral,53.714285714285715,48.9,-0.7142857142857153,234,2,Greed
1698125400,66,Greed,2023-10-24,2023-10-24 05:30:00+00:00,2023,10,Oct,2023Q4,Greed,55.714285714285715,49.63333333333333,10.285714285714285,235,1,Greed
1698211800,72,Greed,2023-10-25,2023-10-25 05:30:00+00:00,2023,10,Oct,2023Q4,Greed,58.857142857142854,50.46666666666667,13.142857142857146,235,2,Greed
1698298200,71,Greed,2023-10-26,2023-10-26 05:30:00+00:00,2023,10,Oct,2023Q4,Greed,61.57142857142857,51.3,9.42857142857143,235,3,Greed
1698384600,70,Greed,2023-10-27,2023-10-27 05:30:00+00:00,2023,10,Oct,2023Q4,Greed,64.0,52.166666666666664,6.0,235,4,Greed
1698471000,65,Greed,2023-10-28,2023-10-28 05:30:00+00:00,2023,10,Oct,2023Q4,Greed,64.28571428571429,52.8,0.7142857142857082,235,5,Greed
1698557400,72,Greed,2023-10-29,2023-10-29 05:30:00+00:00,2023,10,Oct,2023Q4,Greed,67.0,53.6,5.0,235,6,Greed
1698643800,68,Greed,2023-10-30,2023-10-30 05:30:00+00:00,2023,10,Oct,2023Q4,Greed,69.14285714285714,54.3,-1.1428571428571388,235,7,Greed
1698730200,66,Greed,2023-10-31,2023-10-31 05:30:00+00:00,2023,10,Oct,2023Q4,Greed,69.14285714285714,54.9,-3.142857142857139,235,8,Greed
1698816600,66,Greed,2023-11-01,2023-11-01 05:30:00+00:00,2023,11,Nov,2023Q4,Greed,68.28571428571429,55.43333333333333,-2.285714285714292,235,9,Greed
1698903000,72,Greed,2023-11-02,2023-11-02 05:30:00+00:00,2023,11,Nov,2023Q4,Greed,68.42857142857143,56.166666666666664,3.5714285714285694,235,10,Greed
1698989400,65,Greed,2023-11-03,2023-11-03 05:30:00+00:00,2023,11,Nov,2023Q4,Greed,67.71428571428571,56.7,-2.714285714285708,235,11,Greed
1699075800,68,Greed,2023-11-04,2023-11-04 05:30:00+00:00,2023,11,Nov,2023Q4,Greed,68.14285714285714,57.36666666666667,-0.1428571428571388,235,12,Greed
1699162200,70,Greed,2023-11-05,2023-11-05 05:30:00+00:00,2023,11,Nov,2023Q4,Greed,67.85714285714286,58.03333333333333,2.142857142857139,235,13,Greed
1699248600,74,Greed,2023-11-06,2023-11-06 05:30:00+00:00,2023,11,Nov,2023Q4,Greed,68.71428571428571,58.86666666666667,5.285714285714292,235,14,Greed
1699335000,68,Greed,2023-11-07,2023-11-07 05:30:00+00:00,2023,11,Nov,2023Q4,Greed,69.0,59.46666666666667,-1.0,235,15,Greed
1699421400,66,Greed,2023-11-08,2023-11-08 05:30:00+00:00,2023,11,Nov,2023Q4,Greed,69.0,60.0,-3.0,235,16,Greed
1699507800,69,Greed,2023-11-09,2023-11-09 05:30:00+00:00,2023,11,Nov,2023Q4,Greed,68.57142857142857,60.63333333333333,0.4285714285714306,235,17,Greed
1699594200,70,Greed,2023-11-10,2023-11-10 05:30:00+00:00,2023,11,Nov,2023Q4,Greed,69.28571428571429,61.4,0.7142857142857082,235,18,Greed
1699680600,70,Greed,2023-11-11,2023-11-11 05:30:00+00:00,2023,11,Nov,2023Q4,Greed,69.57142857142857,62.233333333333334,0.4285714285714306,235,19,Greed
1699767000,73,Greed,2023-11-12,2023-11-12 05:30:00+00:00,2023,11,Nov,2023Q4,Greed,70.0,63.2,3.0,235,20,Greed
1699853400,72,Greed,2023-11-13,2023-11-13 05:30:00+00:00,2023,11,Nov,2023Q4,Greed,69.71428571428571,64.03333333333333,2.285714285714292,235,21,Greed
1699939800,69,Greed,2023-11-14,2023-11-14 05:30:00+00:00,2023,11,Nov,2023Q4,Greed,69.85714285714286,64.83333333333333,-0.8571428571428612,235,22,Greed
1700026200,60,Greed,2023-11-15,2023-11-15 05:30:00+00:00,2023,11,Nov,2023Q4,Greed,69.0,65.26666666666667,-9.0,235,23,Greed
1700112600,70,Greed,2023-11-16,2023-11-16 05:30:00+00:00,2023,11,Nov,2023Q4,Greed,69.14285714285714,65.86666666666666,0.8571428571428612,235,24,Greed
1700199000,63,Greed,2023-11-17,2023-11-17 05:30:00+00:00,2023,11,Nov,2023Q4,Greed,68.14285714285714,66.3,-5.142857142857139,235,25,Greed
1700285400,69,Greed,2023-11-18,2023-11-18 05:30:00+00:00,2023,11,Nov,2023Q4,Greed,68.0,66.86666666666666,1.0,235,26,Greed
1700371800,66,Greed,2023-11-19,2023-11-19 05:30:00+00:00,2023,11,Nov,2023Q4,Greed,67.0,67.3,-1.0,235,27,Greed
1700458200,69,Greed,2023-11-20,2023-11-20 05:30:00+00:00,2023,11,Nov,2023Q4,Greed,66.57142857142857,67.5,2.4285714285714306,235,28,Greed
1700544600,71,Greed,2023-11-21,2023-11-21 05:30:00+00:00,2023,11,Nov,2023Q4,Greed,66.85714285714286,68.1,4.142857142857139,235,29,Greed
1700631000,62,Greed,2023-11-22,2023-11-22 05:30:00+00:00,2023,11,Nov,2023Q4,Greed,67.14285714285714,68.4,-5.142857142857139,235,30,Greed
1700717400,66,Greed,2023-11-23,2023-11-23 05:30:00+00:00,2023,11,Nov,2023Q4,Greed,66.57142857142857,68.4,-0.5714285714285694,235,31,Greed
1700803800,66,Greed,2023-11-24,2023-11-24 05:30:00+00:00,2023,11,Nov,2023Q4,Greed,67.0,68.2,-1.0,235,32,Greed
1700890200,73,Greed,2023-11-25,2023-11-25 05:30:00+00:00,2023,11,Nov,2023Q4,Greed,67.57142857142857,68.26666666666667,5.428571428571431,235,33,Greed
1700976600,73,Greed,2023-11-26,2023-11-26 05:30:00+00:00,2023,11,Nov,2023Q4,Greed,68.57142857142857,68.36666666666666,4.428571428571431,235,34,Greed
1701063000,66,Greed,2023-11-27,2023-11-27 05:30:00+00:00,2023,11,Nov,2023Q4,Greed,68.14285714285714,68.4,-2.142857142857139,235,35,Greed
1701149400,68,Greed,2023-11-28,2023-11-28 05:30:00+00:00,2023,11,Nov,2023Q4,Greed,67.71428571428571,68.26666666666667,0.2857142857142918,235,36,Greed
1701235800,72,Greed,2023-11-29,2023-11-29 05:30:00+00:00,2023,11,Nov,2023Q4,Greed,69.14285714285714,68.4,2.857142857142861,235,37,Greed
1701322200,74,Greed,2023-11-30,2023-11-30 05:30:00+00:00,2023,11,Nov,2023Q4,Greed,70.28571428571429,68.66666666666667,3.714285714285708,235,38,Greed
1701408600,71,Greed,2023-12-01,2023-12-01 05:30:00+00:00,2023,12,Dec,2023Q4,Greed,71.0,68.83333333333333,0.0,235,39,Greed
1701495000,74,Greed,2023-12-02,2023-12-02 05:30:00+00:00,2023,12,Dec,2023Q4,Greed,71.14285714285714,68.9,2.857142857142861,235,40,Greed
1701581400,73,Greed,2023-12-03,2023-12-03 05:30:00+00:00,2023,12,Dec,2023Q4,Greed,71.14285714285714,69.16666666666667,1.8571428571428612,235,41,Greed
1701667800,74,Greed,2023-12-04,2023-12-04 05:30:00+00:00,2023,12,Dec,2023Q4,Greed,72.28571428571429,69.36666666666666,1.7142857142857082,235,42,Greed
1701754200,75,Extreme Greed,2023-12-05,2023-12-05 05:30:00+00:00,2023,12,Dec,2023Q4,Greed,73.28571428571429,69.53333333333333,1.7142857142857082,235,43,Greed
1701840600,72,Greed,2023-12-06,2023-12-06 05:30:00+00:00,2023,12,Dec,2023Q4,Greed,73.28571428571429,69.46666666666667,-1.2857142857142918,235,44,Greed
1701927000,72,Greed,2023-12-07,2023-12-07 05:30:00+00:00,2023,12,Dec,2023Q4,Greed,73.0,69.6,-1.0,235,45,Greed
1702013400,72,Greed,2023-12-08,2023-12-08 05:30:00+00:00,2023,12,Dec,2023Q4,Greed,73.14285714285714,69.8,-1.1428571428571388,235,46,Greed
1702099800,73,Greed,2023-12-09,2023-12-09 05:30:00+00:00,2023,12,Dec,2023Q4,Greed,73.0,69.93333333333334,0.0,235,47,Greed
1702186200,74,Greed,2023-12-10,2023-12-10 05:30:00+00:00,2023,12,Dec,2023Q4,Greed,73.14285714285714,70.06666666666666,0.8571428571428612,235,48,Greed
1702272600,74,Greed,2023-12-11,2023-12-11 05:30:00+00:00,2023,12,Dec,2023Q4,Greed,73.14285714285714,70.2,0.8571428571428612,235,49,Greed
1702359000,67,Greed,2023-12-12,2023-12-12 05:30:00+00:00,2023,12,Dec,2023Q4,Greed,72.0,70.0,-5.0,235,50,Greed
1702445400,65,Greed,2023-12-13,2023-12-13 05:30:00+00:00,2023,12,Dec,2023Q4,Greed,71.0,69.76666666666667,-6.0,235,51,Greed
1702531800,72,Greed,2023-12-14,2023-12-14 05:30:00+00:00,2023,12,Dec,2023Q4,Greed,71.0,69.86666666666666,1.0,235,52,Greed
1702618200,70,Greed,2023-12-15,2023-12-15 05:30:00+00:00,2023,12,Dec,2023Q4,Greed,70.71428571428571,70.2,-0.7142857142857082,235,53,Greed
1702704600,67,Greed,2023-12-16,2023-12-16 05:30:00+00:00,2023,12,Dec,2023Q4,Greed,69.85714285714286,70.1,-2.857142857142861,235,54,Greed
1702791000,73,Greed,2023-12-17,2023-12-17 05:30:00+00:00,2023,12,Dec,2023Q4,Greed,69.71428571428571,70.43333333333334,3.285714285714292,235,55,Greed
1702877400,65,Greed,2023-12-18,2023-12-18 05:30:00+00:00,2023,12,Dec,2023Q4,Greed,68.42857142857143,70.3,-3.4285714285714306,235,56,Greed
1702963800,73,Greed,2023-12-19,2023-12-19 05:30:00+00:00,2023,12,Dec,2023Q4,Greed,69.28571428571429,70.53333333333333,3.714285714285708,235,57,Greed
1703050200,74,Greed,2023-12-20,2023-12-20 05:30:00+00:00,2023,12,Dec,2023Q4,Greed,70.57142857142857,70.7,3.4285714285714306,235,58,Greed
1703136600,70,Greed,2023-12-21,2023-12-21 05:30:00+00:00,2023,12,Dec,2023Q4,Greed,70.28571428571429,70.66666666666667,-0.2857142857142918,235,59,Greed
1703223000,74,Greed,2023-12-22,2023-12-22 05:30:00+00:00,2023,12,Dec,2023Q4,Greed,70.85714285714286,71.06666666666666,3.142857142857139,235,60,Greed
1703309400,70,Greed,2023-12-23,2023-12-23 05:30:00+00:00,2023,12,Dec,2023Q4,Greed,71.28571428571429,71.2,-1.2857142857142918,235,61,Greed
1703395800,71,Greed,2023-12-24,2023-12-24 05:30:00+00:00,2023,12,Dec,2023Q4,Greed,71.0,71.36666666666666,0.0,235,62,Greed
1703482200,73,Greed,2023-12-25,2023-12-25 05:30:00+00:00,2023,12,Dec,2023Q4,Greed,72.14285714285714,71.36666666666666,0.8571428571428612,235,63,Greed
1703568600,71,Greed,2023-12-26,2023-12-26 05:30:00+00:00,2023,12,Dec,2023Q4,Greed,71.85714285714286,71.3,-0.8571428571428612,235,64,Greed
1703655000,73,Greed,2023-12-27,2023-12-27 05:30:00+00:00,2023,12,Dec,2023Q4,Greed,71.71428571428571,71.53333333333333,1.2857142857142918,235,65,Greed
1703741400,73,Greed,2023-12-28,2023-12-28 05:30:00+00:00,2023,12,Dec,2023Q4,Greed,72.14285714285714,71.7,0.8571428571428612,235,66,Greed
1703827800,65,Greed,2023-12-29,2023-12-29 05:30:00+00:00,2023,12,Dec,2023Q4,Greed,70.85714285714286,71.46666666666667,-5.857142857142861,235,67,Greed
1703914200,68,Greed,2023-12-30,2023-12-30 05:30:00+00:00,2023,12,Dec,2023Q4,Greed,70.57142857142857,71.26666666666667,-2.5714285714285694,235,68,Greed
1704000600,67,Greed,2023-12-31,2023-12-31 05:30:00+00:00,2023,12,Dec,2023Q4,Greed,70.0,71.13333333333334,-3.0,235,69,Greed
1704087000,65,Greed,2024-01-01,2024-01-01 05:30:00+00:00,2024,1,Jan,2024Q1,Greed,68.85714285714286,70.83333333333333,-3.857142857142861,235,70,Greed
1704173400,71,Greed,2024-01-02,2024-01-02 05:30:00+00:00,2024,1,Jan,2024Q1,Greed,68.85714285714286,70.76666666666667,2.142857142857139,235,71,Greed
1704259800,70,Greed,2024-01-03,2024-01-03 05:30:00+00:00,2024,1,Jan,2024Q1,Greed,68.42857142857143,70.63333333333334,1.5714285714285694,235,72,Greed
1704346200,68,Greed,2024-01-04,2024-01-04 05:30:00+00:00,2024,1,Jan,2024Q1,Greed,67.71428571428571,70.4,0.2857142857142918,235,73,Greed
1704432600,72,Greed,2024-01-05,2024-01-05 05:30:00+00:00,2024,1,Jan,2024Q1,Greed,68.71428571428571,70.4,3.285714285714292,235,74,Greed
1704519000,70,Greed,2024-01-06,2024-01-06 05:30:00+00:00,2024,1,Jan,2024Q1,Greed,69.0,70.33333333333333,1.0,235,75,Greed
1704605400,71,Greed,2024-01-07,2024-01-07 05:30:00+00:00,2024,1,Jan,2024Q1,Greed,69.57142857142857,70.3,1.4285714285714306,235,76,Greed
1704691800,71,Greed,2024-01-08,2024-01-08 05:30:00+00:00,2024,1,Jan,2024Q1,Greed,70.42857142857143,70.23333333333333,0.5714285714285694,235,77,Greed
1704778200,76,Extreme Greed,2024-01-09,2024-01-09 05:30:00+00:00,2024,1,Jan,2024Q1,Greed,71.14285714285714,70.3,4.857142857142861,235,78,Greed
1704864600,73,Greed,2024-01-10,2024-01-10 05:30:00+00:00,2024,1,Jan,2024Q1,Greed,71.57142857142857,70.26666666666667,1.4285714285714306,235,79,Greed
1704951000,76,Extreme Greed,2024-01-11,2024-01-11 05:30:00+00:00,2024,1,Jan,2024Q1,Greed,72.71428571428571,70.56666666666666,3.285714285714292,235,80,Greed
1705037400,71,Greed,2024-01-12,2024-01-12 05:30:00+00:00,2024,1,Jan,2024Q1,Greed,72.57142857142857,70.76666666666667,-1.5714285714285694,235,81,Greed
1705123800,64,Greed,2024-01-13,2024-01-13 05:30:00+00:00,2024,1,Jan,2024Q1,Greed,71.71428571428571,70.5,-7.714285714285708,235,82,Greed
1705210200,60,Greed,2024-01-14,2024-01-14 05:30:00+00:00,2024,1,Jan,2024Q1,Greed,70.14285714285714,70.16666666666667,-10.142857142857139,235,83,Neutral
1705296600,52,Neutral,2024-01-15,2024-01-15 05:30:00+00:00,2024,1,Jan,2024Q1,Neutral,67.42857142857143,69.66666666666667,-15.42857142857143,236,1,Greed
1705383000,64,Greed,2024-01-16,2024-01-16 05:30:00+00:00,2024,1,Jan,2024Q1,Greed,65.71428571428571,69.36666666666666,-1.7142857142857082,237,1,Greed
1705469400,60,Greed,2024-01-17,2024-01-17 05:30:00+00:00,2024,1,Jan,2024Q1,Greed,63.857142857142854,69.2,-3.857142857142854,237,2,Greed
1705555800,63,Greed,2024-01-18,2024-01-18 05:30:00+00:00,2024,1,Jan,2024Q1,Greed,62.0,68.86666666666666,1.0,237,3,Neutral
1705642200,51,Neutral,2024-01-19,2024-01-19 05:30:00+00:00,2024,1,Jan,2024Q1,Neutral,59.142857142857146,68.1,-8.142857142857146,238,1,Neutral
1705728600,52,Neutral,2024-01-20,2024-01-20 05:30:00+00:00,2024,1,Jan,2024Q1,Neutral,57.42857142857143,67.5,-5.428571428571431,238,2,Greed
1705815000,56,Greed,2024-01-21,2024-01-21 05:30:00+00:00,2024,1,Jan,2024Q1,Greed,56.857142857142854,66.9,-0.8571428571428541,239,1,Greed
1705901400,55,Greed,2024-01-22,2024-01-22 05:30:00+00:00,2024,1,Jan,2024Q1,Greed,57.285714285714285,66.4,-2.2857142857142847,239,2,Neutral
1705987800,50,Neutral,2024-01-23,2024-01-23 05:30:00+00:00,2024,1,Jan,2024Q1,Neutral,55.285714285714285,65.7,-5.285714285714285,240,1,Neutral
1706074200,48,Neutral,2024-01-24,2024-01-24 05:30:00+00:00,2024,1,Jan,2024Q1,Neutral,53.57142857142857,64.86666666666666,-5.571428571428569,240,2,Neutral
1706160600,52,Neutral,2024-01-25,2024-01-25 05:30:00+00:00,2024,1,Jan,2024Q1,Neutral,52.0,64.23333333333333,0.0,240,3,Neutral
1706247000,49,Neutral,2024-01-26,2024-01-26 05:30:00+00:00,2024,1,Jan,2024Q1,Neutral,51.714285714285715,63.43333333333333,-2.7142857142857153,240,4,Greed
1706333400,55,Greed,2024-01-27,2024-01-27 05:30:00+00:00,2024,1,Jan,2024Q1,Greed,52.142857142857146,62.833333333333336,2.857142857142854,241,1,Neutral
1706419800,54,Neutral,2024-01-28,2024-01-28 05:30:00+00:00,2024,1,Jan,2024Q1,Neutral,51.857142857142854,62.46666666666667,2.142857142857146,242,1,Greed
1706506200,55,Greed,2024-01-29,2024-01-29 05:30:00+00:00,2024,1,Jan,2024Q1,Greed,51.857142857142854,62.03333333333333,3.142857142857146,243,1,Greed
1706592600,61,Greed,2024-01-30,2024-01-30 05:30:00+00:00,2024,1,Jan,2024Q1,Greed,53.42857142857143,61.833333333333336,7.571428571428569,243,2,Greed
1706679000,60,Greed,2024-01-31,2024-01-31 05:30:00+00:00,2024,1,Jan,2024Q1,Greed,55.142857142857146,61.666666666666664,4.857142857142854,243,3,Greed
1706765400,63,Greed,2024-02-01,2024-02-01 05:30:00+00:00,2024,2,Feb,2024Q1,Greed,56.714285714285715,61.4,6.285714285714285,243,4,Greed
1706851800,63,Greed,2024-02-02,2024-02-02 05:30:00+00:00,2024,2,Feb,2024Q1,Greed,58.714285714285715,61.166666666666664,4.285714285714285,243,5,Greed
1706938200,60,Greed,2024-02-03,2024-02-03 05:30:00+00:00,2024,2,Feb,2024Q1,Greed,59.42857142857143,60.9,0.5714285714285694,243,6,Greed
1707024600,60,Greed,2024-02-04,2024-02-04 05:30:00+00:00,2024,2,Feb,2024Q1,Greed,60.285714285714285,60.5,-0.2857142857142847,243,7,Greed
1707111000,60,Greed,2024-02-05,2024-02-05 05:30:00+00:00,2024,2,Feb,2024Q1,Greed,61.0,60.166666666666664,-1.0,243,8,Greed
1707197400,64,Greed,2024-02-06,2024-02-06 05:30:00+00:00,2024,2,Feb,2024Q1,Greed,61.42857142857143,59.93333333333333,2.5714285714285694,243,9,Greed
1707283800,62,Greed,2024-02-07,2024-02-07 05:30:00+00:00,2024,2,Feb,2024Q1,Greed,61.714285714285715,59.63333333333333,0.2857142857142847,243,10,Greed
1707370200,66,Greed,2024-02-08,2024-02-08 05:30:00+00:00,2024,2,Feb,2024Q1,Greed,62.142857142857146,59.3,3.857142857142854,243,11,Greed
1707456600,72,Greed,2024-02-09,2024-02-09 05:30:00+00:00,2024,2,Feb,2024Q1,Greed,63.42857142857143,59.266666666666666,8.57142857142857,243,12,Greed
1707543000,74,Greed,2024-02-10,2024-02-10 05:30:00+00:00,2024,2,Feb,2024Q1,Greed,65.42857142857143,59.2,8.57142857142857,243,13,Greed
1707629400,71,Greed,2024-02-11,2024-02-11 05:30:00+00:00,2024,2,Feb,2024Q1,Greed,67.0,59.2,4.0,243,14,Greed
1707715800,70,Greed,2024-02-12,2024-02-12 05:30:00+00:00,2024,2,Feb,2024Q1,Greed,68.42857142857143,59.4,1.5714285714285694,243,15,Greed
1707802200,79,Extreme Greed,2024-02-13,2024-02-13 05:30:00+00:00,2024,2,Feb,2024Q1,Greed,70.57142857142857,60.03333333333333,8.42857142857143,243,16,Greed
1707888600,74,Greed,2024-02-14,2024-02-14 05:30:00+00:00,2024,2,Feb,2024Q1,Greed,72.28571428571429,60.766666666666666,1.7142857142857082,243,17,Greed
1707975000,72,Greed,2024-02-15,2024-02-15 05:30:00+00:00,2024,2,Feb,2024Q1,Greed,73.14285714285714,61.03333333333333,-1.1428571428571388,243,18,Greed
1708061400,72,Greed,2024-02-16,2024-02-16 05:30:00+00:00,2024,2,Feb,2024Q1,Greed,73.14285714285714,61.43333333333333,-1.1428571428571388,243,19,Greed
1708147800,76,Extreme Greed,2024-02-17,2024-02-17 05:30:00+00:00,2024,2,Feb,2024Q1,Greed,73.42857142857143,61.86666666666667,2.5714285714285694,243,20,Greed
1708234200,72,Greed,2024-02-18,2024-02-18 05:30:00+00:00,2024,2,Feb,2024Q1,Greed,73.57142857142857,62.56666666666667,-1.5714285714285694,243,21,Greed
1708320600,75,Extreme Greed,2024-02-19,2024-02-19 05:30:00+00:00,2024,2,Feb,2024Q1,Greed,74.28571428571429,63.333333333333336,0.7142857142857082,243,22,Greed
1708407000,72,Greed,2024-02-20,2024-02-20 05:30:00+00:00,2024,2,Feb,2024Q1,Greed,73.28571428571429,63.86666666666667,-1.2857142857142918,243,23,Greed
1708493400,78,Extreme Greed,2024-02-21,2024-02-21 05:30:00+00:00,2024,2,Feb,2024Q1,Greed,73.85714285714286,64.63333333333334,4.142857142857139,243,24,Greed
1708579800,74,Greed,2024-02-22,2024-02-22 05:30:00+00:00,2024,2,Feb,2024Q1,Greed,74.14285714285714,65.43333333333334,-0.1428571428571388,243,25,Greed
1708666200,76,Extreme Greed,2024-02-23,2024-02-23 05:30:00+00:00,2024,2,Feb,2024Q1,Greed,74.71428571428571,66.36666666666666,1.2857142857142918,243,26,Greed
1708752600,72,Greed,2024-02-24,2024-02-24 05:30:00+00:00,2024,2,Feb,2024Q1,Greed,74.14285714285714,67.03333333333333,-2.142857142857139,243,27,Greed
1708839000,74,Greed,2024-02-25,2024-02-25 05:30:00+00:00,2024,2,Feb,2024Q1,Greed,74.42857142857143,67.86666666666666,-0.4285714285714306,243,28,Greed
1708925400,72,Greed,2024-02-26,2024-02-26 05:30:00+00:00,2024,2,Feb,2024Q1,Greed,74.0,68.43333333333334,-2.0,243,29,Greed
1709011800,79,Extreme Greed,2024-02-27,2024-02-27 05:30:00+00:00,2024,2,Feb,2024Q1,Greed,75.0,69.26666666666667,4.0,243,30,Greed
1709098200,82,Extreme Greed,2024-02-28,2024-02-28 05:30:00+00:00,2024,2,Feb,2024Q1,Greed,75.57142857142857,70.16666666666667,6.428571428571431,243,31,Greed
1709184600,80,Extreme Greed,2024-02-29,2024-02-29 05:30:00+00:00,2024,2,Feb,2024Q1,Greed,76.42857142857143,70.8,3.5714285714285694,243,32,Greed
1709271000,80,Extreme Greed,2024-03-01,2024-03-01 05:30:00+00:00,2024,3,Mar,2024Q1,Greed,77.0,71.46666666666667,3.0,243,33,Greed
1709357400,80,Extreme Greed,2024-03-02,2024-03-02 05:30:00+00:00,2024,3,Mar,2024Q1,Greed,78.14285714285714,72.03333333333333,1.8571428571428612,243,34,Greed
1709443800,83,Extreme Greed,2024-03-03,2024-03-03 05:30:00+00:00,2024,3,Mar,2024Q1,Greed,79.42857142857143,72.7,3.5714285714285694,243,35,Greed
1709530200,82,Extreme Greed,2024-03-04,2024-03-04 05:30:00+00:00,2024,3,Mar,2024Q1,Greed,80.85714285714286,73.43333333333334,1.1428571428571388,243,36,Greed
1709616600,90,Extreme Greed,2024-03-05,2024-03-05 05:30:00+00:00,2024,3,Mar,2024Q1,Greed,82.42857142857143,74.43333333333334,7.571428571428569,243,37,Greed
1709703000,75,Extreme Greed,2024-03-06,2024-03-06 05:30:00+00:00,2024,3,Mar,2024Q1,Greed,81.42857142857143,74.93333333333334,-6.428571428571431,243,38,Greed
1709789400,82,Extreme Greed,2024-03-07,2024-03-07 05:30:00+00:00,2024,3,Mar,2024Q1,Greed,81.71428571428571,75.53333333333333,0.2857142857142918,243,39,Greed
1709875800,81,Extreme Greed,2024-03-08,2024-03-08 05:30:00+00:00,2024,3,Mar,2024Q1,Greed,81.85714285714286,76.16666666666667,-0.8571428571428612,243,40,Greed
1709962200,84,Extreme Greed,2024-03-09,2024-03-09 05:30:00+00:00,2024,3,Mar,2024Q1,Greed,82.42857142857143,76.76666666666667,1.5714285714285694,243,41,Greed
1710048600,79,Extreme Greed,2024-03-10,2024-03-10 05:30:00+00:00,2024,3,Mar,2024Q1,Greed,81.85714285714286,77.0,-2.857142857142861,243,42,Greed
1710135000,82,Extreme Greed,2024-03-11,2024-03-11 05:30:00+00:00,2024,3,Mar,2024Q1,Greed,81.85714285714286,77.26666666666667,0.1428571428571388,243,43,Greed
1710221400,81,Extreme Greed,2024-03-12,2024-03-12 05:30:00+00:00,2024,3,Mar,2024Q1,Greed,80.57142857142857,77.6,0.4285714285714306,243,44,Greed
1710307800,81,Extreme Greed,2024-03-13,2024-03-13 05:30:00+00:00,2024,3,Mar,2024Q1,Greed,81.42857142857143,77.96666666666667,-0.4285714285714306,243,45,Greed
1710394200,88,Extreme Greed,2024-03-14,2024-03-14 05:30:00+00:00,2024,3,Mar,2024Q1,Greed,82.28571428571429,78.26666666666667,5.714285714285708,243,46,Greed
1710480600,83,Extreme Greed,2024-03-15,2024-03-15 05:30:00+00:00,2024,3,Mar,2024Q1,Greed,82.57142857142857,78.56666666666666,0.4285714285714306,243,47,Greed
1710567000,81,Extreme Greed,2024-03-16,2024-03-16 05:30:00+00:00,2024,3,Mar,2024Q1,Greed,82.14285714285714,78.86666666666666,-1.1428571428571388,243,48,Greed
1710653400,79,Extreme Greed,2024-03-17,2024-03-17 05:30:00+00:00,2024,3,Mar,2024Q1,Greed,82.14285714285714,79.1,-3.142857142857139,243,49,Greed
1710739800,77,Extreme Greed,2024-03-18,2024-03-18 05:30:00+00:00,2024,3,Mar,2024Q1,Greed,81.42857142857143,79.13333333333334,-4.428571428571431,243,50,Greed
1710826200,79,Extreme Greed,2024-03-19,2024-03-19 05:30:00+00:00,2024,3,Mar,2024Q1,Greed,81.14285714285714,79.36666666666666,-2.142857142857139,243,51,Greed
1710912600,74,Greed,2024-03-20,2024-03-20 05:30:00+00:00,2024,3,Mar,2024Q1,Greed,80.14285714285714,79.33333333333333,-6.142857142857139,243,52,Greed
1710999000,78,Extreme Greed,2024-03-21,2024-03-21 05:30:00+00:00,2024,3,Mar,2024Q1,Greed,78.71428571428571,79.53333333333333,-0.7142857142857082,243,53,Greed
1711085400,75,Extreme Greed,2024-03-22,2024-03-22 05:30:00+00:00,2024,3,Mar,2024Q1,Greed,77.57142857142857,79.43333333333334,-2.5714285714285694,243,54,Greed
1711171800,73,Greed,2024-03-23,2024-03-23 05:30:00+00:00,2024,3,Mar,2024Q1,Greed,76.42857142857143,79.4,-3.4285714285714306,243,55,Greed
1711258200,74,Greed,2024-03-24,2024-03-24 05:30:00+00:00,2024,3,Mar,2024Q1,Greed,75.71428571428571,79.33333333333333,-1.7142857142857082,243,56,Greed
1711344600,75,Extreme Greed,2024-03-25,2024-03-25 05:30:00+00:00,2024,3,Mar,2024Q1,Greed,75.42857142857143,79.43333333333334,-0.4285714285714306,243,57,Greed
1711431000,81,Extreme Greed,2024-03-26,2024-03-26 05:30:00+00:00,2024,3,Mar,2024Q1,Greed,75.71428571428571,79.66666666666667,5.285714285714292,243,58,Greed
1711517400,83,Extreme Greed,2024-03-27,2024-03-27 05:30:00+00:00,2024,3,Mar,2024Q1,Greed,77.0,80.03333333333333,6.0,243,59,Greed
1711603800,80,Extreme Greed,2024-03-28,2024-03-28 05:30:00+00:00,2024,3,Mar,2024Q1,Greed,77.28571428571429,80.06666666666666,2.714285714285708,243,60,Greed
1711690200,79,Extreme Greed,2024-03-29,2024-03-29 05:30:00+00:00,2024,3,Mar,2024Q1,Greed,77.85714285714286,79.96666666666667,1.1428571428571388,243,61,Greed
1711776600,75,Extreme Greed,2024-03-30,2024-03-30 05:30:00+00:00,2024,3,Mar,2024Q1,Greed,78.14285714285714,79.8,-3.142857142857139,243,62,Greed
1711863000,75,Extreme Greed,2024-03-31,2024-03-31 05:30:00+00:00,2024,3,Mar,2024Q1,Greed,78.28571428571429,79.63333333333334,-3.285714285714292,243,63,Greed
1711949400,79,Extreme Greed,2024-04-01,2024-04-01 05:30:00+00:00,2024,4,Apr,2024Q2,Greed,78.85714285714286,79.6,0.1428571428571388,243,64,Greed
1712035800,79,Extreme Greed,2024-04-02,2024-04-02 05:30:00+00:00,2024,4,Apr,2024Q2,Greed,78.57142857142857,79.46666666666667,0.4285714285714306,243,65,Greed
1712122200,71,Greed,2024-04-03,2024-04-03 05:30:00+00:00,2024,4,Apr,2024Q2,Greed,76.85714285714286,79.1,-5.857142857142861,243,66,Greed
1712208600,70,Greed,2024-04-04,2024-04-04 05:30:00+00:00,2024,4,Apr,2024Q2,Greed,75.42857142857143,78.43333333333334,-5.428571428571431,243,67,Greed
1712295000,79,Extreme Greed,2024-04-05,2024-04-05 05:30:00+00:00,2024,4,Apr,2024Q2,Greed,75.42857142857143,78.56666666666666,3.5714285714285694,243,68,Greed
1712381400,75,Extreme Greed,2024-04-06,2024-04-06 05:30:00+00:00,2024,4,Apr,2024Q2,Greed,75.42857142857143,78.33333333333333,-0.4285714285714306,243,69,Greed
1712467800,78,Extreme Greed,2024-04-07,2024-04-07 05:30:00+00:00,2024,4,Apr,2024Q2,Greed,75.85714285714286,78.23333333333333,2.142857142857139,243,70,Greed
1712554200,76,Extreme Greed,2024-04-08,2024-04-08 05:30:00+00:00,2024,4,Apr,2024Q2,Greed,75.42857142857143,77.96666666666667,0.5714285714285694,243,71,Greed
1712640600,80,Extreme Greed,2024-04-09,2024-04-09 05:30:00+00:00,2024,4,Apr,2024Q2,Greed,75.57142857142857,78.0,4.428571428571431,243,72,Greed
1712727000,78,Extreme Greed,2024-04-10,2024-04-10 05:30:00+00:00,2024,4,Apr,2024Q2,Greed,76.57142857142857,77.86666666666666,1.4285714285714306,243,73,Greed
1712813400,76,Extreme Greed,2024-04-11,2024-04-11 05:30:00+00:00,2024,4,Apr,2024Q2,Greed,77.42857142857143,77.7,-1.4285714285714306,243,74,Greed
1712899800,79,Extreme Greed,2024-04-12,2024-04-12 05:30:00+00:00,2024,4,Apr,2024Q2,Greed,77.42857142857143,77.63333333333334,1.5714285714285694,243,75,Greed
1712986200,72,Greed,2024-04-13,2024-04-13 05:30:00+00:00,2024,4,Apr,2024Q2,Greed,77.0,77.1,-5.0,243,76,Greed
1713072600,72,Greed,2024-04-14,2024-04-14 05:30:00+00:00,2024,4,Apr,2024Q2,Greed,76.14285714285714,76.73333333333333,-4.142857142857139,243,77,Greed
1713159000,74,Greed,2024-04-15,2024-04-15 05:30:00+00:00,2024,4,Apr,2024Q2,Greed,75.85714285714286,76.5,-1.8571428571428612,243,78,Greed
1713245400,65,Greed,2024-04-16,2024-04-16 05:30:00+00:00,2024,4,Apr,2024Q2,Greed,73.71428571428571,76.03333333333333,-8.714285714285708,243,79,Greed
1713331800,67,Greed,2024-04-17,2024-04-17 05:30:00+00:00,2024,4,Apr,2024Q2,Greed,72.14285714285714,75.7,-5.142857142857139,243,80,Greed
1713418200,57,Greed,2024-04-18,2024-04-18 05:30:00+00:00,2024,4,Apr,2024Q2,Greed,69.42857142857143,74.96666666666667,-12.42857142857143,243,81,Greed
1713504600,66,Greed,2024-04-19,2024-04-19 05:30:00+00:00,2024,4,Apr,2024Q2,Greed,67.57142857142857,74.7,-1.5714285714285694,243,82,Greed
1713591000,66,Greed,2024-04-20,2024-04-20 05:30:00+00:00,2024,4,Apr,2024Q2,Greed,66.71428571428571,74.3,-0.7142857142857082,243,83,Greed
1713677400,72,Greed,2024-04-21,2024-04-21 05:30:00+00:00,2024,4,Apr,2024Q2,Greed,66.71428571428571,74.2,5.285714285714292,243,84,Greed
1713763800,73,Greed,2024-04-22,2024-04-22 05:30:00+00:00,2024,4,Apr,2024Q2,Greed,66.57142857142857,74.2,6.428571428571431,243,85,Greed
1713850200,71,Greed,2024-04-23,2024-04-23 05:30:00+00:00,2024,4,Apr,2024Q2,Greed,67.42857142857143,74.1,3.5714285714285694,243,86,Greed
1713936600,72,Greed,2024-04-24,2024-04-24 05:30:00+00:00,2024,4,Apr,2024Q2,Greed,68.14285714285714,74.0,3.857142857142861,243,87,Greed
1714023000,72,Greed,2024-04-25,2024-04-25 05:30:00+00:00,2024,4,Apr,2024Q2,Greed,70.28571428571429,73.7,1.7142857142857082,243,88,Greed
1714109400,70,Greed,2024-04-26,2024-04-26 05:30:00+00:00,2024,4,Apr,2024Q2,Greed,70.85714285714286,73.26666666666667,-0.8571428571428612,243,89,Greed
1714195800,67,Greed,2024-04-27,2024-04-27 05:30:00+00:00,2024,4,Apr,2024Q2,Greed,71.0,72.83333333333333,-4.0,243,90,Greed
1714282200,65,Greed,2024-04-28,2024-04-28 05:30:00+00:00,2024,4,Apr,2024Q2,Greed,70.0,72.36666666666666,-5.0,243,91,Greed
1714368600,67,Greed,2024-04-29,2024-04-29 05:30:00+00:00,2024,4,Apr,2024Q2,Greed,69.14285714285714,72.1,-2.142857142857139,243,92,Greed
1714455000,67,Greed,2024-04-30,2024-04-30 05:30:00+00:00,2024,4,Apr,2024Q2,Greed,68.57142857142857,71.83333333333333,-1.5714285714285694,243,93,Neutral
1714541400,54,Neutral,2024-05-01,2024-05-01 05:30:00+00:00,2024,5,May,2024Q2,Neutral,66.0,71.0,-12.0,244,1,Fear
1714627800,43,Fear,2024-05-02,2024-05-02 05:30:00+00:00,2024,5,May,2024Q2,Fear,61.857142857142854,69.8,-18.857142857142854,245,1,Neutral
1714714200,48,Neutral,2024-05-03,2024-05-03 05:30:00+00:00,2024,5,May,2024Q2,Neutral,58.714285714285715,69.03333333333333,-10.714285714285715,246,1,Greed
1714800600,67,Greed,2024-05-04,2024-05-04 05:30:00+00:00,2024,5,May,2024Q2,Greed,58.714285714285715,68.93333333333334,8.285714285714285,247,1,Greed
1714887000,69,Greed,2024-05-05,2024-05-05 05:30:00+00:00,2024,5,May,2024Q2,Greed,59.285714285714285,68.6,9.714285714285715,247,2,Greed
1714973400,71,Greed,2024-05-06,2024-05-06 05:30:00+00:00,2024,5,May,2024Q2,Greed,59.857142857142854,68.46666666666667,11.142857142857146,247,3,Greed
1715059800,68,Greed,2024-05-07,2024-05-07 05:30:00+00:00,2024,5,May,2024Q2,Greed,60.0,68.13333333333334,8.0,247,4,Greed
1715146200,64,Greed,2024-05-08,2024-05-08 05:30:00+00:00,2024,5,May,2024Q2,Greed,61.42857142857143,67.73333333333333,2.5714285714285694,247,5,Greed
1715232600,55,Greed,2024-05-09,2024-05-09 05:30:00+00:00,2024,5,May,2024Q2,Greed,63.142857142857146,66.9,-8.142857142857146,247,6,Greed
1715319000,66,Greed,2024-05-10,2024-05-10 05:30:00+00:00,2024,5,May,2024Q2,Greed,65.71428571428571,66.5,0.2857142857142918,247,7,Neutral
1715405400,53,Neutral,2024-05-11,2024-05-11 05:30:00+00:00,2024,5,May,2024Q2,Neutral,63.714285714285715,65.73333333333333,-10.714285714285715,248,1,Greed
1715491800,56,Greed,2024-05-12,2024-05-12 05:30:00+00:00,2024,5,May,2024Q2,Greed,61.857142857142854,64.96666666666667,-5.857142857142854,249,1,Greed
1715578200,57,Greed,2024-05-13,2024-05-13 05:30:00+00:00,2024,5,May,2024Q2,Greed,59.857142857142854,64.46666666666667,-2.857142857142854,249,2,Greed
1715664600,66,Greed,2024-05-14,2024-05-14 05:30:00+00:00,2024,5,May,2024Q2,Greed,59.57142857142857,64.26666666666667,6.428571428571431,249,3,Greed
1715751000,64,Greed,2024-05-15,2024-05-15 05:30:00+00:00,2024,5,May,2024Q2,Greed,59.57142857142857,63.93333333333333,4.428571428571431,249,4,Greed
1715837400,70,Greed,2024-05-16,2024-05-16 05:30:00+00:00,2024,5,May,2024Q2,Greed,61.714285714285715,64.1,8.285714285714285,249,5,Greed
1715923800,74,Greed,2024-05-17,2024-05-17 05:30:00+00:00,2024,5,May,2024Q2,Greed,62.857142857142854,64.33333333333333,11.142857142857146,249,6,Greed
1716010200,73,Greed,2024-05-18,2024-05-18 05:30:00+00:00,2024,5,May,2024Q2,Greed,65.71428571428571,64.86666666666666,7.285714285714292,249,7,Greed
1716096600,72,Greed,2024-05-19,2024-05-19 05:30:00+00:00,2024,5,May,2024Q2,Greed,68.0,65.06666666666666,4.0,249,8,Greed
1716183000,70,Greed,2024-05-20,2024-05-20 05:30:00+00:00,2024,5,May,2024Q2,Greed,69.85714285714286,65.2,0.1428571428571388,249,9,Greed
1716269400,76,Extreme Greed,2024-05-21,2024-05-21 05:30:00+00:00,2024,5,May,2024Q2,Greed,71.28571428571429,65.33333333333333,4.714285714285708,249,10,Greed
1716355800,76,Extreme Greed,2024-05-22,2024-05-22 05:30:00+00:00,2024,5,May,2024Q2,Greed,73.0,65.43333333333334,3.0,249,11,Greed
1716442200,76,Extreme Greed,2024-05-23,2024-05-23 05:30:00+00:00,2024,5,May,2024Q2,Greed,73.85714285714286,65.6,2.142857142857139,249,12,Greed
1716528600,74,Greed,2024-05-24,2024-05-24 05:30:00+00:00,2024,5,May,2024Q2,Greed,73.85714285714286,65.66666666666667,0.1428571428571388,249,13,Greed
1716615000,76,Extreme Greed,2024-05-25,2024-05-25 05:30:00+00:00,2024,5,May,2024Q2,Greed,74.28571428571429,65.8,1.7142857142857082,249,14,Greed
1716701400,75,Extreme Greed,2024-05-26,2024-05-26 05:30:00+00:00,2024,5,May,2024Q2,Greed,74.71428571428571,65.96666666666667,0.2857142857142918,249,15,Greed
1716787800,74,Greed,2024-05-27,2024-05-27 05:30:00+00:00,2024,5,May,2024Q2,Greed,75.28571428571429,66.2,-1.2857142857142918,249,16,Greed
1716874200,72,Greed,2024-05-28,2024-05-28 05:30:00+00:00,2024,5,May,2024Q2,Greed,74.71428571428571,66.43333333333334,-2.714285714285708,249,17,Greed
1716960600,72,Greed,2024-05-29,2024-05-29 05:30:00+00:00,2024,5,May,2024Q2,Greed,74.14285714285714,66.6,-2.142857142857139,249,18,Greed
1717047000,73,Greed,2024-05-30,2024-05-30 05:30:00+00:00,2024,5,May,2024Q2,Greed,73.71428571428571,66.8,-0.7142857142857082,249,19,Greed
1717133400,73,Greed,2024-05-31,2024-05-31 05:30:00+00:00,2024,5,May,2024Q2,Greed,73.57142857142857,67.43333333333334,-0.5714285714285694,249,20,Greed
1717219800,72,Greed,2024-06-01,2024-06-01 05:30:00+00:00,2024,6,Jun,2024Q2,Greed,73.0,68.4,-1.0,249,21,Greed
1717306200,73,Greed,2024-06-02,2024-06-02 05:30:00+00:00,2024,6,Jun,2024Q2,Greed,72.71428571428571,69.23333333333333,0.2857142857142918,249,22,Greed
1717392600,73,Greed,2024-06-03,2024-06-03 05:30:00+00:00,2024,6,Jun,2024Q2,Greed,72.57142857142857,69.43333333333334,0.4285714285714306,249,23,Greed
1717479000,73,Greed,2024-06-04,2024-06-04 05:30:00+00:00,2024,6,Jun,2024Q2,Greed,72.71428571428571,69.56666666666666,0.2857142857142918,249,24,Greed
1717565400,75,Extreme Greed,2024-06-05,2024-06-05 05:30:00+00:00,2024,6,Jun,2024Q2,Greed,73.14285714285714,69.7,1.8571428571428612,249,25,Greed
1717651800,78,Extreme Greed,2024-06-06,2024-06-06 05:30:00+00:00,2024,6,Jun,2024Q2,Greed,73.85714285714286,70.03333333333333,4.142857142857139,249,26,Greed
1717738200,77,Extreme Greed,2024-06-07,2024-06-07 05:30:00+00:00,2024,6,Jun,2024Q2,Greed,74.42857142857143,70.46666666666667,2.5714285714285694,249,27,Greed
1717824600,72,Greed,2024-06-08,2024-06-08 05:30:00+00:00,2024,6,Jun,2024Q2,Greed,74.42857142857143,71.03333333333333,-2.4285714285714306,249,28,Greed
1717911000,75,Extreme Greed,2024-06-09,2024-06-09 05:30:00+00:00,2024,6,Jun,2024Q2,Greed,74.71428571428571,71.33333333333333,0.2857142857142918,249,29,Greed
1717997400,72,Greed,2024-06-10,2024-06-10 05:30:00+00:00,2024,6,Jun,2024Q2,Greed,74.57142857142857,71.96666666666667,-2.5714285714285694,249,30,Greed
1718083800,74,Greed,2024-06-11,2024-06-11 05:30:00+00:00,2024,6,Jun,2024Q2,Greed,74.71428571428571,72.56666666666666,-0.7142857142857082,249,31,Greed
1718170200,72,Greed,2024-06-12,2024-06-12 05:30:00+00:00,2024,6,Jun,2024Q2,Greed,74.28571428571429,73.06666666666666,-2.285714285714292,249,32,Greed
1718256600,70,Greed,2024-06-13,2024-06-13 05:30:00+00:00,2024,6,Jun,2024Q2,Greed,73.14285714285714,73.2,-3.142857142857139,249,33,Greed
1718343000,74,Greed,2024-06-14,2024-06-14 05:30:00+00:00,2024,6,Jun,2024Q2,Greed,72.71428571428571,73.53333333333333,1.2857142857142918,249,34,Greed
1718429400,74,Greed,2024-06-15,2024-06-15 05:30:00+00:00,2024,6,Jun,2024Q2,Greed,73.0,73.66666666666667,1.0,249,35,Greed
1718515800,71,Greed,2024-06-16,2024-06-16 05:30:00+00:00,2024,6,Jun,2024Q2,Greed,72.42857142857143,73.56666666666666,-1.4285714285714306,249,36,Greed
1718602200,71,Greed,2024-06-17,2024-06-17 05:30:00+00:00,2024,6,Jun,2024Q2,Greed,72.28571428571429,73.5,-1.2857142857142918,249,37,Greed
1718688600,74,Greed,2024-06-18,2024-06-18 05:30:00+00:00,2024,6,Jun,2024Q2,Greed,72.28571428571429,73.56666666666666,1.7142857142857082,249,38,Greed
1718775000,64,Greed,2024-06-19,2024-06-19 05:30:00+00:00,2024,6,Jun,2024Q2,Greed,71.14285714285714,73.36666666666666,-7.142857142857139,249,39,Greed
1718861400,60,Greed,2024-06-20,2024-06-20 05:30:00+00:00,2024,6,Jun,2024Q2,Greed,69.71428571428571,72.83333333333333,-9.714285714285708,249,40,Greed
1718947800,63,Greed,2024-06-21,2024-06-21 05:30:00+00:00,2024,6,Jun,2024Q2,Greed,68.14285714285714,72.4,-5.142857142857139,249,41,Neutral
1719034200,53,Neutral,2024-06-22,2024-06-22 05:30:00+00:00,2024,6,Jun,2024Q2,Neutral,65.14285714285714,71.63333333333334,-12.142857142857139,250,1,Greed
1719120600,55,Greed,2024-06-23,2024-06-23 05:30:00+00:00,2024,6,Jun,2024Q2,Greed,62.857142857142854,71.0,-7.857142857142854,251,1,Neutral
1719207000,51,Neutral,2024-06-24,2024-06-24 05:30:00+00:00,2024,6,Jun,2024Q2,Neutral,60.0,70.16666666666667,-9.0,252,1,Fear
1719293400,30,Fear,2024-06-25,2024-06-25 05:30:00+00:00,2024,6,Jun,2024Q2,Fear,53.714285714285715,68.66666666666667,-23.714285714285715,253,1,Neutral
1719379800,46,Neutral,2024-06-26,2024-06-26 05:30:00+00:00,2024,6,Jun,2024Q2,Neutral,51.142857142857146,67.73333333333333,-5.142857142857146,254,1,Fear
1719466200,40,Fear,2024-06-27,2024-06-27 05:30:00+00:00,2024,6,Jun,2024Q2,Fear,48.285714285714285,66.66666666666667,-8.285714285714285,255,1,Neutral
1719552600,47,Neutral,2024-06-28,2024-06-28 05:30:00+00:00,2024,6,Jun,2024Q2,Neutral,46.0,65.83333333333333,1.0,256,1,Fear
1719639000,30,Fear,2024-06-29,2024-06-29 05:30:00+00:00,2024,6,Jun,2024Q2,Fear,42.714285714285715,64.4,-12.714285714285715,257,1,Neutral
1719725400,47,Neutral,2024-06-30,2024-06-30 05:30:00+00:00,2024,6,Jun,2024Q2,Neutral,41.57142857142857,63.53333333333333,5.428571428571431,258,1,Neutral
1719811800,53,Neutral,2024-07-01,2024-07-01 05:30:00+00:00,2024,7,Jul,2024Q3,Neutral,41.857142857142854,62.9,11.142857142857146,258,2,Neutral
1719898200,51,Neutral,2024-07-02,2024-07-02 05:30:00+00:00,2024,7,Jul,2024Q3,Neutral,44.857142857142854,62.166666666666664,6.142857142857146,258,3,Neutral
1719984600,50,Neutral,2024-07-03,2024-07-03 05:30:00+00:00,2024,7,Jul,2024Q3,Neutral,45.42857142857143,61.4,4.571428571428569,258,4,Fear
1720071000,44,Fear,2024-07-04,2024-07-04 05:30:00+00:00,2024,7,Jul,2024Q3,Fear,46.0,60.43333333333333,-2.0,259,1,Fear
1720157400,29,Fear,2024-07-05,2024-07-05 05:30:00+00:00,2024,7,Jul,2024Q3,Fear,43.42857142857143,58.9,-14.42857142857143,259,2,Fear
1720243800,26,Fear,2024-07-06,2024-07-06 05:30:00+00:00,2024,7,Jul,2024Q3,Fear,42.857142857142854,57.166666666666664,-16.857142857142854,259,3,Fear
1720330200,29,Fear,2024-07-07,2024-07-07 05:30:00+00:00,2024,7,Jul,2024Q3,Fear,40.285714285714285,55.56666666666667,-11.285714285714285,259,4,Fear
1720416600,28,Fear,2024-07-08,2024-07-08 05:30:00+00:00,2024,7,Jul,2024Q3,Fear,36.714285714285715,54.1,-8.714285714285715,259,5,Fear
1720503000,27,Fear,2024-07-09,2024-07-09 05:30:00+00:00,2024,7,Jul,2024Q3,Fear,33.285714285714285,52.5,-6.285714285714285,259,6,Fear
1720589400,28,Fear,2024-07-10,2024-07-10 05:30:00+00:00,2024,7,Jul,2024Q3,Fear,30.142857142857142,51.03333333333333,-2.1428571428571423,259,7,Fear
1720675800,29,Fear,2024-07-11,2024-07-11 05:30:00+00:00,2024,7,Jul,2024Q3,Fear,28.0,49.53333333333333,1.0,259,8,Fear
1720762200,25,Fear,2024-07-12,2024-07-12 05:30:00+00:00,2024,7,Jul,2024Q3,Fear,27.428571428571427,47.96666666666667,-2.428571428571427,259,9,Fear
1720848600,25,Fear,2024-07-13,2024-07-13 05:30:00+00:00,2024,7,Jul,2024Q3,Fear,27.285714285714285,46.46666666666667,-2.2857142857142847,259,10,Fear
1720935000,33,Fear,2024-07-14,2024-07-14 05:30:00+00:00,2024,7,Jul,2024Q3,Fear,27.857142857142858,45.1,5.142857142857142,259,11,Neutral
1721021400,52,Neutral,2024-07-15,2024-07-15 05:30:00+00:00,2024,7,Jul,2024Q3,Neutral,31.285714285714285,44.36666666666667,20.714285714285715,260,1,Greed
1721107800,65,Greed,2024-07-16,2024-07-16 05:30:00+00:00,2024,7,Jul,2024Q3,Greed,36.714285714285715,44.166666666666664,28.285714285714285,261,1,Greed
1721194200,69,Greed,2024-07-17,2024-07-17 05:30:00+00:00,2024,7,Jul,2024Q3,Greed,42.57142857142857,44.1,26.42857142857143,261,2,Greed
1721280600,61,Greed,2024-07-18,2024-07-18 05:30:00+00:00,2024,7,Jul,2024Q3,Greed,47.142857142857146,43.666666666666664,13.857142857142854,261,3,Greed
1721367000,60,Greed,2024-07-19,2024-07-19 05:30:00+00:00,2024,7,Jul,2024Q3,Greed,52.142857142857146,43.53333333333333,7.857142857142854,261,4,Greed
1721453400,74,Greed,2024-07-20,2024-07-20 05:30:00+00:00,2024,7,Jul,2024Q3,Greed,59.142857142857146,44.0,14.857142857142854,261,5,Greed
1721539800,74,Greed,2024-07-21,2024-07-21 05:30:00+00:00,2024,7,Jul,2024Q3,Greed,65.0,44.36666666666667,9.0,261,6,Greed
1721626200,70,Greed,2024-07-22,2024-07-22 05:30:00+00:00,2024,7,Jul,2024Q3,Greed,67.57142857142857,44.93333333333333,2.4285714285714306,261,7,Greed
1721712600,71,Greed,2024-07-23,2024-07-23 05:30:00+00:00,2024,7,Jul,2024Q3,Greed,68.42857142857143,45.46666666666667,2.5714285714285694,261,8,Greed
1721799000,69,Greed,2024-07-24,2024-07-24 05:30:00+00:00,2024,7,Jul,2024Q3,Greed,68.42857142857143,46.06666666666667,0.5714285714285694,261,9,Greed
1721885400,68,Greed,2024-07-25,2024-07-25 05:30:00+00:00,2024,7,Jul,2024Q3,Greed,69.42857142857143,47.333333333333336,-1.4285714285714306,261,10,Greed
1721971800,68,Greed,2024-07-26,2024-07-26 05:30:00+00:00,2024,7,Jul,2024Q3,Greed,70.57142857142857,48.06666666666667,-2.5714285714285694,261,11,Greed
1722058200,72,Greed,2024-07-27,2024-07-27 05:30:00+00:00,2024,7,Jul,2024Q3,Greed,70.28571428571429,49.13333333333333,1.7142857142857082,261,12,Greed
1722144600,71,Greed,2024-07-28,2024-07-28 05:30:00+00:00,2024,7,Jul,2024Q3,Greed,69.85714285714286,49.93333333333333,1.1428571428571388,261,13,Greed
1722231000,74,Greed,2024-07-29,2024-07-29 05:30:00+00:00,2024,7,Jul,2024Q3,Greed,70.42857142857143,51.4,3.5714285714285694,261,14,Greed
1722317400,67,Greed,2024-07-30,2024-07-30 05:30:00+00:00,2024,7,Jul,2024Q3,Greed,69.85714285714286,52.06666666666667,-2.857142857142861,261,15,Greed
1722403800,61,Greed,2024-07-31,2024-07-31 05:30:00+00:00,2024,7,Jul,2024Q3,Greed,68.71428571428571,52.333333333333336,-7.714285714285708,261,16,Neutral
1722490200,52,Neutral,2024-08-01,2024-08-01 05:30:00+00:00,2024,8,Aug,2024Q3,Neutral,66.42857142857143,52.36666666666667,-14.42857142857143,262,1,Greed
1722576600,57,Greed,2024-08-02,2024-08-02 05:30:00+00:00,2024,8,Aug,2024Q3,Greed,64.85714285714286,52.6,-7.857142857142861,263,1,Fear
1722663000,37,Fear,2024-08-03,2024-08-03 05:30:00+00:00,2024,8,Aug,2024Q3,Fear,59.857142857142854,52.36666666666667,-22.857142857142854,264,1,Fear
1722749400,34,Fear,2024-08-04,2024-08-04 05:30:00+00:00,2024,8,Aug,2024Q3,Fear,54.57142857142857,52.53333333333333,-20.57142857142857,264,2,Fear
1722835800,26,Fear,2024-08-05,2024-08-05 05:30:00+00:00,2024,8,Aug,2024Q3,Fear,47.714285714285715,52.53333333333333,-21.714285714285715,264,3,Fear
1722922200,17,Extreme Fear,2024-08-06,2024-08-06 05:30:00+00:00,2024,8,Aug,2024Q3,Fear,40.57142857142857,52.13333333333333,-23.57142857142857,264,4,Fear
1723008600,29,Fear,2024-08-07,2024-08-07 05:30:00+00:00,2024,8,Aug,2024Q3,Fear,36.0,52.166666666666664,-7.0,264,5,Fear
1723095000,20,Extreme Fear,2024-08-08,2024-08-08 05:30:00+00:00,2024,8,Aug,2024Q3,Fear,31.428571428571427,51.93333333333333,-11.428571428571427,264,6,Neutral
1723181400,48,Neutral,2024-08-09,2024-08-09 05:30:00+00:00,2024,8,Aug,2024Q3,Neutral,30.142857142857142,52.6,17.857142857142858,265,1,Fear
1723267800,40,Fear,2024-08-10,2024-08-10 05:30:00+00:00,2024,8,Aug,2024Q3,Fear,30.571428571428573,52.96666666666667,9.428571428571427,266,1,Fear
1723354200,39,Fear,2024-08-11,2024-08-11 05:30:00+00:00,2024,8,Aug,2024Q3,Fear,31.285714285714285,53.43333333333333,7.714285714285715,266,2,Fear
1723440600,25,Fear,2024-08-12,2024-08-12 05:30:00+00:00,2024,8,Aug,2024Q3,Fear,31.142857142857142,53.43333333333333,-6.142857142857142,266,3,Fear
1723527000,31,Fear,2024-08-13,2024-08-13 05:30:00+00:00,2024,8,Aug,2024Q3,Fear,33.142857142857146,53.36666666666667,-2.142857142857146,266,4,Fear
1723613400,30,Fear,2024-08-14,2024-08-14 05:30:00+00:00,2024,8,Aug,2024Q3,Fear,33.285714285714285,52.63333333333333,-3.2857142857142847,266,5,Fear
1723699800,29,Fear,2024-08-15,2024-08-15 05:30:00+00:00,2024,8,Aug,2024Q3,Fear,34.57142857142857,51.43333333333333,-5.571428571428569,266,6,Fear
1723786200,27,Fear,2024-08-16,2024-08-16 05:30:00+00:00,2024,8,Aug,2024Q3,Fear,31.571428571428573,50.03333333333333,-4.571428571428573,266,7,Fear
1723872600,25,Fear,2024-08-17,2024-08-17 05:30:00+00:00,2024,8,Aug,2024Q3,Fear,29.428571428571427,48.833333333333336,-4.428571428571427,266,8,Fear
1723959000,31,Fear,2024-08-18,2024-08-18 05:30:00+00:00,2024,8,Aug,2024Q3,Fear,28.285714285714285,47.86666666666667,2.7142857142857153,266,9,Fear
1724045400,28,Fear,2024-08-19,2024-08-19 05:30:00+00:00,2024,8,Aug,2024Q3,Fear,28.714285714285715,46.333333333333336,-0.7142857142857153,266,10,Fear
1724131800,30,Fear,2024-08-20,2024-08-20 05:30:00+00:00,2024,8,Aug,2024Q3,Fear,28.571428571428573,44.86666666666667,1.428571428571427,266,11,Fear
1724218200,26,Fear,2024-08-21,2024-08-21 05:30:00+00:00,2024,8,Aug,2024Q3,Fear,28.0,43.4,-2.0,266,12,Fear
1724304600,39,Fear,2024-08-22,2024-08-22 05:30:00+00:00,2024,8,Aug,2024Q3,Fear,29.428571428571427,42.333333333333336,9.571428571428573,266,13,Fear
1724391000,34,Fear,2024-08-23,2024-08-23 05:30:00+00:00,2024,8,Aug,2024Q3,Fear,30.428571428571427,41.166666666666664,3.571428571428573,266,14,Greed
1724477400,56,Greed,2024-08-24,2024-08-24 05:30:00+00:00,2024,8,Aug,2024Q3,Greed,34.857142857142854,40.766666666666666,21.142857142857146,267,1,Neutral
1724563800,54,Neutral,2024-08-25,2024-08-25 05:30:00+00:00,2024,8,Aug,2024Q3,Neutral,38.142857142857146,40.3,15.857142857142854,268,1,Greed
1724650200,55,Greed,2024-08-26,2024-08-26 05:30:00+00:00,2024,8,Aug,2024Q3,Greed,42.0,39.733333333333334,13.0,269,1,Neutral
1724736600,48,Neutral,2024-08-27,2024-08-27 05:30:00+00:00,2024,8,Aug,2024Q3,Neutral,44.57142857142857,38.96666666666667,3.4285714285714306,270,1,Fear
1724823000,30,Fear,2024-08-28,2024-08-28 05:30:00+00:00,2024,8,Aug,2024Q3,Fear,45.142857142857146,37.5,-15.142857142857146,271,1,Fear
1724909400,29,Fear,2024-08-29,2024-08-29 05:30:00+00:00,2024,8,Aug,2024Q3,Fear,43.714285714285715,36.233333333333334,-14.714285714285715,271,2,Fear
1724995800,34,Fear,2024-08-30,2024-08-30 05:30:00+00:00,2024,8,Aug,2024Q3,Fear,43.714285714285715,35.333333333333336,-9.714285714285715,271,3,Fear
1725082200,29,Fear,2024-08-31,2024-08-31 05:30:00+00:00,2024,8,Aug,2024Q3,Fear,39.857142857142854,34.56666666666667,-10.857142857142854,271,4,Fear
1725168600,26,Fear,2024-09-01,2024-09-01 05:30:00+00:00,2024,9,Sep,2024Q3,Fear,35.857142857142854,33.53333333333333,-9.857142857142854,271,5,Fear
1725255000,26,Fear,2024-09-02,2024-09-02 05:30:00+00:00,2024,9,Sep,2024Q3,Fear,31.714285714285715,33.166666666666664,-5.714285714285715,271,6,Fear
1725341400,26,Fear,2024-09-03,2024-09-03 05:30:00+00:00,2024,9,Sep,2024Q3,Fear,28.571428571428573,32.9,-2.571428571428573,271,7,Fear
1725427800,27,Fear,2024-09-04,2024-09-04 05:30:00+00:00,2024,9,Sep,2024Q3,Fear,28.142857142857142,32.93333333333333,-1.1428571428571423,271,8,Fear
1725514200,29,Fear,2024-09-05,2024-09-05 05:30:00+00:00,2024,9,Sep,2024Q3,Fear,28.142857142857142,33.333333333333336,0.8571428571428577,271,9,Fear
1725600600,22,Extreme Fear,2024-09-06,2024-09-06 05:30:00+00:00,2024,9,Sep,2024Q3,Fear,26.428571428571427,33.1,-4.428571428571427,271,10,Fear
1725687000,23,Extreme Fear,2024-09-07,2024-09-07 05:30:00+00:00,2024,9,Sep,2024Q3,Fear,25.571428571428573,33.2,-2.571428571428573,271,11,Fear
1725773400,29,Fear,2024-09-08,2024-09-08 05:30:00+00:00,2024,9,Sep,2024Q3,Fear,26.0,32.56666666666667,3.0,271,12,Fear
1725859800,26,Fear,2024-09-09,2024-09-09 05:30:00+00:00,2024,9,Sep,2024Q3,Fear,26.0,32.1,0.0,271,13,Fear
1725946200,33,Fear,2024-09-10,2024-09-10 05:30:00+00:00,2024,9,Sep,2024Q3,Fear,27.0,31.9,6.0,271,14,Fear
1726032600,37,Fear,2024-09-11,2024-09-11 05:30:00+00:00,2024,9,Sep,2024Q3,Fear,28.428571428571427,32.3,8.571428571428573,271,15,Fear
1726119000,31,Fear,2024-09-12,2024-09-12 05:30:00+00:00,2024,9,Sep,2024Q3,Fear,28.714285714285715,32.3,2.2857142857142847,271,16,Fear
1726205400,32,Fear,2024-09-13,2024-09-13 05:30:00+00:00,2024,9,Sep,2024Q3,Fear,30.142857142857142,32.36666666666667,1.8571428571428577,271,17,Neutral
1726291800,50,Neutral,2024-09-14,2024-09-14 05:30:00+00:00,2024,9,Sep,2024Q3,Neutral,34.0,33.06666666666667,16.0,272,1,Neutral
1726378200,51,Neutral,2024-09-15,2024-09-15 05:30:00+00:00,2024,9,Sep,2024Q3,Neutral,37.142857142857146,33.86666666666667,13.857142857142854,272,2,Fear
1726464600,39,Fear,2024-09-16,2024-09-16 05:30:00+00:00,2024,9,Sep,2024Q3,Fear,39.0,34.333333333333336,0.0,273,1,Fear
1726551000,33,Fear,2024-09-17,2024-09-17 05:30:00+00:00,2024,9,Sep,2024Q3,Fear,39.0,34.4,-6.0,273,2,Neutral
1726637400,45,Neutral,2024-09-18,2024-09-18 05:30:00+00:00,2024,9,Sep,2024Q3,Neutral,40.142857142857146,34.96666666666667,4.857142857142854,274,1,Neutral
1726723800,49,Neutral,2024-09-19,2024-09-19 05:30:00+00:00,2024,9,Sep,2024Q3,Neutral,42.714285714285715,35.6,6.285714285714285,274,2,Neutral
1726810200,54,Neutral,2024-09-20,2024-09-20 05:30:00+00:00,2024,9,Sep,2024Q3,Neutral,45.857142857142854,36.53333333333333,8.142857142857146,274,3,Neutral
1726896600,54,Neutral,2024-09-21,2024-09-21 05:30:00+00:00,2024,9,Sep,2024Q3,Neutral,46.42857142857143,37.03333333333333,7.571428571428569,274,4,Neutral
1726983000,52,Neutral,2024-09-22,2024-09-22 05:30:00+00:00,2024,9,Sep,2024Q3,Neutral,46.57142857142857,37.63333333333333,5.428571428571431,274,5,Neutral
1727069400,50,Neutral,2024-09-23,2024-09-23 05:30:00+00:00,2024,9,Sep,2024Q3,Neutral,48.142857142857146,37.43333333333333,1.857142857142854,274,6,Neutral
1727155800,54,Neutral,2024-09-24,2024-09-24 05:30:00+00:00,2024,9,Sep,2024Q3,Neutral,51.142857142857146,37.43333333333333,2.857142857142854,274,7,Greed
1727242200,59,Greed,2024-09-25,2024-09-25 05:30:00+00:00,2024,9,Sep,2024Q3,Greed,53.142857142857146,37.56666666666667,5.857142857142854,275,1,Neutral
1727328600,50,Neutral,2024-09-26,2024-09-26 05:30:00+00:00,2024,9,Sep,2024Q3,Neutral,53.285714285714285,37.63333333333333,-3.2857142857142847,276,1,Greed
1727415000,61,Greed,2024-09-27,2024-09-27 05:30:00+00:00,2024,9,Sep,2024Q3,Greed,54.285714285714285,38.666666666666664,6.714285714285715,277,1,Greed
1727501400,64,Greed,2024-09-28,2024-09-28 05:30:00+00:00,2024,9,Sep,2024Q3,Greed,55.714285714285715,39.833333333333336,8.285714285714285,277,2,Greed
1727587800,63,Greed,2024-09-29,2024-09-29 05:30:00+00:00,2024,9,Sep,2024Q3,Greed,57.285714285714285,40.8,5.714285714285715,277,3,Greed
1727674200,61,Greed,2024-09-30,2024-09-30 05:30:00+00:00,2024,9,Sep,2024Q3,Greed,58.857142857142854,41.86666666666667,2.142857142857146,277,4,Neutral
1727760600,50,Neutral,2024-10-01,2024-10-01 05:30:00+00:00,2024,10,Oct,2024Q4,Neutral,58.285714285714285,42.666666666666664,-8.285714285714285,278,1,Fear
1727847000,42,Fear,2024-10-02,2024-10-02 05:30:00+00:00,2024,10,Oct,2024Q4,Fear,55.857142857142854,43.2,-13.857142857142854,279,1,Fear
1727933400,37,Fear,2024-10-03,2024-10-03 05:30:00+00:00,2024,10,Oct,2024Q4,Fear,54.0,43.56666666666667,-17.0,279,2,Fear
1728019800,41,Fear,2024-10-04,2024-10-04 05:30:00+00:00,2024,10,Oct,2024Q4,Fear,51.142857142857146,44.03333333333333,-10.142857142857146,279,3,Neutral
1728106200,49,Neutral,2024-10-05,2024-10-05 05:30:00+00:00,2024,10,Oct,2024Q4,Neutral,49.0,44.7,0.0,280,1,Neutral
1728192600,50,Neutral,2024-10-06,2024-10-06 05:30:00+00:00,2024,10,Oct,2024Q4,Neutral,47.142857142857146,45.63333333333333,2.857142857142854,280,2,Neutral
1728279000,50,Neutral,2024-10-07,2024-10-07 05:30:00+00:00,2024,10,Oct,2024Q4,Neutral,45.57142857142857,46.53333333333333,4.428571428571431,280,3,Neutral
1728365400,49,Neutral,2024-10-08,2024-10-08 05:30:00+00:00,2024,10,Oct,2024Q4,Neutral,45.42857142857143,47.2,3.5714285714285694,280,4,Neutral
1728451800,49,Neutral,2024-10-09,2024-10-09 05:30:00+00:00,2024,10,Oct,2024Q4,Neutral,46.42857142857143,47.96666666666667,2.5714285714285694,280,5,Fear
1728538200,39,Fear,2024-10-10,2024-10-10 05:30:00+00:00,2024,10,Oct,2024Q4,Fear,46.714285714285715,48.166666666666664,-7.714285714285715,281,1,Fear
1728624600,32,Fear,2024-10-11,2024-10-11 05:30:00+00:00,2024,10,Oct,2024Q4,Fear,45.42857142857143,48.0,-13.42857142857143,281,2,Neutral
1728711000,49,Neutral,2024-10-12,2024-10-12 05:30:00+00:00,2024,10,Oct,2024Q4,Neutral,45.42857142857143,48.6,3.5714285714285694,282,1,Neutral
1728797400,50,Neutral,2024-10-13,2024-10-13 05:30:00+00:00,2024,10,Oct,2024Q4,Neutral,45.42857142857143,49.2,4.571428571428569,282,2,Neutral
1728883800,48,Neutral,2024-10-14,2024-10-14 05:30:00+00:00,2024,10,Oct,2024Q4,Neutral,45.142857142857146,49.13333333333333,2.857142857142854,282,3,Greed
1728970200,65,Greed,2024-10-15,2024-10-15 05:30:00+00:00,2024,10,Oct,2024Q4,Greed,47.42857142857143,49.6,17.57142857142857,283,1,Greed
1729056600,73,Greed,2024-10-16,2024-10-16 05:30:00+00:00,2024,10,Oct,2024Q4,Greed,50.857142857142854,50.733333333333334,22.142857142857146,283,2,Greed
1729143000,71,Greed,2024-10-17,2024-10-17 05:30:00+00:00,2024,10,Oct,2024Q4,Greed,55.42857142857143,52.0,15.57142857142857,283,3,Greed
1729229400,73,Greed,2024-10-18,2024-10-18 05:30:00+00:00,2024,10,Oct,2024Q4,Greed,61.285714285714285,52.93333333333333,11.714285714285715,283,4,Greed
1729315800,72,Greed,2024-10-19,2024-10-19 05:30:00+00:00,2024,10,Oct,2024Q4,Greed,64.57142857142857,53.7,7.428571428571431,283,5,Greed
1729402200,73,Greed,2024-10-20,2024-10-20 05:30:00+00:00,2024,10,Oct,2024Q4,Greed,67.85714285714286,54.333333333333336,5.142857142857139,283,6,Greed
1729488600,72,Greed,2024-10-21,2024-10-21 05:30:00+00:00,2024,10,Oct,2024Q4,Greed,71.28571428571429,54.93333333333333,0.7142857142857082,283,7,Greed
1729575000,70,Greed,2024-10-22,2024-10-22 05:30:00+00:00,2024,10,Oct,2024Q4,Greed,72.0,55.53333333333333,-2.0,283,8,Greed
1729661400,71,Greed,2024-10-23,2024-10-23 05:30:00+00:00,2024,10,Oct,2024Q4,Greed,71.71428571428571,56.233333333333334,-0.7142857142857082,283,9,Greed
1729747800,69,Greed,2024-10-24,2024-10-24 05:30:00+00:00,2024,10,Oct,2024Q4,Greed,71.42857142857143,56.733333333333334,-2.4285714285714306,283,10,Greed
1729834200,72,Greed,2024-10-25,2024-10-25 05:30:00+00:00,2024,10,Oct,2024Q4,Greed,71.28571428571429,57.166666666666664,0.7142857142857082,283,11,Greed
1730007000,74,Greed,2024-10-27,2024-10-27 05:30:00+00:00,2024,10,Oct,2024Q4,Greed,71.57142857142857,57.96666666666667,2.4285714285714306,283,12,Greed
1730093400,72,Greed,2024-10-28,2024-10-28 05:30:00+00:00,2024,10,Oct,2024Q4,Greed,71.42857142857143,58.333333333333336,0.5714285714285694,283,13,Greed
1730179800,72,Greed,2024-10-29,2024-10-29 05:30:00+00:00,2024,10,Oct,2024Q4,Greed,71.42857142857143,58.6,0.5714285714285694,283,14,Greed
1730266200,77,Extreme Greed,2024-10-30,2024-10-30 05:30:00+00:00,2024,10,Oct,2024Q4,Greed,72.42857142857143,59.06666666666667,4.571428571428569,283,15,Greed
1730352600,77,Extreme Greed,2024-10-31,2024-10-31 05:30:00+00:00,2024,10,Oct,2024Q4,Greed,73.28571428571429,59.6,3.714285714285708,283,16,Greed
1730439000,75,Extreme Greed,2024-11-01,2024-11-01 05:30:00+00:00,2024,11,Nov,2024Q4,Greed,74.14285714285714,60.43333333333333,0.8571428571428612,283,17,Greed
1730525400,72,Greed,2024-11-02,2024-11-02 05:30:00+00:00,2024,11,Nov,2024Q4,Greed,74.14285714285714,61.43333333333333,-2.142857142857139,283,18,Greed
1730611800,74,Greed,2024-11-03,2024-11-03 05:30:00+00:00,2024,11,Nov,2024Q4,Greed,74.14285714285714,62.666666666666664,-0.1428571428571388,283,19,Greed
1730698200,70,Greed,2024-11-04,2024-11-04 05:30:00+00:00,2024,11,Nov,2024Q4,Greed,73.85714285714286,63.63333333333333,-3.857142857142861,283,20,Greed
1730784600,70,Greed,2024-11-05,2024-11-05 05:30:00+00:00,2024,11,Nov,2024Q4,Greed,73.57142857142857,64.33333333333333,-3.5714285714285694,283,21,Greed
1730871000,70,Greed,2024-11-06,2024-11-06 05:30:00+00:00,2024,11,Nov,2024Q4,Greed,72.57142857142857,65.0,-2.5714285714285694,283,22,Greed
1730957400,77,Extreme Greed,2024-11-07,2024-11-07 05:30:00+00:00,2024,11,Nov,2024Q4,Greed,72.57142857142857,65.9,4.428571428571431,283,23,Greed
1731043800,75,Extreme Greed,2024-11-08,2024-11-08 05:30:00+00:00,2024,11,Nov,2024Q4,Greed,72.57142857142857,66.76666666666667,2.4285714285714306,283,24,Greed
1731130200,75,Extreme Greed,2024-11-09,2024-11-09 05:30:00+00:00,2024,11,Nov,2024Q4,Greed,73.0,67.63333333333334,2.0,283,25,Greed
1731216600,78,Extreme Greed,2024-11-10,2024-11-10 05:30:00+00:00,2024,11,Nov,2024Q4,Greed,73.57142857142857,68.93333333333334,4.428571428571431,283,26,Greed
1731303000,76,Extreme Greed,2024-11-11,2024-11-11 05:30:00+00:00,2024,11,Nov,2024Q4,Greed,74.42857142857143,70.4,1.5714285714285694,283,27,Greed
1731389400,80,Extreme Greed,2024-11-12,2024-11-12 05:30:00+00:00,2024,11,Nov,2024Q4,Greed,75.85714285714286,71.43333333333334,4.142857142857139,283,28,Greed
1731475800,84,Extreme Greed,2024-11-13,2024-11-13 05:30:00+00:00,2024,11,Nov,2024Q4,Greed,77.85714285714286,72.56666666666666,6.142857142857139,283,29,Greed
1731562200,88,Extreme Greed,2024-11-14,2024-11-14 05:30:00+00:00,2024,11,Nov,2024Q4,Greed,79.42857142857143,73.9,8.57142857142857,283,30,Greed
1731648600,80,Extreme Greed,2024-11-15,2024-11-15 05:30:00+00:00,2024,11,Nov,2024Q4,Greed,80.14285714285714,74.4,-0.1428571428571388,283,31,Greed
1731735000,86,Extreme Greed,2024-11-16,2024-11-16 05:30:00+00:00,2024,11,Nov,2024Q4,Greed,81.71428571428571,74.83333333333333,4.285714285714292,283,32,Greed
1731821400,90,Extreme Greed,2024-11-17,2024-11-17 05:30:00+00:00,2024,11,Nov,2024Q4,Greed,83.42857142857143,75.46666666666667,6.571428571428569,283,33,Greed
1731907800,83,Extreme Greed,2024-11-18,2024-11-18 05:30:00+00:00,2024,11,Nov,2024Q4,Greed,84.42857142857143,75.8,-1.4285714285714306,283,34,Greed
1731994200,90,Extreme Greed,2024-11-19,2024-11-19 05:30:00+00:00,2024,11,Nov,2024Q4,Greed,85.85714285714286,76.4,4.142857142857139,283,35,Greed
1732080600,83,Extreme Greed,2024-11-20,2024-11-20 05:30:00+00:00,2024,11,Nov,2024Q4,Greed,85.71428571428571,76.73333333333333,-2.714285714285708,283,36,Greed
1732167000,82,Extreme Greed,2024-11-21,2024-11-21 05:30:00+00:00,2024,11,Nov,2024Q4,Greed,84.85714285714286,77.06666666666666,-2.857142857142861,283,37,Greed
1732253400,94,Extreme Greed,2024-11-22,2024-11-22 05:30:00+00:00,2024,11,Nov,2024Q4,Greed,86.85714285714286,77.86666666666666,7.142857142857139,283,38,Greed
1732339800,93,Extreme Greed,2024-11-23,2024-11-23 05:30:00+00:00,2024,11,Nov,2024Q4,Greed,87.85714285714286,78.6,5.142857142857139,283,39,Greed
1732426200,80,Extreme Greed,2024-11-24,2024-11-24 05:30:00+00:00,2024,11,Nov,2024Q4,Greed,86.42857142857143,78.96666666666667,-6.428571428571431,283,40,Greed
1732512600,82,Extreme Greed,2024-11-25,2024-11-25 05:30:00+00:00,2024,11,Nov,2024Q4,Greed,86.28571428571429,79.3,-4.285714285714292,283,41,Greed
1732599000,79,Extreme Greed,2024-11-26,2024-11-26 05:30:00+00:00,2024,11,Nov,2024Q4,Greed,84.71428571428571,79.46666666666667,-5.714285714285708,283,42,Greed
1732685400,75,Extreme Greed,2024-11-27,2024-11-27 05:30:00+00:00,2024,11,Nov,2024Q4,Greed,83.57142857142857,79.56666666666666,-8.57142857142857,283,43,Greed
1732771800,77,Extreme Greed,2024-11-28,2024-11-28 05:30:00+00:00,2024,11,Nov,2024Q4,Greed,82.85714285714286,79.73333333333333,-5.857142857142861,283,44,Greed
1732858200,78,Extreme Greed,2024-11-29,2024-11-29 05:30:00+00:00,2024,11,Nov,2024Q4,Greed,80.57142857142857,79.76666666666667,-2.5714285714285694,283,45,Greed
1732944600,84,Extreme Greed,2024-11-30,2024-11-30 05:30:00+00:00,2024,11,Nov,2024Q4,Greed,79.28571428571429,80.0,4.714285714285708,283,46,Greed
1733031000,81,Extreme Greed,2024-12-01,2024-12-01 05:30:00+00:00,2024,12,Dec,2024Q4,Greed,79.42857142857143,80.2,1.5714285714285694,283,47,Greed
1733117400,80,Extreme Greed,2024-12-02,2024-12-02 05:30:00+00:00,2024,12,Dec,2024Q4,Greed,79.14285714285714,80.46666666666667,0.8571428571428612,283,48,Greed
1733203800,76,Extreme Greed,2024-12-03,2024-12-03 05:30:00+00:00,2024,12,Dec,2024Q4,Greed,78.71428571428571,80.53333333333333,-2.714285714285708,283,49,Greed
1733290200,78,Extreme Greed,2024-12-04,2024-12-04 05:30:00+00:00,2024,12,Dec,2024Q4,Greed,79.14285714285714,80.8,-1.1428571428571388,283,50,Greed
1733376600,84,Extreme Greed,2024-12-05,2024-12-05 05:30:00+00:00,2024,12,Dec,2024Q4,Greed,80.14285714285714,81.26666666666667,3.857142857142861,283,51,Greed
1733463000,72,Greed,2024-12-06,2024-12-06 05:30:00+00:00,2024,12,Dec,2024Q4,Greed,79.28571428571429,81.33333333333333,-7.285714285714292,283,52,Greed
1733549400,75,Extreme Greed,2024-12-07,2024-12-07 05:30:00+00:00,2024,12,Dec,2024Q4,Greed,78.0,81.26666666666667,-3.0,283,53,Greed
1733635800,79,Extreme Greed,2024-12-08,2024-12-08 05:30:00+00:00,2024,12,Dec,2024Q4,Greed,77.71428571428571,81.4,1.2857142857142918,283,54,Greed
1733722200,78,Extreme Greed,2024-12-09,2024-12-09 05:30:00+00:00,2024,12,Dec,2024Q4,Greed,77.42857142857143,81.5,0.5714285714285694,283,55,Greed
1733808600,78,Extreme Greed,2024-12-10,2024-12-10 05:30:00+00:00,2024,12,Dec,2024Q4,Greed,77.71428571428571,81.5,0.2857142857142918,283,56,Greed
1733895000,74,Greed,2024-12-11,2024-12-11 05:30:00+00:00,2024,12,Dec,2024Q4,Greed,77.14285714285714,81.43333333333334,-3.142857142857139,283,57,Greed
1733981400,83,Extreme Greed,2024-12-12,2024-12-12 05:30:00+00:00,2024,12,Dec,2024Q4,Greed,77.0,81.53333333333333,6.0,283,58,Greed
1734067800,76,Extreme Greed,2024-12-13,2024-12-13 05:30:00+00:00,2024,12,Dec,2024Q4,Greed,77.57142857142857,81.26666666666667,-1.5714285714285694,283,59,Greed
1734154200,83,Extreme Greed,2024-12-14,2024-12-14 05:30:00+00:00,2024,12,Dec,2024Q4,Greed,78.71428571428571,81.1,4.285714285714292,283,60,Greed
1734240600,80,Extreme Greed,2024-12-15,2024-12-15 05:30:00+00:00,2024,12,Dec,2024Q4,Greed,78.85714285714286,81.1,1.1428571428571388,283,61,Greed
1734327000,83,Extreme Greed,2024-12-16,2024-12-16 05:30:00+00:00,2024,12,Dec,2024Q4,Greed,79.57142857142857,81.0,3.4285714285714306,283,62,Greed
1734413400,87,Extreme Greed,2024-12-17,2024-12-17 05:30:00+00:00,2024,12,Dec,2024Q4,Greed,80.85714285714286,80.9,6.142857142857139,283,63,Greed
1734499800,81,Extreme Greed,2024-12-18,2024-12-18 05:30:00+00:00,2024,12,Dec,2024Q4,Greed,81.85714285714286,80.83333333333333,-0.8571428571428612,283,64,Greed
1734586200,75,Extreme Greed,2024-12-19,2024-12-19 05:30:00+00:00,2024,12,Dec,2024Q4,Greed,80.71428571428571,80.33333333333333,-5.714285714285708,283,65,Greed
1734672600,74,Greed,2024-12-20,2024-12-20 05:30:00+00:00,2024,12,Dec,2024Q4,Greed,80.42857142857143,80.03333333333333,-6.428571428571431,283,66,Greed
1734759000,73,Greed,2024-12-21,2024-12-21 05:30:00+00:00,2024,12,Dec,2024Q4,Greed,79.0,79.73333333333333,-6.0,283,67,Greed
1734845400,73,Greed,2024-12-22,2024-12-22 05:30:00+00:00,2024,12,Dec,2024Q4,Greed,78.0,79.03333333333333,-5.0,283,68,Greed
1734931800,70,Greed,2024-12-23,2024-12-23 05:30:00+00:00,2024,12,Dec,2024Q4,Greed,76.14285714285714,78.26666666666667,-6.142857142857139,283,69,Greed
1735018200,73,Greed,2024-12-24,2024-12-24 05:30:00+00:00,2024,12,Dec,2024Q4,Greed,74.14285714285714,78.03333333333333,-1.1428571428571388,283,70,Greed
1735104600,73,Greed,2024-12-25,2024-12-25 05:30:00+00:00,2024,12,Dec,2024Q4,Greed,73.0,77.73333333333333,0.0,283,71,Greed
1735191000,79,Extreme Greed,2024-12-26,2024-12-26 05:30:00+00:00,2024,12,Dec,2024Q4,Greed,73.57142857142857,77.73333333333333,5.428571428571431,283,72,Greed
1735277400,74,Greed,2024-12-27,2024-12-27 05:30:00+00:00,2024,12,Dec,2024Q4,Greed,73.57142857142857,77.7,0.4285714285714306,283,73,Greed
1735363800,72,Greed,2024-12-28,2024-12-28 05:30:00+00:00,2024,12,Dec,2024Q4,Greed,73.42857142857143,77.53333333333333,-1.4285714285714306,283,74,Greed
1735450200,73,Greed,2024-12-29,2024-12-29 05:30:00+00:00,2024,12,Dec,2024Q4,Greed,73.42857142857143,77.36666666666666,-0.4285714285714306,283,75,Greed
1735536600,65,Greed,2024-12-30,2024-12-30 05:30:00+00:00,2024,12,Dec,2024Q4,Greed,72.71428571428571,76.73333333333333,-7.714285714285708,283,76,Greed
1735623000,64,Greed,2024-12-31,2024-12-31 05:30:00+00:00,2024,12,Dec,2024Q4,Greed,71.42857142857143,76.16666666666667,-7.428571428571431,283,77,Greed
1735709400,66,Greed,2025-01-01,2025-01-01 05:30:00+00:00,2025,1,Jan,2025Q1,Greed,70.42857142857143,75.7,-4.428571428571431,283,78,Greed
1735795800,70,Greed,2025-01-02,2025-01-02 05:30:00+00:00,2025,1,Jan,2025Q1,Greed,69.14285714285714,75.5,0.8571428571428612,283,79,Greed
1735882200,74,Greed,2025-01-03,2025-01-03 05:30:00+00:00,2025,1,Jan,2025Q1,Greed,69.14285714285714,75.36666666666666,4.857142857142861,283,80,Greed
1735968600,73,Greed,2025-01-04,2025-01-04 05:30:00+00:00,2025,1,Jan,2025Q1,Greed,69.28571428571429,75.0,3.714285714285708,283,81,Greed
1736055000,72,Greed,2025-01-05,2025-01-05 05:30:00+00:00,2025,1,Jan,2025Q1,Greed,69.14285714285714,75.0,2.857142857142861,283,82,Greed
1736141400,76,Extreme Greed,2025-01-06,2025-01-06 05:30:00+00:00,2025,1,Jan,2025Q1,Greed,70.71428571428571,75.03333333333333,5.285714285714292,283,83,Greed
1736227800,78,Extreme Greed,2025-01-07,2025-01-07 05:30:00+00:00,2025,1,Jan,2025Q1,Greed,72.71428571428571,75.0,5.285714285714292,283,84,Greed
1736314200,70,Greed,2025-01-08,2025-01-08 05:30:00+00:00,2025,1,Jan,2025Q1,Greed,73.28571428571429,74.73333333333333,-3.285714285714292,283,85,Greed
1736400600,69,Greed,2025-01-09,2025-01-09 05:30:00+00:00,2025,1,Jan,2025Q1,Greed,73.14285714285714,74.43333333333334,-4.142857142857139,283,86,Neutral
1736487000,50,Neutral,2025-01-10,2025-01-10 05:30:00+00:00,2025,1,Jan,2025Q1,Neutral,69.71428571428571,73.63333333333334,-19.714285714285708,284,1,Greed
1736573400,69,Greed,2025-01-11,2025-01-11 05:30:00+00:00,2025,1,Jan,2025Q1,Greed,69.14285714285714,73.16666666666667,-0.1428571428571388,285,1,Greed
1736659800,62,Greed,2025-01-12,2025-01-12 05:30:00+00:00,2025,1,Jan,2025Q1,Greed,67.71428571428571,72.7,-5.714285714285708,285,2,Greed
1736746200,61,Greed,2025-01-13,2025-01-13 05:30:00+00:00,2025,1,Jan,2025Q1,Greed,65.57142857142857,71.96666666666667,-4.571428571428569,285,3,Greed
1736832600,63,Greed,2025-01-14,2025-01-14 05:30:00+00:00,2025,1,Jan,2025Q1,Greed,63.42857142857143,71.4,-0.4285714285714306,285,4,Greed
1736919000,70,Greed,2025-01-15,2025-01-15 05:30:00+00:00,2025,1,Jan,2025Q1,Greed,63.42857142857143,70.96666666666667,6.571428571428569,285,5,Greed
1737005400,75,Extreme Greed,2025-01-16,2025-01-16 05:30:00+00:00,2025,1,Jan,2025Q1,Greed,64.28571428571429,70.56666666666666,10.714285714285708,285,6,Greed
1737091800,75,Extreme Greed,2025-01-17,2025-01-17 05:30:00+00:00,2025,1,Jan,2025Q1,Greed,67.85714285714286,70.36666666666666,7.142857142857139,285,7,Greed
1737178200,77,Extreme Greed,2025-01-18,2025-01-18 05:30:00+00:00,2025,1,Jan,2025Q1,Greed,69.0,70.43333333333334,8.0,285,8,Greed
1737264600,77,Extreme Greed,2025-01-19,2025-01-19 05:30:00+00:00,2025,1,Jan,2025Q1,Greed,71.14285714285714,70.53333333333333,5.857142857142861,285,9,Greed
1737351000,76,Extreme Greed,2025-01-20,2025-01-20 05:30:00+00:00,2025,1,Jan,2025Q1,Greed,73.28571428571429,70.63333333333334,2.714285714285708,285,10,Greed
1737437400,76,Extreme Greed,2025-01-21,2025-01-21 05:30:00+00:00,2025,1,Jan,2025Q1,Greed,75.14285714285714,70.73333333333333,0.8571428571428612,285,11,Greed
1737523800,84,Extreme Greed,2025-01-22,2025-01-22 05:30:00+00:00,2025,1,Jan,2025Q1,Greed,77.14285714285714,71.2,6.857142857142861,285,12,Greed
1737610200,75,Extreme Greed,2025-01-23,2025-01-23 05:30:00+00:00,2025,1,Jan,2025Q1,Greed,77.14285714285714,71.26666666666667,-2.142857142857139,285,13,Greed
1737696600,75,Extreme Greed,2025-01-24,2025-01-24 05:30:00+00:00,2025,1,Jan,2025Q1,Greed,77.14285714285714,71.33333333333333,-2.142857142857139,285,14,Greed
1737783000,75,Extreme Greed,2025-01-25,2025-01-25 05:30:00+00:00,2025,1,Jan,2025Q1,Greed,76.85714285714286,71.2,-1.8571428571428612,285,15,Greed
1737869400,73,Greed,2025-01-26,2025-01-26 05:30:00+00:00,2025,1,Jan,2025Q1,Greed,76.28571428571429,71.16666666666667,-3.285714285714292,285,16,Greed
1737955800,71,Greed,2025-01-27,2025-01-27 05:30:00+00:00,2025,1,Jan,2025Q1,Greed,75.57142857142857,71.13333333333334,-4.571428571428569,285,17,Greed
1738042200,72,Greed,2025-01-28,2025-01-28 05:30:00+00:00,2025,1,Jan,2025Q1,Greed,75.0,71.1,-3.0,285,18,Greed
1738128600,72,Greed,2025-01-29,2025-01-29 05:30:00+00:00,2025,1,Jan,2025Q1,Greed,73.28571428571429,71.33333333333333,-1.2857142857142918,285,19,Greed
1738215000,70,Greed,2025-01-30,2025-01-30 05:30:00+00:00,2025,1,Jan,2025Q1,Greed,72.57142857142857,71.53333333333333,-2.5714285714285694,285,20,Greed
1738301400,76,Extreme Greed,2025-01-31,2025-01-31 05:30:00+00:00,2025,1,Jan,2025Q1,Greed,72.71428571428571,71.86666666666666,3.285714285714292,285,21,Greed
1738387800,68,Greed,2025-02-01,2025-02-01 05:30:00+00:00,2025,2,Feb,2025Q1,Greed,71.71428571428571,71.8,-3.714285714285708,285,22,Greed
1738474200,60,Greed,2025-02-02,2025-02-02 05:30:00+00:00,2025,2,Feb,2025Q1,Greed,69.85714285714286,71.33333333333333,-9.857142857142861,285,23,Fear
1738560600,44,Fear,2025-02-03,2025-02-03 05:30:00+00:00,2025,2,Feb,2025Q1,Fear,66.0,70.36666666666666,-22.0,286,1,Greed
1738647000,72,Greed,2025-02-04,2025-02-04 05:30:00+00:00,2025,2,Feb,2025Q1,Greed,66.0,70.36666666666666,6.0,287,1,Neutral
1738733400,54,Neutral,2025-02-05,2025-02-05 05:30:00+00:00,2025,2,Feb,2025Q1,Neutral,63.42857142857143,69.63333333333334,-9.42857142857143,288,1,Neutral
1738819800,49,Neutral,2025-02-06,2025-02-06 05:30:00+00:00,2025,2,Feb,2025Q1,Neutral,60.42857142857143,68.66666666666667,-11.42857142857143,288,2,Fear
1738906200,44,Fear,2025-02-07,2025-02-07 05:30:00+00:00,2025,2,Feb,2025Q1,Fear,55.857142857142854,67.8,-11.857142857142854,289,1,Fear
1738992600,44,Fear,2025-02-08,2025-02-08 05:30:00+00:00,2025,2,Feb,2025Q1,Fear,52.42857142857143,66.96666666666667,-8.42857142857143,289,2,Neutral
1739079000,46,Neutral,2025-02-09,2025-02-09 05:30:00+00:00,2025,2,Feb,2025Q1,Neutral,50.42857142857143,66.83333333333333,-4.428571428571431,290,1,Fear
1739165400,43,Fear,2025-02-10,2025-02-10 05:30:00+00:00,2025,2,Feb,2025Q1,Fear,50.285714285714285,65.96666666666667,-7.285714285714285,291,1,Neutral
1739251800,47,Neutral,2025-02-11,2025-02-11 05:30:00+00:00,2025,2,Feb,2025Q1,Neutral,46.714285714285715,65.46666666666667,0.2857142857142847,292,1,Neutral
1739338200,46,Neutral,2025-02-12,2025-02-12 05:30:00+00:00,2025,2,Feb,2025Q1,Neutral,45.57142857142857,64.96666666666667,0.4285714285714306,292,2,Neutral
1739424600,50,Neutral,2025-02-13,2025-02-13 05:30:00+00:00,2025,2,Feb,2025Q1,Neutral,45.714285714285715,64.53333333333333,4.285714285714285,292,3,Neutral
1739511000,48,Neutral,2025-02-14,2025-02-14 05:30:00+00:00,2025,2,Feb,2025Q1,Neutral,46.285714285714285,63.8,1.7142857142857153,292,4,Neutral
1739597400,50,Neutral,2025-02-15,2025-02-15 05:30:00+00:00,2025,2,Feb,2025Q1,Neutral,47.142857142857146,62.96666666666667,2.857142857142854,292,5,Neutral
1739683800,54,Neutral,2025-02-16,2025-02-16 05:30:00+00:00,2025,2,Feb,2025Q1,Neutral,48.285714285714285,62.266666666666666,5.714285714285715,292,6,Neutral
1739770200,51,Neutral,2025-02-17,2025-02-17 05:30:00+00:00,2025,2,Feb,2025Q1,Neutral,49.42857142857143,61.4,1.5714285714285694,292,7,Neutral
1739856600,47,Neutral,2025-02-18,2025-02-18 05:30:00+00:00,2025,2,Feb,2025Q1,Neutral,49.42857142857143,60.4,-2.4285714285714306,292,8,Fear
1739943000,44,Fear,2025-02-19,2025-02-19 05:30:00+00:00,2025,2,Feb,2025Q1,Fear,49.142857142857146,59.333333333333336,-5.142857142857146,293,1,Neutral
1740029400,49,Neutral,2025-02-20,2025-02-20 05:30:00+00:00,2025,2,Feb,2025Q1,Neutral,49.0,58.43333333333333,0.0,294,1,Greed
1740115800,55,Greed,2025-02-21,2025-02-21 05:30:00+00:00,2025,2,Feb,2025Q1,Greed,50.0,57.46666666666667,5.0,295,1,Neutral
1740202200,49,Neutral,2025-02-22,2025-02-22 05:30:00+00:00,2025,2,Feb,2025Q1,Neutral,49.857142857142854,56.6,-0.8571428571428541,296,1,Neutral
1740288600,50,Neutral,2025-02-23,2025-02-23 05:30:00+00:00,2025,2,Feb,2025Q1,Neutral,49.285714285714285,55.766666666666666,0.7142857142857153,296,2,Neutral
1740375000,49,Neutral,2025-02-24,2025-02-24 05:30:00+00:00,2025,2,Feb,2025Q1,Neutral,49.0,54.9,0.0,296,3,Fear
1740461400,25,Fear,2025-02-25,2025-02-25 05:30:00+00:00,2025,2,Feb,2025Q1,Fear,45.857142857142854,53.3,-20.857142857142854,297,1,Fear
1740547800,21,Extreme Fear,2025-02-26,2025-02-26 05:30:00+00:00,2025,2,Feb,2025Q1,Fear,42.57142857142857,51.63333333333333,-21.57142857142857,297,2,Fear
1740634200,10,Extreme Fear,2025-02-27,2025-02-27 05:30:00+00:00,2025,2,Feb,2025Q1,Fear,37.0,49.56666666666667,-27.0,297,3,Fear
1740720600,16,Extreme Fear,2025-02-28,2025-02-28 05:30:00+00:00,2025,2,Feb,2025Q1,Fear,31.428571428571427,47.7,-15.428571428571427,297,4,Fear
1740807000,20,Extreme Fear,2025-03-01,2025-03-01 05:30:00+00:00,2025,3,Mar,2025Q1,Fear,27.285714285714285,46.03333333333333,-7.285714285714285,297,5,Fear
1740893400,26,Fear,2025-03-02,2025-03-02 05:30:00+00:00,2025,3,Mar,2025Q1,Fear,23.857142857142858,44.36666666666667,2.1428571428571423,297,6,Fear
1740979800,33,Fear,2025-03-03,2025-03-03 05:30:00+00:00,2025,3,Mar,2025Q1,Fear,21.571428571428573,43.2,11.428571428571427,297,7,Fear
1741066200,15,Extreme Fear,2025-03-04,2025-03-04 05:30:00+00:00,2025,3,Mar,2025Q1,Fear,20.142857142857142,41.7,-5.142857142857142,297,8,Fear
1741152600,20,Extreme Fear,2025-03-05,2025-03-05 05:30:00+00:00,2025,3,Mar,2025Q1,Fear,20.0,40.9,0.0,297,9,Fear
1741239000,25,Fear,2025-03-06,2025-03-06 05:30:00+00:00,2025,3,Mar,2025Q1,Fear,22.142857142857142,39.333333333333336,2.8571428571428577,297,10,Fear
1741325400,34,Fear,2025-03-07,2025-03-07 05:30:00+00:00,2025,3,Mar,2025Q1,Fear,24.714285714285715,38.666666666666664,9.285714285714285,297,11,Fear
1741411800,28,Fear,2025-03-08,2025-03-08 05:30:00+00:00,2025,3,Mar,2025Q1,Fear,25.857142857142858,37.96666666666667,2.1428571428571423,297,12,Fear
1741498200,27,Fear,2025-03-09,2025-03-09 05:30:00+00:00,2025,3,Mar,2025Q1,Fear,26.0,37.4,1.0,297,13,Fear
1741584600,20,Extreme Fear,2025-03-10,2025-03-10 05:30:00+00:00,2025,3,Mar,2025Q1,Fear,24.142857142857142,36.6,-4.142857142857142,297,14,Fear
1741671000,24,Extreme Fear,2025-03-11,2025-03-11 05:30:00+00:00,2025,3,Mar,2025Q1,Fear,25.428571428571427,35.86666666666667,-1.428571428571427,297,15,Fear
1741757400,34,Fear,2025-03-12,2025-03-12 05:30:00+00:00,2025,3,Mar,2025Q1,Fear,27.428571428571427,35.56666666666667,6.571428571428573,297,16,Neutral
1741843800,45,Neutral,2025-03-13,2025-03-13 05:30:00+00:00,2025,3,Mar,2025Q1,Neutral,30.285714285714285,35.5,14.714285714285715,298,1,Fear
1741930200,27,Fear,2025-03-14,2025-03-14 05:30:00+00:00,2025,3,Mar,2025Q1,Fear,29.285714285714285,34.86666666666667,-2.2857142857142847,299,1,Neutral
1742016600,46,Neutral,2025-03-15,2025-03-15 05:30:00+00:00,2025,3,Mar,2025Q1,Neutral,31.857142857142858,34.733333333333334,14.142857142857142,300,1,Fear
1742103000,30,Fear,2025-03-16,2025-03-16 05:30:00+00:00,2025,3,Mar,2025Q1,Fear,32.285714285714285,34.13333333333333,-2.2857142857142847,301,1,Fear
1742189400,32,Fear,2025-03-17,2025-03-17 05:30:00+00:00,2025,3,Mar,2025Q1,Fear,34.0,33.53333333333333,-2.0,301,2,Fear
1742275800,34,Fear,2025-03-18,2025-03-18 05:30:00+00:00,2025,3,Mar,2025Q1,Fear,35.42857142857143,32.86666666666667,-1.4285714285714306,301,3,Fear
1742362200,32,Fear,2025-03-19,2025-03-19 05:30:00+00:00,2025,3,Mar,2025Q1,Fear,35.142857142857146,32.233333333333334,-3.142857142857146,301,4,Neutral
1742448600,49,Neutral,2025-03-20,2025-03-20 05:30:00+00:00,2025,3,Mar,2025Q1,Neutral,35.714285714285715,32.3,13.285714285714285,302,1,Fear
1742535000,31,Fear,2025-03-21,2025-03-21 05:30:00+00:00,2025,3,Mar,2025Q1,Fear,36.285714285714285,31.866666666666667,-5.285714285714285,303,1,Fear
1742621400,32,Fear,2025-03-22,2025-03-22 05:30:00+00:00,2025,3,Mar,2025Q1,Fear,34.285714285714285,31.3,-2.2857142857142847,303,2,Fear
1742707800,30,Fear,2025-03-23,2025-03-23 05:30:00+00:00,2025,3,Mar,2025Q1,Fear,34.285714285714285,30.466666666666665,-4.285714285714285,303,3,Neutral
1742794200,45,Neutral,2025-03-24,2025-03-24 05:30:00+00:00,2025,3,Mar,2025Q1,Neutral,36.142857142857146,30.333333333333332,8.857142857142854,304,1,Neutral
1742880600,46,Neutral,2025-03-25,2025-03-25 05:30:00+00:00,2025,3,Mar,2025Q1,Neutral,37.857142857142854,30.2,8.142857142857146,304,2,Neutral
1742967000,47,Neutral,2025-03-26,2025-03-26 05:30:00+00:00,2025,3,Mar,2025Q1,Neutral,40.0,30.133333333333333,7.0,304,3,Fear
1743053400,40,Fear,2025-03-27,2025-03-27 05:30:00+00:00,2025,3,Mar,2025Q1,Fear,38.714285714285715,30.633333333333333,1.2857142857142847,305,1,Fear
1743139800,44,Fear,2025-03-28,2025-03-28 05:30:00+00:00,2025,3,Mar,2025Q1,Fear,40.57142857142857,31.4,3.4285714285714306,305,2,Fear
1743226200,26,Fear,2025-03-29,2025-03-29 05:30:00+00:00,2025,3,Mar,2025Q1,Fear,39.714285714285715,31.933333333333334,-13.714285714285715,305,3,Fear
1743312600,32,Fear,2025-03-30,2025-03-30 05:30:00+00:00,2025,3,Mar,2025Q1,Fear,40.0,32.46666666666667,-8.0,305,4,Fear
1743399000,34,Fear,2025-03-31,2025-03-31 05:30:00+00:00,2025,3,Mar,2025Q1,Fear,38.42857142857143,32.93333333333333,-4.428571428571431,305,5,Fear
1743485400,34,Fear,2025-04-01,2025-04-01 05:30:00+00:00,2025,4,Apr,2025Q2,Fear,36.714285714285715,33.2,-2.7142857142857153,305,6,Fear
1743571800,44,Fear,2025-04-02,2025-04-02 05:30:00+00:00,2025,4,Apr,2025Q2,Fear,36.285714285714285,33.56666666666667,7.714285714285715,305,7,Fear
1743658200,25,Fear,2025-04-03,2025-04-03 05:30:00+00:00,2025,4,Apr,2025Q2,Fear,34.142857142857146,33.9,-9.142857142857146,305,8,Fear
1743744600,28,Fear,2025-04-04,2025-04-04 05:30:00+00:00,2025,4,Apr,2025Q2,Fear,31.857142857142858,34.166666666666664,-3.8571428571428577,305,9,Fear
1743831000,30,Fear,2025-04-05,2025-04-05 05:30:00+00:00,2025,4,Apr,2025Q2,Fear,32.42857142857143,34.333333333333336,-2.4285714285714306,305,10,Fear
1743917400,34,Fear,2025-04-06,2025-04-06 05:30:00+00:00,2025,4,Apr,2025Q2,Fear,32.714285714285715,34.333333333333336,1.2857142857142847,305,11,Fear
1744003800,23,Extreme Fear,2025-04-07,2025-04-07 05:30:00+00:00,2025,4,Apr,2025Q2,Fear,31.142857142857142,34.166666666666664,-8.142857142857142,305,12,Fear
1744090200,24,Extreme Fear,2025-04-08,2025-04-08 05:30:00+00:00,2025,4,Apr,2025Q2,Fear,29.714285714285715,34.06666666666667,-5.714285714285715,305,13,Fear
1744176600,18,Extreme Fear,2025-04-09,2025-04-09 05:30:00+00:00,2025,4,Apr,2025Q2,Fear,26.0,34.0,-8.0,305,14,Fear
1744263000,39,Fear,2025-04-10,2025-04-10 05:30:00+00:00,2025,4,Apr,2025Q2,Fear,28.0,34.5,11.0,305,15,Fear
1744349400,25,Fear,2025-04-11,2025-04-11 05:30:00+00:00,2025,4,Apr,2025Q2,Fear,27.571428571428573,34.2,-2.571428571428573,305,16,Fear
1744435800,43,Fear,2025-04-12,2025-04-12 05:30:00+00:00,2025,4,Apr,2025Q2,Fear,29.428571428571427,34.13333333333333,13.571428571428573,305,17,Neutral
1744522200,45,Neutral,2025-04-13,2025-04-13 05:30:00+00:00,2025,4,Apr,2025Q2,Neutral,31.0,34.733333333333334,14.0,306,1,Fear
1744608600,31,Fear,2025-04-14,2025-04-14 05:30:00+00:00,2025,4,Apr,2025Q2,Fear,32.142857142857146,34.233333333333334,-1.142857142857146,307,1,Fear
1744695000,38,Fear,2025-04-15,2025-04-15 05:30:00+00:00,2025,4,Apr,2025Q2,Fear,34.142857142857146,34.5,3.857142857142854,307,2,Fear
1744781400,29,Fear,2025-04-16,2025-04-16 05:30:00+00:00,2025,4,Apr,2025Q2,Fear,35.714285714285715,34.4,-6.714285714285715,307,3,Fear
1744867800,30,Fear,2025-04-17,2025-04-17 05:30:00+00:00,2025,4,Apr,2025Q2,Fear,34.42857142857143,34.266666666666666,-4.428571428571431,307,4,Fear
1744954200,33,Fear,2025-04-18,2025-04-18 05:30:00+00:00,2025,4,Apr,2025Q2,Fear,35.57142857142857,34.3,-2.5714285714285694,307,5,Fear
1745040600,32,Fear,2025-04-19,2025-04-19 05:30:00+00:00,2025,4,Apr,2025Q2,Fear,34.0,33.733333333333334,-2.0,307,6,Fear
1745127000,37,Fear,2025-04-20,2025-04-20 05:30:00+00:00,2025,4,Apr,2025Q2,Fear,32.857142857142854,33.93333333333333,4.142857142857146,307,7,Fear
1745213400,39,Fear,2025-04-21,2025-04-21 05:30:00+00:00,2025,4,Apr,2025Q2,Fear,34.0,34.166666666666664,5.0,307,8,Neutral
1745299800,47,Neutral,2025-04-22,2025-04-22 05:30:00+00:00,2025,4,Apr,2025Q2,Neutral,35.285714285714285,34.733333333333334,11.714285714285715,308,1,Greed
1745386200,72,Greed,2025-04-23,2025-04-23 05:30:00+00:00,2025,4,Apr,2025Q2,Greed,41.42857142857143,35.63333333333333,30.57142857142857,309,1,Greed
1745472600,63,Greed,2025-04-24,2025-04-24 05:30:00+00:00,2025,4,Apr,2025Q2,Greed,46.142857142857146,36.2,16.857142857142854,309,2,Greed
1745559000,60,Greed,2025-04-25,2025-04-25 05:30:00+00:00,2025,4,Apr,2025Q2,Greed,50.0,36.63333333333333,10.0,309,3,Greed
1745645400,65,Greed,2025-04-26,2025-04-26 05:30:00+00:00,2025,4,Apr,2025Q2,Greed,54.714285714285715,37.46666666666667,10.285714285714285,309,4,Greed
1745731800,61,Greed,2025-04-27,2025-04-27 05:30:00+00:00,2025,4,Apr,2025Q2,Greed,58.142857142857146,38.03333333333333,2.857142857142854,309,5,Neutral
1745818200,54,Neutral,2025-04-28,2025-04-28 05:30:00+00:00,2025,4,Apr,2025Q2,Neutral,60.285714285714285,38.96666666666667,-6.285714285714285,310,1,Greed
1745904600,60,Greed,2025-04-29,2025-04-29 05:30:00+00:00,2025,4,Apr,2025Q2,Greed,62.142857142857146,39.9,-2.142857142857146,311,1,Greed
1745991000,56,Greed,2025-04-30,2025-04-30 05:30:00+00:00,2025,4,Apr,2025Q2,Greed,59.857142857142854,40.63333333333333,-3.857142857142854,311,2,Neutral
1746077400,53,Neutral,2025-05-01,2025-05-01 05:30:00+00:00,2025,5,May,2025Q2,Neutral,58.42857142857143,41.266666666666666,-5.428571428571431,312,1,Greed
1746163800,67,Greed,2025-05-02,2025-05-02 05:30:00+00:00,2025,5,May,2025Q2,Greed,59.42857142857143,42.03333333333333,7.571428571428569,313,1,
